#file,onset,offset,#item,word,interval,speaker,sex,phone,language
stimuli_raw/wav/Mrajesh1.wav,14.589660,15.010970,Mrajesh1_1,AKA,1,Mrajesh,M,k,NA
stimuli_raw/wav/Mrajesh1.wav,16.434040,16.840000,Mrajesh1_2,AKA,2,Mrajesh,M,k,NA
stimuli_raw/wav/Mrajesh1.wav,18.245650,18.657600,Mrajesh1_3,AKA,3,Mrajesh,M,k,NA
stimuli_raw/wav/Mrajesh1.wav,35.210000,35.690000,Mrajesh1_4,AKHA,4,Mrajesh,M,kʰ,ENG
stimuli_raw/wav/Mrajesh1.wav,37.050000,37.470000,Mrajesh1_5,AKHA,5,Mrajesh,M,kʰ,ENG
stimuli_raw/wav/Mrajesh1.wav,38.748640,39.214220,Mrajesh1_6,AKHA,6,Mrajesh,M,kʰ,ENG
stimuli_raw/wav/Mrajesh1.wav,53.570000,54.030000,Mrajesh1_7,AGA,7,Mrajesh,M,g,ENG
stimuli_raw/wav/Mrajesh1.wav,55.350000,55.770000,Mrajesh1_8,AGA,8,Mrajesh,M,g,ENG
stimuli_raw/wav/Mrajesh1.wav,57.227470,57.630110,Mrajesh1_9,AGA,9,Mrajesh,M,g,ENG
stimuli_raw/wav/Mrajesh1.wav,70.144590,70.560000,Mrajesh1_10,AGHA,10,Mrajesh,M,ɡʱ,HIN
stimuli_raw/wav/Mrajesh1.wav,71.926800,72.340000,Mrajesh1_11,AGHA,11,Mrajesh,M,ɡʱ,HIN
stimuli_raw/wav/Mrajesh1.wav,73.690000,74.050000,Mrajesh1_12,AGHA,12,Mrajesh,M,ɡʱ,HIN
stimuli_raw/wav/Mrajesh1.wav,95.197260,95.622080,Mrajesh1_13,ATXA,13,Mrajesh,M,t͡ʃ,NA
stimuli_raw/wav/Mrajesh1.wav,97.162020,97.572350,Mrajesh1_14,ATXA,14,Mrajesh,M,t͡ʃ,NA
stimuli_raw/wav/Mrajesh1.wav,98.986780,99.360000,Mrajesh1_15,ATXA,15,Mrajesh,M,t͡ʃ,NA
stimuli_raw/wav/Mrajesh1.wav,102.345760,102.750000,Mrajesh1_16,ATXHA,16,Mrajesh,M,t͡ʃʰ,ENG
stimuli_raw/wav/Mrajesh1.wav,104.154020,104.550000,Mrajesh1_17,ATXHA,17,Mrajesh,M,t͡ʃʰ,ENG
stimuli_raw/wav/Mrajesh1.wav,105.910540,106.350000,Mrajesh1_18,ATXHA,18,Mrajesh,M,t͡ʃʰ,ENG
stimuli_raw/wav/Mrajesh1.wav,108.905050,109.360000,Mrajesh1_19,ADXA,19,Mrajesh,M,d͡ʒ,ENG
stimuli_raw/wav/Mrajesh1.wav,110.786310,111.190000,Mrajesh1_20,ADXA,20,Mrajesh,M,d͡ʒ,ENG
stimuli_raw/wav/Mrajesh1.wav,112.569000,112.950000,Mrajesh1_21,ADXA,21,Mrajesh,M,d͡ʒ,ENG
stimuli_raw/wav/Mrajesh1.wav,115.978030,116.380000,Mrajesh1_22,AZA,22,Mrajesh,M,z,ENG
stimuli_raw/wav/Mrajesh1.wav,117.790490,118.170000,Mrajesh1_23,AZA,23,Mrajesh,M,z,ENG
stimuli_raw/wav/Mrajesh1.wav,119.532550,119.950000,Mrajesh1_24,AZA,24,Mrajesh,M,z,ENG
stimuli_raw/wav/Mrajesh1.wav,122.840000,123.280000,Mrajesh1_25,ADXA,25,Mrajesh,M,d͡ʒ,ENG
stimuli_raw/wav/Mrajesh1.wav,124.775490,125.187960,Mrajesh1_26,ADXHA,26,Mrajesh,M,d͡ʒʱ,HIN
stimuli_raw/wav/Mrajesh1.wav,126.664330,127.060000,Mrajesh1_27,ADXHA,27,Mrajesh,M,d͡ʒʱ,HIN
stimuli_raw/wav/Mrajesh1.wav,130.055530,130.460000,Mrajesh1_28,ATRA,28,Mrajesh,M,ʈ,NA
stimuli_raw/wav/Mrajesh1.wav,131.818280,132.240000,Mrajesh1_29,ATRA,29,Mrajesh,M,ʈ,NA
stimuli_raw/wav/Mrajesh1.wav,133.676310,134.005470,Mrajesh1_30,ATRA,30,Mrajesh,M,ʈ,NA
stimuli_raw/wav/Mrajesh1.wav,137.674620,138.110000,Mrajesh1_31,ATRHA,31,Mrajesh,M,ʈʰ,HIN
stimuli_raw/wav/Mrajesh1.wav,139.688120,140.090000,Mrajesh1_32,ATRHA,32,Mrajesh,M,ʈʰ,HIN
stimuli_raw/wav/Mrajesh1.wav,141.690000,142.090000,Mrajesh1_33,ATRHA,33,Mrajesh,M,ʈʰ,HIN
stimuli_raw/wav/Mrajesh1.wav,145.439700,145.820000,Mrajesh1_34,ADRA,34,Mrajesh,M,ɖ,HIN
stimuli_raw/wav/Mrajesh1.wav,147.260920,147.630000,Mrajesh1_35,ADRA,35,Mrajesh,M,ɖ,HIN
stimuli_raw/wav/Mrajesh1.wav,149.092290,149.459440,Mrajesh1_36,ADRA,36,Mrajesh,M,ɖ,HIN
stimuli_raw/wav/Mrajesh1.wav,152.430250,152.860000,Mrajesh1_37,ADRHA,37,Mrajesh,M,ɖʱ,HIN
stimuli_raw/wav/Mrajesh1.wav,154.301320,154.690000,Mrajesh1_38,ADRHA,38,Mrajesh,M,ɖʱ,HIN
stimuli_raw/wav/Mrajesh1.wav,156.132240,156.520000,Mrajesh1_39,ADRHA,39,Mrajesh,M,ɖʱ,HIN
stimuli_raw/wav/Mrajesh1.wav,161.008860,161.450000,Mrajesh1_40,ATA,40,Mrajesh,M,t,NA
stimuli_raw/wav/Mrajesh1.wav,162.794810,163.190000,Mrajesh1_41,ATA,41,Mrajesh,M,t,NA
stimuli_raw/wav/Mrajesh1.wav,164.658610,164.980000,Mrajesh1_42,ATA,42,Mrajesh,M,t,NA
stimuli_raw/wav/Mrajesh1.wav,168.154440,168.540000,Mrajesh1_43,ATHA,43,Mrajesh,M,tʰ,ENG
stimuli_raw/wav/Mrajesh1.wav,170.007420,170.450000,Mrajesh1_44,ATHA,44,Mrajesh,M,tʰ,ENG
stimuli_raw/wav/Mrajesh1.wav,171.978490,172.350000,Mrajesh1_45,ATHA,45,Mrajesh,M,tʰ,ENG
stimuli_raw/wav/Mrajesh1.wav,179.710000,180.130000,Mrajesh1_46,ADA,46,Mrajesh,M,d,ENG
stimuli_raw/wav/Mrajesh1.wav,181.493730,181.880000,Mrajesh1_47,ADA,47,Mrajesh,M,d,ENG
stimuli_raw/wav/Mrajesh1.wav,183.254950,183.570000,Mrajesh1_48,ADA,48,Mrajesh,M,d,ENG
stimuli_raw/wav/Mrajesh1.wav,190.815630,191.251300,Mrajesh1_49,ADHA,49,Mrajesh,M,dʱ,HIN
stimuli_raw/wav/Mrajesh1.wav,192.645450,193.080000,Mrajesh1_50,ADHA,50,Mrajesh,M,dʱ,HIN
stimuli_raw/wav/Mrajesh1.wav,194.507380,194.906370,Mrajesh1_51,ADHA,51,Mrajesh,M,dʱ,HIN
stimuli_raw/wav/Mrajesh1.wav,198.673580,199.020000,Mrajesh1_52,ABA,52,Mrajesh,M,b,ENG
stimuli_raw/wav/Mrajesh1.wav,200.470000,200.860000,Mrajesh1_53,ANA,53,Mrajesh,M,n,ENG
stimuli_raw/wav/Mrajesh1.wav,202.370830,202.710000,Mrajesh1_54,ANA,54,Mrajesh,M,n,ENG
stimuli_raw/wav/Mrajesh1.wav,205.833980,206.276320,Mrajesh1_55,APA,55,Mrajesh,M,p,NA
stimuli_raw/wav/Mrajesh1.wav,207.727760,208.090000,Mrajesh1_56,APA,56,Mrajesh,M,p,NA
stimuli_raw/wav/Mrajesh1.wav,209.575460,209.910000,Mrajesh1_57,APA,57,Mrajesh,M,p,NA
stimuli_raw/wav/Mrajesh1.wav,213.730020,214.130000,Mrajesh1_58,APHA,58,Mrajesh,M,pʰ,NA
stimuli_raw/wav/Mrajesh1.wav,215.599560,216.030000,Mrajesh1_59,APHA,59,Mrajesh,M,pʰ,NA
stimuli_raw/wav/Mrajesh1.wav,217.544820,217.970000,Mrajesh1_60,APHA,60,Mrajesh,M,pʰ,NA
stimuli_raw/wav/Mrajesh1.wav,222.020000,222.410000,Mrajesh1_61,ABA,61,Mrajesh,M,b,ENG
stimuli_raw/wav/Mrajesh1.wav,223.870000,224.250000,Mrajesh1_62,ABA,62,Mrajesh,M,b,ENG
stimuli_raw/wav/Mrajesh1.wav,225.770000,226.190000,Mrajesh1_63,ABA,63,Mrajesh,M,b,ENG
stimuli_raw/wav/Mrajesh1.wav,230.391510,230.760000,Mrajesh1_64,ABHA,64,Mrajesh,M,bʱ,HIN
stimuli_raw/wav/Mrajesh1.wav,232.250190,232.680000,Mrajesh1_65,ABHA,65,Mrajesh,M,bʱ,HIN
stimuli_raw/wav/Mrajesh1.wav,234.081740,234.520000,Mrajesh1_66,ABHA,66,Mrajesh,M,bʱ,HIN
stimuli_raw/wav/Mrajesh1.wav,238.800000,239.160000,Mrajesh1_67,AMA,67,Mrajesh,M,m,ENG
stimuli_raw/wav/Mrajesh1.wav,240.720000,241.050000,Mrajesh1_68,AMA,68,Mrajesh,M,m,ENG
stimuli_raw/wav/Mrajesh1.wav,242.610000,242.910000,Mrajesh1_69,AMA,69,Mrajesh,M,m,ENG
stimuli_raw/wav/Mrajesh1.wav,246.880000,247.270770,Mrajesh1_70,AJA,70,Mrajesh,M,j,ENG
stimuli_raw/wav/Mrajesh1.wav,248.716400,249.084990,Mrajesh1_71,AJA,71,Mrajesh,M,j,ENG
stimuli_raw/wav/Mrajesh1.wav,250.590000,250.910000,Mrajesh1_72,AJA,72,Mrajesh,M,j,ENG
stimuli_raw/wav/Mrajesh1.wav,254.443510,254.830000,Mrajesh1_73,ARA,73,Mrajesh,M,ɾ,ENG
stimuli_raw/wav/Mrajesh1.wav,256.260000,256.690000,Mrajesh1_74,ARA,74,Mrajesh,M,ɾ,ENG
stimuli_raw/wav/Mrajesh1.wav,258.257190,258.600000,Mrajesh1_75,ARA,75,Mrajesh,M,ɾ,ENG
stimuli_raw/wav/Mrajesh1.wav,263.887660,264.255480,Mrajesh1_76,ALA,76,Mrajesh,M,l,ENG
stimuli_raw/wav/Mrajesh1.wav,265.600000,266.022830,Mrajesh1_77,ALA,77,Mrajesh,M,l,ENG
stimuli_raw/wav/Mrajesh1.wav,267.462720,267.830000,Mrajesh1_78,ALA,78,Mrajesh,M,l,ENG
stimuli_raw/wav/Mrajesh1.wav,271.460810,271.850000,Mrajesh1_79,AVLA,79,Mrajesh,M,ʋ,NA
stimuli_raw/wav/Mrajesh1.wav,273.317660,273.690000,Mrajesh1_80,AVLA,80,Mrajesh,M,ʋ,NA
stimuli_raw/wav/Mrajesh1.wav,275.234410,275.600000,Mrajesh1_81,AVLA,81,Mrajesh,M,ʋ,NA
stimuli_raw/wav/Mrajesh1.wav,281.564310,281.960000,Mrajesh1_82,AXA,82,Mrajesh,M,ʃ,ENG
stimuli_raw/wav/Mrajesh1.wav,283.331770,283.760000,Mrajesh1_83,AXA,83,Mrajesh,M,ʃ,ENG
stimuli_raw/wav/Mrajesh1.wav,285.248080,285.640000,Mrajesh1_84,AXA,84,Mrajesh,M,ʃ,ENG
stimuli_raw/wav/Mrajesh1.wav,289.553290,289.970000,Mrajesh1_85,AXRA,85,Mrajesh,M,ʂ,NA
stimuli_raw/wav/Mrajesh1.wav,291.351430,291.730000,Mrajesh1_86,AXRA,86,Mrajesh,M,ʂ,NA
stimuli_raw/wav/Mrajesh1.wav,293.058030,293.450000,Mrajesh1_87,AXRA,87,Mrajesh,M,ʂ,NA
stimuli_raw/wav/Mrajesh1.wav,297.060560,297.460000,Mrajesh1_88,ASA,88,Mrajesh,M,s,ENG
stimuli_raw/wav/Mrajesh1.wav,298.822320,299.190000,Mrajesh1_89,ASA,89,Mrajesh,M,s,ENG
stimuli_raw/wav/Mrajesh1.wav,300.575550,300.960000,Mrajesh1_90,ASA,90,Mrajesh,M,s,ENG
stimuli_raw/wav/Mrajesh1.wav,304.365260,304.730000,Mrajesh1_91,AHHA,91,Mrajesh,M,ɦ,ENG
stimuli_raw/wav/Mrajesh1.wav,306.150000,306.580000,Mrajesh1_92,AHHA,92,Mrajesh,M,ɦ,ENG
stimuli_raw/wav/Mrajesh1.wav,308.057480,308.451330,Mrajesh1_93,AHHA,93,Mrajesh,M,ɦ,ENG
stimuli_raw/wav/Mrajesh1.wav,311.411910,311.784420,Mrajesh1_94,ARRA,94,Mrajesh,M,ɣ,HIN
stimuli_raw/wav/Mrajesh1.wav,313.171250,313.611040,Mrajesh1_95,ARRA,95,Mrajesh,M,ɣ,HIN
stimuli_raw/wav/Mrajesh1.wav,315.020570,315.403850,Mrajesh1_96,ARRA,96,Mrajesh,M,ɣ,HIN
stimuli_raw/wav/Mrajesh1.wav,318.319940,318.793510,Mrajesh1_97,ARHA,97,Mrajesh,M,x,HIN
stimuli_raw/wav/Mrajesh1.wav,319.994350,320.518660,Mrajesh1_98,ARHA,98,Mrajesh,M,x,HIN
stimuli_raw/wav/Mrajesh1.wav,321.781710,322.243800,Mrajesh1_99,ARHA,99,Mrajesh,M,x,HIN
stimuli_raw/wav/Mrajesh1.wav,326.934030,327.338480,Mrajesh1_100,ARTHA,100,Mrajesh,M,ɽʱ,HIN
stimuli_raw/wav/Mrajesh1.wav,328.691540,329.165110,Mrajesh1_101,ARTHA,101,Mrajesh,M,ɽʱ,HIN
stimuli_raw/wav/Mrajesh1.wav,330.605770,331.025570,Mrajesh1_102,ARTHA,102,Mrajesh,M,ɽʱ,HIN
stimuli_raw/wav/Mrajesh1.wav,336.571150,336.990440,Mrajesh1_103,ARTA,103,Mrajesh,M,ɽ,HIN
stimuli_raw/wav/Mrajesh1.wav,338.333980,338.698980,Mrajesh1_104,ARTA,104,Mrajesh,M,ɽ,HIN
stimuli_raw/wav/Mrajesh1.wav,340.153510,340.559430,Mrajesh1_105,ARTA,105,Mrajesh,M,ɽ,HIN
stimuli_raw/wav/Mrajesh1.wav,344.127690,344.549760,Mrajesh1_106,ANRA,106,Mrajesh,M,ɳ,HIN
stimuli_raw/wav/Mrajesh1.wav,345.910350,346.342560,Mrajesh1_107,ANRA,107,Mrajesh,M,ɳ,HIN
stimuli_raw/wav/Mrajesh1.wav,347.746090,348.084620,Mrajesh1_108,ANRA,108,Mrajesh,M,ɳ,HIN
stimuli_raw/wav/FNiralee2.wav,8.390000,8.930000,FNiralee2_1,AKA,1,FNiralee,F,k,NA
stimuli_raw/wav/FNiralee2.wav,10.700000,11.280000,FNiralee2_2,AKA,2,FNiralee,F,k,NA
stimuli_raw/wav/FNiralee2.wav,13.057430,13.550000,FNiralee2_3,AKA,3,FNiralee,F,k,NA
stimuli_raw/wav/FNiralee2.wav,17.150000,17.810000,FNiralee2_4,AKHA,4,FNiralee,F,kʰ,ENG
stimuli_raw/wav/FNiralee2.wav,19.699670,20.287240,FNiralee2_5,AKHA,5,FNiralee,F,kʰ,ENG
stimuli_raw/wav/FNiralee2.wav,22.245800,22.800000,FNiralee2_6,AKHA,6,FNiralee,F,kʰ,ENG
stimuli_raw/wav/FNiralee2.wav,26.400000,26.960000,FNiralee2_7,AGA,7,FNiralee,F,g,ENG
stimuli_raw/wav/FNiralee2.wav,28.740000,29.364200,FNiralee2_8,AGA,8,FNiralee,F,g,ENG
stimuli_raw/wav/FNiralee2.wav,31.150880,31.740540,FNiralee2_9,AGA,9,FNiralee,F,g,ENG
stimuli_raw/wav/FNiralee2.wav,42.979590,43.524510,FNiralee2_10,AGHA,10,FNiralee,F,ɡʱ,HIN
stimuli_raw/wav/FNiralee2.wav,45.511870,46.101660,FNiralee2_11,AGHA,11,FNiralee,F,ɡʱ,HIN
stimuli_raw/wav/FNiralee2.wav,48.250000,48.883960,FNiralee2_12,AGHA,12,FNiralee,F,ɡʱ,HIN
stimuli_raw/wav/FNiralee2.wav,52.190000,52.687770,FNiralee2_13,ATXA,13,FNiralee,F,t͡ʃ,NA
stimuli_raw/wav/FNiralee2.wav,54.510000,55.010000,FNiralee2_14,ATXA,14,FNiralee,F,t͡ʃ,NA
stimuli_raw/wav/FNiralee2.wav,56.880000,57.381370,FNiralee2_15,ATXA,15,FNiralee,F,t͡ʃ,NA
stimuli_raw/wav/FNiralee2.wav,61.120000,61.656020,FNiralee2_16,ATXHA,16,FNiralee,F,t͡ʃʰ,ENG
stimuli_raw/wav/FNiralee2.wav,63.480000,64.010500,FNiralee2_17,ATXHA,17,FNiralee,F,t͡ʃʰ,ENG
stimuli_raw/wav/FNiralee2.wav,65.870000,66.370630,FNiralee2_18,ATXHA,18,FNiralee,F,t͡ʃʰ,ENG
stimuli_raw/wav/FNiralee2.wav,69.840000,70.316380,FNiralee2_19,ADXA,19,FNiralee,F,d͡ʒ,ENG
stimuli_raw/wav/FNiralee2.wav,72.150000,72.696190,FNiralee2_20,ADXA,20,FNiralee,F,d͡ʒ,ENG
stimuli_raw/wav/FNiralee2.wav,74.570000,75.076000,FNiralee2_21,ADXA,21,FNiralee,F,d͡ʒ,ENG
stimuli_raw/wav/FNiralee2.wav,78.700000,79.237490,FNiralee2_22,AZA,22,FNiralee,F,z,ENG
stimuli_raw/wav/FNiralee2.wav,81.110000,81.656120,FNiralee2_23,AZA,23,FNiralee,F,z,ENG
stimuli_raw/wav/FNiralee2.wav,83.330000,83.894510,FNiralee2_24,AZA,24,FNiralee,F,z,ENG
stimuli_raw/wav/FNiralee2.wav,93.500000,94.091030,FNiralee2_25,ADXHA,25,FNiralee,F,d͡ʒʱ,HIN
stimuli_raw/wav/FNiralee2.wav,95.940000,96.490000,FNiralee2_26,ADXHA,26,FNiralee,F,d͡ʒʱ,HIN
stimuli_raw/wav/FNiralee2.wav,98.266820,98.820000,FNiralee2_27,ADXHA,27,FNiralee,F,d͡ʒʱ,HIN
stimuli_raw/wav/FNiralee2.wav,102.255330,102.758260,FNiralee2_28,ATRA,28,FNiralee,F,ʈ,NA
stimuli_raw/wav/FNiralee2.wav,104.500000,105.010000,FNiralee2_29,ATRA,29,FNiralee,F,ʈ,NA
stimuli_raw/wav/FNiralee2.wav,106.865480,107.360000,FNiralee2_30,ATRA,30,FNiralee,F,ʈ,NA
stimuli_raw/wav/FNiralee2.wav,114.909410,115.430000,FNiralee2_31,ATRHA,31,FNiralee,F,ʈʰ,HIN
stimuli_raw/wav/FNiralee2.wav,117.367690,117.900000,FNiralee2_32,ATRHA,32,FNiralee,F,ʈʰ,HIN
stimuli_raw/wav/FNiralee2.wav,119.820040,120.372260,FNiralee2_33,ATRHA,33,FNiralee,F,ʈʰ,HIN
stimuli_raw/wav/FNiralee2.wav,123.685660,124.181700,FNiralee2_34,ADRA,34,FNiralee,F,ɖ,HIN
stimuli_raw/wav/FNiralee2.wav,126.164750,126.676100,FNiralee2_35,ADRA,35,FNiralee,F,ɖ,HIN
stimuli_raw/wav/FNiralee2.wav,128.585370,129.075470,FNiralee2_36,ADRA,36,FNiralee,F,ɖ,HIN
stimuli_raw/wav/FNiralee2.wav,132.376370,132.920900,FNiralee2_37,ADRHA,37,FNiralee,F,ɖʱ,HIN
stimuli_raw/wav/FNiralee2.wav,134.745370,135.243760,FNiralee2_38,ADRHA,38,FNiralee,F,ɖʱ,HIN
stimuli_raw/wav/FNiralee2.wav,137.224150,137.750000,FNiralee2_39,ADRHA,39,FNiralee,F,ɖʱ,HIN
stimuli_raw/wav/FNiralee2.wav,142.178830,142.660000,FNiralee2_40,ATA,40,FNiralee,F,t,NA
stimuli_raw/wav/FNiralee2.wav,144.499480,144.970000,FNiralee2_41,ATA,41,FNiralee,F,t,NA
stimuli_raw/wav/FNiralee2.wav,146.970000,147.470000,FNiralee2_42,ATA,42,FNiralee,F,t,NA
stimuli_raw/wav/FNiralee2.wav,151.121300,151.600000,FNiralee2_43,ATHA,43,FNiralee,F,tʰ,ENG
stimuli_raw/wav/FNiralee2.wav,153.307760,153.790000,FNiralee2_44,ATHA,44,FNiralee,F,tʰ,ENG
stimuli_raw/wav/FNiralee2.wav,155.727360,156.258280,FNiralee2_45,ATHA,45,FNiralee,F,tʰ,ENG
stimuli_raw/wav/FNiralee2.wav,159.217170,159.693370,FNiralee2_46,ADA,46,FNiralee,F,d,ENG
stimuli_raw/wav/FNiralee2.wav,162.019840,162.440440,FNiralee2_47,ADA,47,FNiralee,F,d,ENG
stimuli_raw/wav/FNiralee2.wav,164.702640,165.190000,FNiralee2_48,ADA,48,FNiralee,F,d,ENG
stimuli_raw/wav/FNiralee2.wav,173.711770,174.240000,FNiralee2_49,ADHA,49,FNiralee,F,dʱ,HIN
stimuli_raw/wav/FNiralee2.wav,176.129670,176.650000,FNiralee2_50,ADHA,50,FNiralee,F,dʱ,HIN
stimuli_raw/wav/FNiralee2.wav,178.524050,179.070000,FNiralee2_51,ADHA,51,FNiralee,F,dʱ,HIN
stimuli_raw/wav/FNiralee2.wav,182.637030,183.070000,FNiralee2_52,ANA,52,FNiralee,F,n,ENG
stimuli_raw/wav/FNiralee2.wav,184.880000,185.380000,FNiralee2_53,ANA,53,FNiralee,F,n,ENG
stimuli_raw/wav/FNiralee2.wav,187.141280,187.650000,FNiralee2_54,ANA,54,FNiralee,F,n,ENG
stimuli_raw/wav/FNiralee2.wav,190.850000,191.324780,FNiralee2_55,APA,55,FNiralee,F,p,NA
stimuli_raw/wav/FNiralee2.wav,193.170000,193.670000,FNiralee2_56,APA,56,FNiralee,F,p,NA
stimuli_raw/wav/FNiralee2.wav,195.580000,196.060000,FNiralee2_57,APA,57,FNiralee,F,p,NA
stimuli_raw/wav/FNiralee2.wav,199.150000,199.719590,FNiralee2_58,APHA,58,FNiralee,F,pʰ,NA
stimuli_raw/wav/FNiralee2.wav,201.593880,202.080000,FNiralee2_59,APHA,59,FNiralee,F,pʰ,NA
stimuli_raw/wav/FNiralee2.wav,203.980400,204.546320,FNiralee2_60,APHA,60,FNiralee,F,pʰ,NA
stimuli_raw/wav/FNiralee2.wav,208.521120,209.033070,FNiralee2_61,ABA,61,FNiralee,F,b,ENG
stimuli_raw/wav/FNiralee2.wav,210.862270,211.320000,FNiralee2_62,ABA,62,FNiralee,F,b,ENG
stimuli_raw/wav/FNiralee2.wav,213.111390,213.620000,FNiralee2_63,ABA,63,FNiralee,F,b,ENG
stimuli_raw/wav/FNiralee2.wav,229.617350,230.124980,FNiralee2_64,ABHA,64,FNiralee,F,bʱ,HIN
stimuli_raw/wav/FNiralee2.wav,231.855970,232.330000,FNiralee2_65,ABHA,65,FNiralee,F,bʱ,HIN
stimuli_raw/wav/FNiralee2.wav,234.027590,234.520000,FNiralee2_66,ABH,66,FNiralee,F,NA,NA
stimuli_raw/wav/FNiralee2.wav,238.070000,238.510000,FNiralee2_67,AJA,67,FNiralee,F,j,ENG
stimuli_raw/wav/FNiralee2.wav,240.372790,240.820000,FNiralee2_68,AJA,68,FNiralee,F,j,ENG
stimuli_raw/wav/FNiralee2.wav,242.710000,243.190000,FNiralee2_69,AJA,69,FNiralee,F,j,ENG
stimuli_raw/wav/FNiralee2.wav,293.590000,294.140000,FNiralee2_70,AMA,70,FNiralee,F,m,ENG
stimuli_raw/wav/FNiralee2.wav,296.210000,296.780000,FNiralee2_71,AMA,71,FNiralee,F,m,ENG
stimuli_raw/wav/FNiralee2.wav,298.810000,299.430000,FNiralee2_72,AMA,72,FNiralee,F,m,ENG
stimuli_raw/wav/FNiralee2.wav,302.620000,303.080000,FNiralee2_73,ARA,73,FNiralee,F,ɾ,ENG
stimuli_raw/wav/FNiralee2.wav,305.146300,305.535420,FNiralee2_74,ARA,74,FNiralee,F,ɾ,ENG
stimuli_raw/wav/FNiralee2.wav,307.580000,308.060000,FNiralee2_75,ARA,75,FNiralee,F,ɾ,ENG
stimuli_raw/wav/FNiralee2.wav,311.104140,311.569190,FNiralee2_76,ALA,76,FNiralee,F,l,ENG
stimuli_raw/wav/FNiralee2.wav,313.516220,313.950270,FNiralee2_77,ALA,77,FNiralee,F,l,ENG
stimuli_raw/wav/FNiralee2.wav,316.157740,316.628990,FNiralee2_78,ALA,78,FNiralee,F,l,ENG
stimuli_raw/wav/FNiralee2.wav,319.770000,320.220000,FNiralee2_79,AVLA,79,FNiralee,F,ʋ,NA
stimuli_raw/wav/FNiralee2.wav,322.110000,322.550000,FNiralee2_80,AVLA,80,FNiralee,F,ʋ,NA
stimuli_raw/wav/FNiralee2.wav,324.530000,325.010000,FNiralee2_81,AVLA,81,FNiralee,F,ʋ,NA
stimuli_raw/wav/FNiralee2.wav,330.920000,331.406320,FNiralee2_82,AXA,82,FNiralee,F,ʃ,ENG
stimuli_raw/wav/FNiralee2.wav,333.350000,333.849780,FNiralee2_83,AXA,83,FNiralee,F,ʃ,ENG
stimuli_raw/wav/FNiralee2.wav,335.740000,336.210000,FNiralee2_84,AXA,84,FNiralee,F,ʃ,ENG
stimuli_raw/wav/FNiralee2.wav,339.068480,339.598590,FNiralee2_85,AXRA,85,FNiralee,F,ʂ,NA
stimuli_raw/wav/FNiralee2.wav,341.352010,341.887940,FNiralee2_86,AXRA,86,FNiralee,F,ʂ,NA
stimuli_raw/wav/FNiralee2.wav,343.798650,344.322930,FNiralee2_87,AXRA,87,FNiralee,F,ʂ,NA
stimuli_raw/wav/FNiralee2.wav,347.600000,348.084240,FNiralee2_88,ASA,88,FNiralee,F,s,ENG
stimuli_raw/wav/FNiralee2.wav,350.170280,350.628340,FNiralee2_89,ASA,89,FNiralee,F,s,ENG
stimuli_raw/wav/FNiralee2.wav,352.671050,353.178630,FNiralee2_90,ASA,90,FNiralee,F,s,ENG
stimuli_raw/wav/FNiralee2.wav,357.270000,357.750000,FNiralee2_91,AHHA,91,FNiralee,F,ɦ,ENG
stimuli_raw/wav/FNiralee2.wav,359.610240,360.100000,FNiralee2_92,AHHA,92,FNiralee,F,ɦ,ENG
stimuli_raw/wav/FNiralee2.wav,362.161670,362.660000,FNiralee2_93,AHHA,93,FNiralee,F,ɦ,ENG
stimuli_raw/wav/FNiralee2.wav,365.783670,366.290000,FNiralee2_94,ARRA,94,FNiralee,F,ɣ,HIN
stimuli_raw/wav/FNiralee2.wav,368.243210,368.758260,FNiralee2_95,ARRA,95,FNiralee,F,ɣ,HIN
stimuli_raw/wav/FNiralee2.wav,370.598580,371.113630,FNiralee2_96,ARRA,96,FNiralee,F,ɣ,HIN
stimuli_raw/wav/FNiralee2.wav,374.848590,375.367780,FNiralee2_97,ARHA,97,FNiralee,F,x,HIN
stimuli_raw/wav/FNiralee2.wav,377.170670,377.688960,FNiralee2_98,ARHA,98,FNiralee,F,x,HIN
stimuli_raw/wav/FNiralee2.wav,379.540830,380.125180,FNiralee2_99,ARHA,99,FNiralee,F,x,HIN
stimuli_raw/wav/FNiralee2.wav,385.260140,385.733130,FNiralee2_100,ARTHA,100,FNiralee,F,ɽʱ,HIN
stimuli_raw/wav/FNiralee2.wav,387.583060,388.052870,FNiralee2_101,ARTHA,101,FNiralee,F,ɽʱ,HIN
stimuli_raw/wav/FNiralee2.wav,389.880540,390.362870,FNiralee2_102,ARTHA,102,FNiralee,F,ɽʱ,HIN
stimuli_raw/wav/FNiralee2.wav,396.541950,396.956170,FNiralee2_103,ARTA,103,FNiralee,F,ɽ,HIN
stimuli_raw/wav/FNiralee2.wav,398.965710,399.374330,FNiralee2_104,ARTA,104,FNiralee,F,ɽ,HIN
stimuli_raw/wav/FNiralee2.wav,401.419200,401.842870,FNiralee2_105,ARTA,105,FNiralee,F,ɽ,HIN
stimuli_raw/wav/FNiralee2.wav,404.864210,405.257260,FNiralee2_106,ANRA,106,FNiralee,F,ɳ,HIN
stimuli_raw/wav/FNiralee2.wav,406.983050,407.464440,FNiralee2_107,ANRA,107,FNiralee,F,ɳ,HIN
stimuli_raw/wav/FNiralee2.wav,409.341660,409.814470,FNiralee2_108,ANRA,108,FNiralee,F,ɳ,HIN
stimuli_raw/wav/Fsakshi2.wav,30.490000,30.910000,Fsakshi2_1,AKA,1,Fsakshi,F,k,NA
stimuli_raw/wav/Fsakshi2.wav,32.490000,32.870000,Fsakshi2_2,AKA,2,Fsakshi,F,k,NA
stimuli_raw/wav/Fsakshi2.wav,34.690000,35.120000,Fsakshi2_3,AKA,3,Fsakshi,F,k,NA
stimuli_raw/wav/Fsakshi2.wav,38.650000,39.070000,Fsakshi2_4,AKHA,4,Fsakshi,F,kʰ,ENG
stimuli_raw/wav/Fsakshi2.wav,40.940000,41.400000,Fsakshi2_5,AKHA,5,Fsakshi,F,kʰ,ENG
stimuli_raw/wav/Fsakshi2.wav,43.290000,43.740000,Fsakshi2_6,AKHA,6,Fsakshi,F,kʰ,ENG
stimuli_raw/wav/Fsakshi2.wav,50.350000,50.780000,Fsakshi2_7,AGA,7,Fsakshi,F,g,ENG
stimuli_raw/wav/Fsakshi2.wav,52.380000,52.780000,Fsakshi2_8,AGA,8,Fsakshi,F,g,ENG
stimuli_raw/wav/Fsakshi2.wav,54.520000,55.010000,Fsakshi2_9,AGA,9,Fsakshi,F,g,ENG
stimuli_raw/wav/Fsakshi2.wav,58.970000,59.400000,Fsakshi2_10,AGHA,10,Fsakshi,F,ɡʱ,HIN
stimuli_raw/wav/Fsakshi2.wav,61.020000,61.460000,Fsakshi2_11,AGHA,11,Fsakshi,F,ɡʱ,HIN
stimuli_raw/wav/Fsakshi2.wav,63.180000,63.600000,Fsakshi2_12,AGHA,12,Fsakshi,F,ɡʱ,HIN
stimuli_raw/wav/Fsakshi2.wav,70.818940,71.110000,Fsakshi2_13,ATXA,13,Fsakshi,F,t͡ʃ,NA
stimuli_raw/wav/Fsakshi2.wav,72.800000,73.130000,Fsakshi2_14,ATXA,14,Fsakshi,F,t͡ʃ,NA
stimuli_raw/wav/Fsakshi2.wav,74.960000,75.240000,Fsakshi2_15,ATXA,15,Fsakshi,F,t͡ʃ,NA
stimuli_raw/wav/Fsakshi2.wav,83.874060,84.290000,Fsakshi2_16,ATXHA,16,Fsakshi,F,t͡ʃʰ,ENG
stimuli_raw/wav/Fsakshi2.wav,86.160000,86.430000,Fsakshi2_17,ATXHA,17,Fsakshi,F,t͡ʃʰ,ENG
stimuli_raw/wav/Fsakshi2.wav,88.170000,88.610000,Fsakshi2_18,ATXHA,18,Fsakshi,F,t͡ʃʰ,ENG
stimuli_raw/wav/Fsakshi2.wav,94.930000,95.190000,Fsakshi2_19,ADXA,19,Fsakshi,F,d͡ʒ,ENG
stimuli_raw/wav/Fsakshi2.wav,97.100000,97.480000,Fsakshi2_20,ADXA,20,Fsakshi,F,d͡ʒ,ENG
stimuli_raw/wav/Fsakshi2.wav,99.390000,99.770000,Fsakshi2_21,ADXA,21,Fsakshi,F,d͡ʒ,ENG
stimuli_raw/wav/Fsakshi2.wav,106.540000,106.810000,Fsakshi2_22,AZA,22,Fsakshi,F,z,ENG
stimuli_raw/wav/Fsakshi2.wav,108.890000,109.310000,Fsakshi2_23,AZA,23,Fsakshi,F,z,ENG
stimuli_raw/wav/Fsakshi2.wav,111.350000,111.580000,Fsakshi2_24,AZA,24,Fsakshi,F,z,ENG
stimuli_raw/wav/Fsakshi2.wav,116.799860,117.100000,Fsakshi2_25,ADXHA,25,Fsakshi,F,d͡ʒʱ,HIN
stimuli_raw/wav/Fsakshi2.wav,118.940000,119.210000,Fsakshi2_26,ADXHA,26,Fsakshi,F,d͡ʒʱ,HIN
stimuli_raw/wav/Fsakshi2.wav,121.126360,121.440000,Fsakshi2_27,ADXHA,27,Fsakshi,F,d͡ʒʱ,HIN
stimuli_raw/wav/Fsakshi2.wav,129.655660,129.960000,Fsakshi2_28,ATRA,28,Fsakshi,F,ʈ,NA
stimuli_raw/wav/Fsakshi2.wav,131.805830,132.110000,Fsakshi2_29,ATRA,29,Fsakshi,F,ʈ,NA
stimuli_raw/wav/Fsakshi2.wav,133.930000,134.350000,Fsakshi2_30,ATRA,30,Fsakshi,F,ʈ,NA
stimuli_raw/wav/Fsakshi2.wav,141.420000,141.860000,Fsakshi2_31,ATRHA,31,Fsakshi,F,ʈʰ,HIN
stimuli_raw/wav/Fsakshi2.wav,143.610000,143.980000,Fsakshi2_32,ATRHA,32,Fsakshi,F,ʈʰ,HIN
stimuli_raw/wav/Fsakshi2.wav,145.655750,146.020000,Fsakshi2_33,ATRHA,33,Fsakshi,F,ʈʰ,HIN
stimuli_raw/wav/Fsakshi2.wav,153.932550,154.250000,Fsakshi2_34,ADRA,34,Fsakshi,F,ɖ,HIN
stimuli_raw/wav/Fsakshi2.wav,155.994120,156.350000,Fsakshi2_35,ADRA,35,Fsakshi,F,ɖ,HIN
stimuli_raw/wav/Fsakshi2.wav,158.217600,158.510000,Fsakshi2_36,ADRA,36,Fsakshi,F,ɖ,HIN
stimuli_raw/wav/Fsakshi2.wav,165.068570,165.410000,Fsakshi2_37,ADRA,37,Fsakshi,F,ɖ,HIN
stimuli_raw/wav/Fsakshi2.wav,167.241350,167.590000,Fsakshi2_38,ADRA,38,Fsakshi,F,ɖ,HIN
stimuli_raw/wav/Fsakshi2.wav,169.910000,170.320000,Fsakshi2_39,ADRA,39,Fsakshi,F,ɖ,HIN
stimuli_raw/wav/Fsakshi2.wav,177.790000,178.190000,Fsakshi2_40,ATA,40,Fsakshi,F,t,NA
stimuli_raw/wav/Fsakshi2.wav,180.000000,180.410000,Fsakshi2_41,ATA,41,Fsakshi,F,t,NA
stimuli_raw/wav/Fsakshi2.wav,182.200000,182.620000,Fsakshi2_42,ATA,42,Fsakshi,F,t,NA
stimuli_raw/wav/Fsakshi2.wav,190.420000,190.850000,Fsakshi2_43,ATHA,43,Fsakshi,F,tʰ,ENG
stimuli_raw/wav/Fsakshi2.wav,192.550000,192.960000,Fsakshi2_44,ATHA,44,Fsakshi,F,tʰ,ENG
stimuli_raw/wav/Fsakshi2.wav,194.844750,195.170000,Fsakshi2_45,ATHA,45,Fsakshi,F,tʰ,ENG
stimuli_raw/wav/Fsakshi2.wav,200.943550,201.220000,Fsakshi2_46,ADA,46,Fsakshi,F,d,ENG
stimuli_raw/wav/Fsakshi2.wav,203.007960,203.280000,Fsakshi2_47,ADA,47,Fsakshi,F,d,ENG
stimuli_raw/wav/Fsakshi2.wav,205.245720,205.560000,Fsakshi2_48,ADA,48,Fsakshi,F,d,ENG
stimuli_raw/wav/Fsakshi2.wav,212.336050,212.660000,Fsakshi2_49,ADHA,49,Fsakshi,F,dʱ,HIN
stimuli_raw/wav/Fsakshi2.wav,214.458480,214.737460,Fsakshi2_50,ADHA,50,Fsakshi,F,dʱ,HIN
stimuli_raw/wav/Fsakshi2.wav,216.680000,217.120000,Fsakshi2_51,ADHA,51,Fsakshi,F,dʱ,HIN
stimuli_raw/wav/Fsakshi2.wav,224.580000,224.960000,Fsakshi2_52,ANA,52,Fsakshi,F,n,ENG
stimuli_raw/wav/Fsakshi2.wav,226.800000,227.190000,Fsakshi2_53,ANA,53,Fsakshi,F,n,ENG
stimuli_raw/wav/Fsakshi2.wav,229.070000,229.460000,Fsakshi2_54,ANA,54,Fsakshi,F,n,ENG
stimuli_raw/wav/Fsakshi2.wav,234.280000,234.700000,Fsakshi2_55,APA,55,Fsakshi,F,p,NA
stimuli_raw/wav/Fsakshi2.wav,236.860000,237.260000,Fsakshi2_56,APA,56,Fsakshi,F,p,NA
stimuli_raw/wav/Fsakshi2.wav,239.400000,239.790000,Fsakshi2_57,APA,57,Fsakshi,F,p,NA
stimuli_raw/wav/Fsakshi2.wav,247.202640,247.560000,Fsakshi2_58,APHA,58,Fsakshi,F,pʰ,NA
stimuli_raw/wav/Fsakshi2.wav,249.290000,249.730000,Fsakshi2_59,APHA,59,Fsakshi,F,pʰ,NA
stimuli_raw/wav/Fsakshi2.wav,251.640000,252.020000,Fsakshi2_60,APHA,60,Fsakshi,F,pʰ,NA
stimuli_raw/wav/Fsakshi2.wav,258.280000,258.670000,Fsakshi2_61,ABA,61,Fsakshi,F,b,ENG
stimuli_raw/wav/Fsakshi2.wav,260.760000,261.185330,Fsakshi2_62,ABA,62,Fsakshi,F,b,ENG
stimuli_raw/wav/Fsakshi2.wav,264.000000,264.370000,Fsakshi2_63,ABA,63,Fsakshi,F,b,ENG
stimuli_raw/wav/Fsakshi2.wav,270.070000,270.460000,Fsakshi2_64,ABHA,64,Fsakshi,F,bʱ,HIN
stimuli_raw/wav/Fsakshi2.wav,272.140000,272.590000,Fsakshi2_65,ABHA,65,Fsakshi,F,bʱ,HIN
stimuli_raw/wav/Fsakshi2.wav,274.390000,274.860000,Fsakshi2_66,ABHA,66,Fsakshi,F,bʱ,HIN
stimuli_raw/wav/Fsakshi2.wav,282.113850,282.460000,Fsakshi2_67,AMA,67,Fsakshi,F,m,ENG
stimuli_raw/wav/Fsakshi2.wav,284.300000,284.720000,Fsakshi2_68,AMA,68,Fsakshi,F,m,ENG
stimuli_raw/wav/Fsakshi2.wav,286.672000,287.060000,Fsakshi2_69,AMA,69,Fsakshi,F,m,ENG
stimuli_raw/wav/Fsakshi2.wav,293.876680,294.200000,Fsakshi2_70,AJA,70,Fsakshi,F,j,ENG
stimuli_raw/wav/Fsakshi2.wav,295.950000,296.390000,Fsakshi2_71,AJA,71,Fsakshi,F,j,ENG
stimuli_raw/wav/Fsakshi2.wav,298.270000,298.630000,Fsakshi2_72,AJA,72,Fsakshi,F,j,ENG
stimuli_raw/wav/Fsakshi2.wav,305.220000,305.620000,Fsakshi2_73,ARA,73,Fsakshi,F,ɾ,ENG
stimuli_raw/wav/Fsakshi2.wav,307.760000,308.170000,Fsakshi2_74,ARA,74,Fsakshi,F,ɾ,ENG
stimuli_raw/wav/Fsakshi2.wav,311.185130,311.490000,Fsakshi2_75,ARA,75,Fsakshi,F,ɾ,ENG
stimuli_raw/wav/Fsakshi2.wav,317.671890,318.020000,Fsakshi2_76,ALA,76,Fsakshi,F,l,ENG
stimuli_raw/wav/Fsakshi2.wav,320.078870,320.380000,Fsakshi2_77,ALA,77,Fsakshi,F,l,ENG
stimuli_raw/wav/Fsakshi2.wav,322.300310,322.620000,Fsakshi2_78,ALA,78,Fsakshi,F,l,ENG
stimuli_raw/wav/Fsakshi2.wav,329.244570,329.580000,Fsakshi2_79,AVLA,79,Fsakshi,F,ʋ,NA
stimuli_raw/wav/Fsakshi2.wav,331.577690,331.900000,Fsakshi2_80,AVLA,80,Fsakshi,F,ʋ,NA
stimuli_raw/wav/Fsakshi2.wav,333.700000,334.100000,Fsakshi2_81,AVLA,81,Fsakshi,F,ʋ,NA
stimuli_raw/wav/Fsakshi2.wav,339.736410,340.105530,Fsakshi2_82,AXA,82,Fsakshi,F,ʃ,ENG
stimuli_raw/wav/Fsakshi2.wav,342.066840,342.380000,Fsakshi2_83,AXA,83,Fsakshi,F,ʃ,ENG
stimuli_raw/wav/Fsakshi2.wav,344.380740,344.660000,Fsakshi2_84,AXA,84,Fsakshi,F,ʃ,ENG
stimuli_raw/wav/Fsakshi2.wav,353.340000,353.680000,Fsakshi2_85,AXRA,85,Fsakshi,F,ʂ,NA
stimuli_raw/wav/Fsakshi2.wav,355.485570,355.830000,Fsakshi2_86,AXRA,86,Fsakshi,F,ʂ,NA
stimuli_raw/wav/Fsakshi2.wav,357.560000,357.991440,Fsakshi2_87,AXRA,87,Fsakshi,F,ʂ,NA
stimuli_raw/wav/Fsakshi2.wav,364.920000,365.280000,Fsakshi2_88,ASA,88,Fsakshi,F,s,ENG
stimuli_raw/wav/Fsakshi2.wav,367.120000,367.540000,Fsakshi2_89,ASA,89,Fsakshi,F,s,ENG
stimuli_raw/wav/Fsakshi2.wav,369.530000,369.890000,Fsakshi2_90,ASA,90,Fsakshi,F,s,ENG
stimuli_raw/wav/Fsakshi2.wav,375.440000,375.810000,Fsakshi2_91,AHHA,91,Fsakshi,F,ɦ,ENG
stimuli_raw/wav/Fsakshi2.wav,377.710000,378.090000,Fsakshi2_92,AHHA,92,Fsakshi,F,ɦ,ENG
stimuli_raw/wav/Fsakshi2.wav,379.980000,380.380000,Fsakshi2_93,AHHA,93,Fsakshi,F,ɦ,ENG
stimuli_raw/wav/Fsakshi2.wav,388.000000,388.440000,Fsakshi2_94,ARRA,94,Fsakshi,F,ɣ,HIN
stimuli_raw/wav/Fsakshi2.wav,390.170000,390.550000,Fsakshi2_95,ARRA,95,Fsakshi,F,ɣ,HIN
stimuli_raw/wav/Fsakshi2.wav,392.450000,392.860000,Fsakshi2_96,ARRA,96,Fsakshi,F,ɣ,HIN
stimuli_raw/wav/Fsakshi2.wav,398.790000,399.170000,Fsakshi2_97,ARHA,97,Fsakshi,F,x,HIN
stimuli_raw/wav/Fsakshi2.wav,400.950000,401.340000,Fsakshi2_98,ARHA,98,Fsakshi,F,x,HIN
stimuli_raw/wav/Fsakshi2.wav,403.446450,403.850000,Fsakshi2_99,ARHA,99,Fsakshi,F,x,HIN
stimuli_raw/wav/Fsakshi2.wav,410.555800,410.890000,Fsakshi2_100,ARTHA,100,Fsakshi,F,ɽʱ,HIN
stimuli_raw/wav/Fsakshi2.wav,412.760720,413.130000,Fsakshi2_101,ARTHA,101,Fsakshi,F,ɽʱ,HIN
stimuli_raw/wav/Fsakshi2.wav,415.230010,415.570000,Fsakshi2_102,ARTHA,102,Fsakshi,F,ɽʱ,HIN
stimuli_raw/wav/Fsakshi2.wav,421.416900,421.760000,Fsakshi2_103,ARTA,103,Fsakshi,F,ɽ,HIN
stimuli_raw/wav/Fsakshi2.wav,423.584100,423.940000,Fsakshi2_104,ARTA,104,Fsakshi,F,ɽ,HIN
stimuli_raw/wav/Fsakshi2.wav,425.915060,426.270000,Fsakshi2_105,ARTA,105,Fsakshi,F,ɽ,HIN
stimuli_raw/wav/Fsakshi2.wav,432.939250,433.280000,Fsakshi2_106,ANRA,106,Fsakshi,F,ɳ,HIN
stimuli_raw/wav/Fsakshi2.wav,435.276930,435.610000,Fsakshi2_107,ANRA,107,Fsakshi,F,ɳ,HIN
stimuli_raw/wav/Fsakshi2.wav,437.800220,438.150000,Fsakshi2_108,ANRA,108,Fsakshi,F,ɳ,HIN
stimuli_raw/wav/Mnirbhay2.wav,5.700320,6.087020,Mnirbhay2_1,AKA,1,Mnirbhay,M,k,NA
stimuli_raw/wav/Mnirbhay2.wav,8.610350,9.003600,Mnirbhay2_2,AKA,2,Mnirbhay,M,k,NA
stimuli_raw/wav/Mnirbhay2.wav,11.610000,12.060000,Mnirbhay2_3,AKA,3,Mnirbhay,M,k,NA
stimuli_raw/wav/Mnirbhay2.wav,18.060000,18.580000,Mnirbhay2_4,AKHA,4,Mnirbhay,M,kʰ,ENG
stimuli_raw/wav/Mnirbhay2.wav,20.640000,21.190000,Mnirbhay2_5,AKHA,5,Mnirbhay,M,kʰ,ENG
stimuli_raw/wav/Mnirbhay2.wav,23.670000,24.190000,Mnirbhay2_6,AKHA,6,Mnirbhay,M,kʰ,ENG
stimuli_raw/wav/Mnirbhay2.wav,28.490000,28.970000,Mnirbhay2_7,AGA,7,Mnirbhay,M,g,ENG
stimuli_raw/wav/Mnirbhay2.wav,31.560000,32.060000,Mnirbhay2_8,AGA,8,Mnirbhay,M,g,ENG
stimuli_raw/wav/Mnirbhay2.wav,34.740000,35.220000,Mnirbhay2_9,AGA,9,Mnirbhay,M,g,ENG
stimuli_raw/wav/Mnirbhay2.wav,40.110000,40.640000,Mnirbhay2_10,AGHA,10,Mnirbhay,M,ɡʱ,HIN
stimuli_raw/wav/Mnirbhay2.wav,43.010000,43.540000,Mnirbhay2_11,AGHA,11,Mnirbhay,M,ɡʱ,HIN
stimuli_raw/wav/Mnirbhay2.wav,46.330000,46.810000,Mnirbhay2_12,AGHA,12,Mnirbhay,M,ɡʱ,HIN
stimuli_raw/wav/Mnirbhay2.wav,51.150000,51.580000,Mnirbhay2_13,ATXA,13,Mnirbhay,M,t͡ʃ,NA
stimuli_raw/wav/Mnirbhay2.wav,54.080000,54.550000,Mnirbhay2_14,ATXA,14,Mnirbhay,M,t͡ʃ,NA
stimuli_raw/wav/Mnirbhay2.wav,57.080000,57.580000,Mnirbhay2_15,ATXA,15,Mnirbhay,M,t͡ʃ,NA
stimuli_raw/wav/Mnirbhay2.wav,61.440000,61.960000,Mnirbhay2_16,ATXHA,16,Mnirbhay,M,t͡ʃʰ,ENG
stimuli_raw/wav/Mnirbhay2.wav,64.260000,64.810000,Mnirbhay2_17,ATXHA,17,Mnirbhay,M,t͡ʃʰ,ENG
stimuli_raw/wav/Mnirbhay2.wav,67.220000,67.700000,Mnirbhay2_18,ATXHA,18,Mnirbhay,M,t͡ʃʰ,ENG
stimuli_raw/wav/Mnirbhay2.wav,70.850000,71.290000,Mnirbhay2_19,ADXA,19,Mnirbhay,M,d͡ʒ,ENG
stimuli_raw/wav/Mnirbhay2.wav,73.900000,74.320000,Mnirbhay2_20,ADXA,20,Mnirbhay,M,d͡ʒ,ENG
stimuli_raw/wav/Mnirbhay2.wav,77.200000,77.640000,Mnirbhay2_21,ADXA,21,Mnirbhay,M,d͡ʒ,ENG
stimuli_raw/wav/Mnirbhay2.wav,81.600000,82.090000,Mnirbhay2_22,AZA,22,Mnirbhay,M,z,ENG
stimuli_raw/wav/Mnirbhay2.wav,84.550000,85.060000,Mnirbhay2_23,AZA,23,Mnirbhay,M,z,ENG
stimuli_raw/wav/Mnirbhay2.wav,87.850000,88.360000,Mnirbhay2_24,AZA,24,Mnirbhay,M,z,ENG
stimuli_raw/wav/Mnirbhay2.wav,97.370000,97.870000,Mnirbhay2_25,ADXHA,25,Mnirbhay,M,d͡ʒʱ,HIN
stimuli_raw/wav/Mnirbhay2.wav,100.570000,101.060000,Mnirbhay2_26,ADXHA,26,Mnirbhay,M,d͡ʒʱ,HIN
stimuli_raw/wav/Mnirbhay2.wav,103.900000,104.360000,Mnirbhay2_27,ADXHA,27,Mnirbhay,M,d͡ʒʱ,HIN
stimuli_raw/wav/Mnirbhay2.wav,109.270000,109.730000,Mnirbhay2_28,ATRA,28,Mnirbhay,M,ʈ,NA
stimuli_raw/wav/Mnirbhay2.wav,112.330000,112.820000,Mnirbhay2_29,ATRA,29,Mnirbhay,M,ʈ,NA
stimuli_raw/wav/Mnirbhay2.wav,115.370000,115.820000,Mnirbhay2_30,ATRA,30,Mnirbhay,M,ʈ,NA
stimuli_raw/wav/Mnirbhay2.wav,120.040000,120.540000,Mnirbhay2_31,ATRHA,31,Mnirbhay,M,ʈʰ,HIN
stimuli_raw/wav/Mnirbhay2.wav,123.110000,123.680000,Mnirbhay2_32,ATRHA,32,Mnirbhay,M,ʈʰ,HIN
stimuli_raw/wav/Mnirbhay2.wav,126.290000,126.800000,Mnirbhay2_33,ATRHA,33,Mnirbhay,M,ʈʰ,HIN
stimuli_raw/wav/Mnirbhay2.wav,131.550000,132.050000,Mnirbhay2_34,ADRA,34,Mnirbhay,M,ɖ,HIN
stimuli_raw/wav/Mnirbhay2.wav,134.791340,135.310000,Mnirbhay2_35,ADRA,35,Mnirbhay,M,ɖ,HIN
stimuli_raw/wav/Mnirbhay2.wav,138.540000,139.100000,Mnirbhay2_36,ADRA,36,Mnirbhay,M,ɖ,HIN
stimuli_raw/wav/Mnirbhay2.wav,142.830000,143.390000,Mnirbhay2_37,ADRHA,37,Mnirbhay,M,ɖʱ,HIN
stimuli_raw/wav/Mnirbhay2.wav,146.420000,146.860000,Mnirbhay2_38,ADRHA,38,Mnirbhay,M,ɖʱ,HIN
stimuli_raw/wav/Mnirbhay2.wav,150.285400,150.653920,Mnirbhay2_39,ADRHA,39,Mnirbhay,M,ɖʱ,HIN
stimuli_raw/wav/Mnirbhay2.wav,155.170000,155.620000,Mnirbhay2_40,ATA,40,Mnirbhay,M,t,NA
stimuli_raw/wav/Mnirbhay2.wav,158.660000,159.140000,Mnirbhay2_41,ATA,41,Mnirbhay,M,t,NA
stimuli_raw/wav/Mnirbhay2.wav,162.150000,162.570000,Mnirbhay2_42,ATA,42,Mnirbhay,M,t,NA
stimuli_raw/wav/Mnirbhay2.wav,165.680000,166.150000,Mnirbhay2_43,ATHA,43,Mnirbhay,M,tʰ,ENG
stimuli_raw/wav/Mnirbhay2.wav,168.860000,169.330000,Mnirbhay2_44,ATHA,44,Mnirbhay,M,tʰ,ENG
stimuli_raw/wav/Mnirbhay2.wav,171.880000,172.350000,Mnirbhay2_45,ATHA,45,Mnirbhay,M,tʰ,ENG
stimuli_raw/wav/Mnirbhay2.wav,175.820000,176.280000,Mnirbhay2_46,ADA,46,Mnirbhay,M,d,ENG
stimuli_raw/wav/Mnirbhay2.wav,179.686370,180.101310,Mnirbhay2_47,ADA,47,Mnirbhay,M,d,ENG
stimuli_raw/wav/Mnirbhay2.wav,183.303400,183.680000,Mnirbhay2_48,ADA,48,Mnirbhay,M,d,ENG
stimuli_raw/wav/Mnirbhay2.wav,192.530740,192.959400,Mnirbhay2_49,ADHA,49,Mnirbhay,M,dʱ,HIN
stimuli_raw/wav/Mnirbhay2.wav,195.880000,196.320000,Mnirbhay2_50,ADHA,50,Mnirbhay,M,dʱ,HIN
stimuli_raw/wav/Mnirbhay2.wav,199.370000,199.800000,Mnirbhay2_51,ADHA,51,Mnirbhay,M,dʱ,HIN
stimuli_raw/wav/Mnirbhay2.wav,204.850000,205.310000,Mnirbhay2_52,ANA,52,Mnirbhay,M,n,ENG
stimuli_raw/wav/Mnirbhay2.wav,208.330000,208.790000,Mnirbhay2_53,ANA,53,Mnirbhay,M,n,ENG
stimuli_raw/wav/Mnirbhay2.wav,211.920000,212.329360,Mnirbhay2_54,ANA,54,Mnirbhay,M,n,ENG
stimuli_raw/wav/Mnirbhay2.wav,217.760000,218.220000,Mnirbhay2_55,APA,55,Mnirbhay,M,p,NA
stimuli_raw/wav/Mnirbhay2.wav,221.160060,221.600000,Mnirbhay2_56,APA,56,Mnirbhay,M,p,NA
stimuli_raw/wav/Mnirbhay2.wav,224.770000,225.190000,Mnirbhay2_57,APA,57,Mnirbhay,M,p,NA
stimuli_raw/wav/Mnirbhay2.wav,229.500000,229.930000,Mnirbhay2_58,APHA,58,Mnirbhay,M,pʰ,NA
stimuli_raw/wav/Mnirbhay2.wav,232.940000,233.400000,Mnirbhay2_59,APHA,59,Mnirbhay,M,pʰ,NA
stimuli_raw/wav/Mnirbhay2.wav,236.620000,237.030000,Mnirbhay2_60,APHA,60,Mnirbhay,M,pʰ,NA
stimuli_raw/wav/Mnirbhay2.wav,241.610000,242.010000,Mnirbhay2_61,ABA,61,Mnirbhay,M,b,ENG
stimuli_raw/wav/Mnirbhay2.wav,245.000000,245.420000,Mnirbhay2_62,ABA,62,Mnirbhay,M,b,ENG
stimuli_raw/wav/Mnirbhay2.wav,248.300000,248.700000,Mnirbhay2_63,ABA,63,Mnirbhay,M,b,ENG
stimuli_raw/wav/Mnirbhay2.wav,252.560000,253.040000,Mnirbhay2_64,ABHA,64,Mnirbhay,M,bʱ,HIN
stimuli_raw/wav/Mnirbhay2.wav,255.960000,256.420000,Mnirbhay2_65,ABHA,65,Mnirbhay,M,bʱ,HIN
stimuli_raw/wav/Mnirbhay2.wav,259.730000,260.190000,Mnirbhay2_66,ABHA,66,Mnirbhay,M,bʱ,HIN
stimuli_raw/wav/Mnirbhay2.wav,265.020000,265.440000,Mnirbhay2_67,AMA,67,Mnirbhay,M,m,ENG
stimuli_raw/wav/Mnirbhay2.wav,268.380000,268.810000,Mnirbhay2_68,AMA,68,Mnirbhay,M,m,ENG
stimuli_raw/wav/Mnirbhay2.wav,271.730000,272.165820,Mnirbhay2_69,AMA,69,Mnirbhay,M,m,ENG
stimuli_raw/wav/Mnirbhay2.wav,277.020000,277.430000,Mnirbhay2_70,AJA,70,Mnirbhay,M,j,ENG
stimuli_raw/wav/Mnirbhay2.wav,280.580000,281.010000,Mnirbhay2_71,AJA,71,Mnirbhay,M,j,ENG
stimuli_raw/wav/Mnirbhay2.wav,284.200000,284.610000,Mnirbhay2_72,AJA,72,Mnirbhay,M,j,ENG
stimuli_raw/wav/Mnirbhay2.wav,288.870000,289.300000,Mnirbhay2_73,ARA,73,Mnirbhay,M,ɾ,ENG
stimuli_raw/wav/Mnirbhay2.wav,292.250000,292.640000,Mnirbhay2_74,ARA,74,Mnirbhay,M,ɾ,ENG
stimuli_raw/wav/Mnirbhay2.wav,295.550000,295.940000,Mnirbhay2_75,ARA,75,Mnirbhay,M,ɾ,ENG
stimuli_raw/wav/Mnirbhay2.wav,300.060000,300.470000,Mnirbhay2_76,ALA,76,Mnirbhay,M,l,ENG
stimuli_raw/wav/Mnirbhay2.wav,303.830000,304.230000,Mnirbhay2_77,ALA,77,Mnirbhay,M,l,ENG
stimuli_raw/wav/Mnirbhay2.wav,307.780000,308.150000,Mnirbhay2_78,ALA,78,Mnirbhay,M,l,ENG
stimuli_raw/wav/Mnirbhay2.wav,313.200000,313.600000,Mnirbhay2_79,AVLA,79,Mnirbhay,M,ʋ,NA
stimuli_raw/wav/Mnirbhay2.wav,316.820000,317.230000,Mnirbhay2_80,AVLA,80,Mnirbhay,M,ʋ,NA
stimuli_raw/wav/Mnirbhay2.wav,320.290000,320.640000,Mnirbhay2_81,AVLA,81,Mnirbhay,M,ʋ,NA
stimuli_raw/wav/Mnirbhay2.wav,326.920000,327.340000,Mnirbhay2_82,AXA,82,Mnirbhay,M,ʃ,ENG
stimuli_raw/wav/Mnirbhay2.wav,330.720000,331.110000,Mnirbhay2_83,AXA,83,Mnirbhay,M,ʃ,ENG
stimuli_raw/wav/Mnirbhay2.wav,334.950000,335.340000,Mnirbhay2_84,AXA,84,Mnirbhay,M,ʃ,ENG
stimuli_raw/wav/Mnirbhay2.wav,339.320000,339.740000,Mnirbhay2_85,AXRA,85,Mnirbhay,M,ʂ,NA
stimuli_raw/wav/Mnirbhay2.wav,342.920000,343.390000,Mnirbhay2_86,AXRA,86,Mnirbhay,M,ʂ,NA
stimuli_raw/wav/Mnirbhay2.wav,346.500000,346.940000,Mnirbhay2_87,AXRA,87,Mnirbhay,M,ʂ,NA
stimuli_raw/wav/Mnirbhay2.wav,351.000000,351.460000,Mnirbhay2_88,ASA,88,Mnirbhay,M,s,ENG
stimuli_raw/wav/Mnirbhay2.wav,354.650000,355.080000,Mnirbhay2_89,ASA,89,Mnirbhay,M,s,ENG
stimuli_raw/wav/Mnirbhay2.wav,358.360000,358.930000,Mnirbhay2_90,ASA,90,Mnirbhay,M,s,ENG
stimuli_raw/wav/Mnirbhay2.wav,363.370000,363.740000,Mnirbhay2_91,AHHA,91,Mnirbhay,M,ɦ,ENG
stimuli_raw/wav/Mnirbhay2.wav,367.060000,367.460000,Mnirbhay2_92,AHHA,92,Mnirbhay,M,ɦ,ENG
stimuli_raw/wav/Mnirbhay2.wav,370.910000,371.320000,Mnirbhay2_93,AHHA,93,Mnirbhay,M,ɦ,ENG
stimuli_raw/wav/Mnirbhay2.wav,377.080000,377.540000,Mnirbhay2_94,ARRA,94,Mnirbhay,M,ɣ,HIN
stimuli_raw/wav/Mnirbhay2.wav,380.640000,381.080000,Mnirbhay2_95,ARRA,95,Mnirbhay,M,ɣ,HIN
stimuli_raw/wav/Mnirbhay2.wav,384.300000,384.780000,Mnirbhay2_96,ARRA,96,Mnirbhay,M,ɣ,HIN
stimuli_raw/wav/Mnirbhay2.wav,389.840000,390.350000,Mnirbhay2_97,ARHA,97,Mnirbhay,M,x,HIN
stimuli_raw/wav/Mnirbhay2.wav,393.430000,393.890000,Mnirbhay2_98,ARHA,98,Mnirbhay,M,x,HIN
stimuli_raw/wav/Mnirbhay2.wav,396.950000,397.410000,Mnirbhay2_99,ARHA,99,Mnirbhay,M,x,HIN
stimuli_raw/wav/Mnirbhay2.wav,402.065920,402.500000,Mnirbhay2_100,ARTHA,100,Mnirbhay,M,ɽʱ,HIN
stimuli_raw/wav/Mnirbhay2.wav,405.450000,405.970000,Mnirbhay2_101,ARTHA,101,Mnirbhay,M,ɽʱ,HIN
stimuli_raw/wav/Mnirbhay2.wav,409.165610,409.586840,Mnirbhay2_102,ARTHA,102,Mnirbhay,M,ɽʱ,HIN
stimuli_raw/wav/Mnirbhay2.wav,417.440000,417.870000,Mnirbhay2_103,ARTA,103,Mnirbhay,M,ɽ,HIN
stimuli_raw/wav/Mnirbhay2.wav,420.830000,421.300000,Mnirbhay2_104,ARTA,104,Mnirbhay,M,ɽ,HIN
stimuli_raw/wav/Mnirbhay2.wav,424.600000,425.010000,Mnirbhay2_105,ARTA,105,Mnirbhay,M,ɽ,HIN
stimuli_raw/wav/Mnirbhay2.wav,429.850000,430.270000,Mnirbhay2_106,ANRA,106,Mnirbhay,M,ɳ,HIN
stimuli_raw/wav/Mnirbhay2.wav,433.420000,433.810000,Mnirbhay2_107,ANRA,107,Mnirbhay,M,ɳ,HIN
stimuli_raw/wav/Mnirbhay2.wav,436.760000,437.170000,Mnirbhay2_108,ANRA,108,Mnirbhay,M,ɳ,HIN
stimuli_raw/wav/Fbhavya2.wav,12.095810,12.442460,Fbhavya2_1,AKA,1,Fbhavya,F,k,NA
stimuli_raw/wav/Fbhavya2.wav,14.060000,14.430000,Fbhavya2_2,AKA,2,Fbhavya,F,k,NA
stimuli_raw/wav/Fbhavya2.wav,16.190000,16.570000,Fbhavya2_3,AKA,3,Fbhavya,F,k,NA
stimuli_raw/wav/Fbhavya2.wav,20.360000,20.782120,Fbhavya2_4,AKHA,4,Fbhavya,F,kʰ,ENG
stimuli_raw/wav/Fbhavya2.wav,22.680000,23.060000,Fbhavya2_5,AKHA,5,Fbhavya,F,kʰ,ENG
stimuli_raw/wav/Fbhavya2.wav,25.030000,25.481530,Fbhavya2_6,AKHA,6,Fbhavya,F,kʰ,ENG
stimuli_raw/wav/Fbhavya2.wav,29.040000,29.441400,Fbhavya2_7,AGA,7,Fbhavya,F,g,ENG
stimuli_raw/wav/Fbhavya2.wav,31.390000,31.770000,Fbhavya2_8,AGA,8,Fbhavya,F,g,ENG
stimuli_raw/wav/Fbhavya2.wav,33.500000,33.890000,Fbhavya2_9,AGA,9,Fbhavya,F,g,ENG
stimuli_raw/wav/Fbhavya2.wav,37.605260,38.001780,Fbhavya2_10,AGHA,10,Fbhavya,F,ɡʱ,HIN
stimuli_raw/wav/Fbhavya2.wav,39.618020,39.989450,Fbhavya2_11,AGHA,11,Fbhavya,F,ɡʱ,HIN
stimuli_raw/wav/Fbhavya2.wav,41.590000,41.970000,Fbhavya2_12,AGHA,12,Fbhavya,F,ɡʱ,HIN
stimuli_raw/wav/Fbhavya2.wav,45.720000,46.169030,Fbhavya2_13,ATXA,13,Fbhavya,F,t͡ʃ,NA
stimuli_raw/wav/Fbhavya2.wav,48.030000,48.453780,Fbhavya2_14,ATXA,14,Fbhavya,F,t͡ʃ,NA
stimuli_raw/wav/Fbhavya2.wav,50.440000,50.831540,Fbhavya2_15,ATXA,15,Fbhavya,F,t͡ʃ,NA
stimuli_raw/wav/Fbhavya2.wav,54.460000,54.863260,Fbhavya2_16,ATXHA,16,Fbhavya,F,t͡ʃʰ,ENG
stimuli_raw/wav/Fbhavya2.wav,56.580000,56.980870,Fbhavya2_17,ATXHA,17,Fbhavya,F,t͡ʃʰ,ENG
stimuli_raw/wav/Fbhavya2.wav,58.670000,59.077960,Fbhavya2_18,ATXHA,18,Fbhavya,F,t͡ʃʰ,ENG
stimuli_raw/wav/Fbhavya2.wav,62.920000,63.346420,Fbhavya2_19,ADXA,19,Fbhavya,F,d͡ʒ,ENG
stimuli_raw/wav/Fbhavya2.wav,65.260000,65.651950,Fbhavya2_20,ADXA,20,Fbhavya,F,d͡ʒ,ENG
stimuli_raw/wav/Fbhavya2.wav,67.450000,67.833000,Fbhavya2_21,ADXA,21,Fbhavya,F,d͡ʒ,ENG
stimuli_raw/wav/Fbhavya2.wav,71.490000,71.924600,Fbhavya2_22,AZA,22,Fbhavya,F,z,ENG
stimuli_raw/wav/Fbhavya2.wav,73.850000,74.292510,Fbhavya2_23,AZA,23,Fbhavya,F,z,ENG
stimuli_raw/wav/Fbhavya2.wav,76.340000,76.759820,Fbhavya2_24,AZA,24,Fbhavya,F,z,ENG
stimuli_raw/wav/Fbhavya2.wav,81.750000,82.159610,Fbhavya2_25,ADXHA,25,Fbhavya,F,d͡ʒʱ,HIN
stimuli_raw/wav/Fbhavya2.wav,83.870000,84.278250,Fbhavya2_26,ADXHA,26,Fbhavya,F,d͡ʒʱ,HIN
stimuli_raw/wav/Fbhavya2.wav,85.850000,86.246710,Fbhavya2_27,ADXHA,27,Fbhavya,F,d͡ʒʱ,HIN
stimuli_raw/wav/Fbhavya2.wav,89.410150,89.792140,Fbhavya2_28,ATRA,28,Fbhavya,F,ʈ,NA
stimuli_raw/wav/Fbhavya2.wav,91.597040,91.945600,Fbhavya2_29,ATRA,29,Fbhavya,F,ʈ,NA
stimuli_raw/wav/Fbhavya2.wav,93.540410,93.893750,Fbhavya2_30,ATRA,30,Fbhavya,F,ʈ,NA
stimuli_raw/wav/Fbhavya2.wav,97.680000,98.075420,Fbhavya2_31,ATRHA,31,Fbhavya,F,ʈʰ,HIN
stimuli_raw/wav/Fbhavya2.wav,99.890000,100.323510,Fbhavya2_32,ATRHA,32,Fbhavya,F,ʈʰ,HIN
stimuli_raw/wav/Fbhavya2.wav,102.114460,102.517820,Fbhavya2_33,ATRHA,33,Fbhavya,F,ʈʰ,HIN
stimuli_raw/wav/Fbhavya2.wav,106.320000,106.731940,Fbhavya2_34,ADRA,34,Fbhavya,F,ɖ,HIN
stimuli_raw/wav/Fbhavya2.wav,108.320000,108.667230,Fbhavya2_35,ADRA,35,Fbhavya,F,ɖ,HIN
stimuli_raw/wav/Fbhavya2.wav,110.289470,110.645220,Fbhavya2_36,ADRA,36,Fbhavya,F,ɖ,HIN
stimuli_raw/wav/Fbhavya2.wav,114.552560,114.967250,Fbhavya2_37,ADRHA,37,Fbhavya,F,ɖʱ,HIN
stimuli_raw/wav/Fbhavya2.wav,116.650000,117.020900,Fbhavya2_38,ADRHA,38,Fbhavya,F,ɖʱ,HIN
stimuli_raw/wav/Fbhavya2.wav,118.760000,119.144430,Fbhavya2_39,ADRHA,39,Fbhavya,F,ɖʱ,HIN
stimuli_raw/wav/Fbhavya2.wav,129.459410,129.818620,Fbhavya2_40,ATA,40,Fbhavya,F,t,NA
stimuli_raw/wav/Fbhavya2.wav,131.634110,131.970000,Fbhavya2_41,ATA,41,Fbhavya,F,t,NA
stimuli_raw/wav/Fbhavya2.wav,133.540000,133.900000,Fbhavya2_42,ATA,42,Fbhavya,F,t,NA
stimuli_raw/wav/Fbhavya2.wav,137.210000,137.603950,Fbhavya2_43,ATHA,43,Fbhavya,F,tʰ,ENG
stimuli_raw/wav/Fbhavya2.wav,139.310000,139.700000,Fbhavya2_44,ATHA,44,Fbhavya,F,tʰ,ENG
stimuli_raw/wav/Fbhavya2.wav,141.250000,141.640000,Fbhavya2_45,ATHA,45,Fbhavya,F,tʰ,ENG
stimuli_raw/wav/Fbhavya2.wav,145.140000,145.507890,Fbhavya2_46,ADA,46,Fbhavya,F,d,ENG
stimuli_raw/wav/Fbhavya2.wav,146.995490,147.347690,Fbhavya2_47,ADA,47,Fbhavya,F,d,ENG
stimuli_raw/wav/Fbhavya2.wav,148.780000,149.130000,Fbhavya2_48,ADA,48,Fbhavya,F,d,ENG
stimuli_raw/wav/Fbhavya2.wav,153.427120,153.795810,Fbhavya2_49,ADHA,49,Fbhavya,F,dʱ,HIN
stimuli_raw/wav/Fbhavya2.wav,155.320710,155.682890,Fbhavya2_50,ADHA,50,Fbhavya,F,dʱ,HIN
stimuli_raw/wav/Fbhavya2.wav,157.205090,157.520000,Fbhavya2_51,ADHA,51,Fbhavya,F,dʱ,HIN
stimuli_raw/wav/Fbhavya2.wav,161.160000,161.540000,Fbhavya2_52,ANA,52,Fbhavya,F,n,ENG
stimuli_raw/wav/Fbhavya2.wav,163.060000,163.430000,Fbhavya2_53,ANA,53,Fbhavya,F,n,ENG
stimuli_raw/wav/Fbhavya2.wav,165.040000,165.390000,Fbhavya2_54,ANA,54,Fbhavya,F,n,ENG
stimuli_raw/wav/Fbhavya2.wav,168.640000,169.055610,Fbhavya2_55,ABA,55,Fbhavya,F,b,ENG
stimuli_raw/wav/Fbhavya2.wav,170.503690,170.877540,Fbhavya2_56,ABA,56,Fbhavya,F,b,ENG
stimuli_raw/wav/Fbhavya2.wav,172.368210,172.700000,Fbhavya2_57,ABA,57,Fbhavya,F,b,ENG
stimuli_raw/wav/Fbhavya2.wav,176.680000,177.102130,Fbhavya2_58,APHA,58,Fbhavya,F,pʰ,NA
stimuli_raw/wav/Fbhavya2.wav,178.710910,179.101830,Fbhavya2_59,APHA,59,Fbhavya,F,pʰ,NA
stimuli_raw/wav/Fbhavya2.wav,180.570000,180.991270,Fbhavya2_60,APHA,60,Fbhavya,F,pʰ,NA
stimuli_raw/wav/Fbhavya2.wav,184.381500,184.762100,Fbhavya2_61,ABA,61,Fbhavya,F,b,ENG
stimuli_raw/wav/Fbhavya2.wav,186.284490,186.660330,Fbhavya2_62,ABA,62,Fbhavya,F,b,ENG
stimuli_raw/wav/Fbhavya2.wav,188.273120,188.629930,Fbhavya2_63,ABA,63,Fbhavya,F,b,ENG
stimuli_raw/wav/Fbhavya2.wav,192.060000,192.473300,Fbhavya2_64,ABHA,64,Fbhavya,F,bʱ,HIN
stimuli_raw/wav/Fbhavya2.wav,194.150000,194.565290,Fbhavya2_65,ABHA,65,Fbhavya,F,bʱ,HIN
stimuli_raw/wav/Fbhavya2.wav,196.170000,196.560000,Fbhavya2_66,ABHA,66,Fbhavya,F,bʱ,HIN
stimuli_raw/wav/Fbhavya2.wav,199.700000,200.080420,Fbhavya2_67,AMA,67,Fbhavya,F,m,ENG
stimuli_raw/wav/Fbhavya2.wav,201.880000,202.293060,Fbhavya2_68,AMA,68,Fbhavya,F,m,ENG
stimuli_raw/wav/Fbhavya2.wav,203.850000,204.220000,Fbhavya2_69,AMA,69,Fbhavya,F,m,ENG
stimuli_raw/wav/Fbhavya2.wav,208.240000,208.629270,Fbhavya2_70,AJA,70,Fbhavya,F,j,ENG
stimuli_raw/wav/Fbhavya2.wav,210.457210,210.780000,Fbhavya2_71,AJA,71,Fbhavya,F,j,ENG
stimuli_raw/wav/Fbhavya2.wav,212.430000,212.787830,Fbhavya2_72,AJA,72,Fbhavya,F,j,ENG
stimuli_raw/wav/Fbhavya2.wav,216.720000,217.091100,Fbhavya2_73,ARA,73,Fbhavya,F,ɾ,ENG
stimuli_raw/wav/Fbhavya2.wav,218.690000,219.030000,Fbhavya2_74,ARA,74,Fbhavya,F,ɾ,ENG
stimuli_raw/wav/Fbhavya2.wav,220.600000,220.940000,Fbhavya2_75,ARA,75,Fbhavya,F,ɾ,ENG
stimuli_raw/wav/Fbhavya2.wav,225.520000,225.886910,Fbhavya2_76,ALA,76,Fbhavya,F,l,ENG
stimuli_raw/wav/Fbhavya2.wav,227.580000,227.900000,Fbhavya2_77,ALA,77,Fbhavya,F,l,ENG
stimuli_raw/wav/Fbhavya2.wav,229.700000,230.050000,Fbhavya2_78,ALA,78,Fbhavya,F,l,ENG
stimuli_raw/wav/Fbhavya2.wav,233.930000,234.293480,Fbhavya2_79,AVA,79,Fbhavya,F,NA,NA
stimuli_raw/wav/Fbhavya2.wav,235.909930,236.240000,Fbhavya2_80,AVA,80,Fbhavya,F,NA,NA
stimuli_raw/wav/Fbhavya2.wav,237.790000,238.140330,Fbhavya2_81,AVA,81,Fbhavya,F,NA,NA
stimuli_raw/wav/Fbhavya2.wav,241.570000,241.957260,Fbhavya2_82,AXA,82,Fbhavya,F,ʃ,ENG
stimuli_raw/wav/Fbhavya2.wav,243.450000,243.828220,Fbhavya2_83,AXA,83,Fbhavya,F,ʃ,ENG
stimuli_raw/wav/Fbhavya2.wav,245.250000,245.610080,Fbhavya2_84,AXA,84,Fbhavya,F,ʃ,ENG
stimuli_raw/wav/Fbhavya2.wav,248.680000,249.055890,Fbhavya2_85,AXRA,85,Fbhavya,F,ʂ,NA
stimuli_raw/wav/Fbhavya2.wav,250.540000,250.919160,Fbhavya2_86,AXRA,86,Fbhavya,F,ʂ,NA
stimuli_raw/wav/Fbhavya2.wav,252.400000,252.787020,Fbhavya2_87,AXRA,87,Fbhavya,F,ʂ,NA
stimuli_raw/wav/Fbhavya2.wav,256.550000,256.966200,Fbhavya2_88,ASA,88,Fbhavya,F,s,ENG
stimuli_raw/wav/Fbhavya2.wav,258.550000,258.945660,Fbhavya2_89,ASA,89,Fbhavya,F,s,ENG
stimuli_raw/wav/Fbhavya2.wav,260.440000,260.839460,Fbhavya2_90,ASA,90,Fbhavya,F,s,ENG
stimuli_raw/wav/Fbhavya2.wav,264.580000,265.004950,Fbhavya2_91,AHHA,91,Fbhavya,F,ɦ,ENG
stimuli_raw/wav/Fbhavya2.wav,266.470000,266.838190,Fbhavya2_92,AHHA,92,Fbhavya,F,ɦ,ENG
stimuli_raw/wav/Fbhavya2.wav,268.290000,268.633140,Fbhavya2_93,AHHA,93,Fbhavya,F,ɦ,ENG
stimuli_raw/wav/Fbhavya2.wav,272.270000,272.637880,Fbhavya2_94,ARRA,94,Fbhavya,F,ɣ,HIN
stimuli_raw/wav/Fbhavya2.wav,274.120000,274.528410,Fbhavya2_95,ARRA,95,Fbhavya,F,ɣ,HIN
stimuli_raw/wav/Fbhavya2.wav,276.050000,276.432670,Fbhavya2_96,ARRA,96,Fbhavya,F,ɣ,HIN
stimuli_raw/wav/Fbhavya2.wav,279.870000,280.275960,Fbhavya2_97,ARHA,97,Fbhavya,F,x,HIN
stimuli_raw/wav/Fbhavya2.wav,281.781060,282.184490,Fbhavya2_98,ARHA,98,Fbhavya,F,x,HIN
stimuli_raw/wav/Fbhavya2.wav,283.818910,284.186130,Fbhavya2_99,ARHA,99,Fbhavya,F,x,HIN
stimuli_raw/wav/Fbhavya2.wav,287.440000,287.783890,Fbhavya2_100,ARTHA,100,Fbhavya,F,ɽʱ,HIN
stimuli_raw/wav/Fbhavya2.wav,289.450270,289.797620,Fbhavya2_101,ARTHA,101,Fbhavya,F,ɽʱ,HIN
stimuli_raw/wav/Fbhavya2.wav,291.180000,291.490000,Fbhavya2_102,ARTHA,102,Fbhavya,F,ɽʱ,HIN
stimuli_raw/wav/Fbhavya2.wav,295.981000,296.329720,Fbhavya2_103,ARTA,103,Fbhavya,F,ɽ,HIN
stimuli_raw/wav/Fbhavya2.wav,298.080000,298.380000,Fbhavya2_104,ARTA,104,Fbhavya,F,ɽ,HIN
stimuli_raw/wav/Fbhavya2.wav,299.970000,300.280000,Fbhavya2_105,ARTA,105,Fbhavya,F,ɽ,HIN
stimuli_raw/wav/Fbhavya2.wav,304.180000,304.530000,Fbhavya2_106,ANRA,106,Fbhavya,F,ɳ,HIN
stimuli_raw/wav/Fbhavya2.wav,306.410000,306.766880,Fbhavya2_107,ANRA,107,Fbhavya,F,ɳ,HIN
stimuli_raw/wav/Fbhavya2.wav,308.630000,308.970850,Fbhavya2_108,ANRA,108,Fbhavya,F,ɳ,HIN
stimuli_raw/wav/Mrajesh2.wav,12.202300,12.536440,Mrajesh2_1,AKA,1,Mrajesh,M,k,NA
stimuli_raw/wav/Mrajesh2.wav,13.821670,14.170000,Mrajesh2_2,AKA,2,Mrajesh,M,k,NA
stimuli_raw/wav/Mrajesh2.wav,15.450710,15.780000,Mrajesh2_3,AKA,3,Mrajesh,M,k,NA
stimuli_raw/wav/Mrajesh2.wav,19.213650,19.620000,Mrajesh2_4,AKHA,4,Mrajesh,M,kʰ,ENG
stimuli_raw/wav/Mrajesh2.wav,20.953200,21.350000,Mrajesh2_5,AKHA,5,Mrajesh,M,kʰ,ENG
stimuli_raw/wav/Mrajesh2.wav,22.591720,22.990000,Mrajesh2_6,AKHA,6,Mrajesh,M,kʰ,ENG
stimuli_raw/wav/Mrajesh2.wav,26.899840,27.300000,Mrajesh2_7,AGA,7,Mrajesh,M,g,ENG
stimuli_raw/wav/Mrajesh2.wav,28.582120,28.970000,Mrajesh2_8,AGA,8,Mrajesh,M,g,ENG
stimuli_raw/wav/Mrajesh2.wav,30.301510,30.620000,Mrajesh2_9,AGA,9,Mrajesh,M,g,ENG
stimuli_raw/wav/Mrajesh2.wav,34.128890,34.520000,Mrajesh2_10,AGHA,10,Mrajesh,M,ɡʱ,HIN
stimuli_raw/wav/Mrajesh2.wav,35.809240,36.210000,Mrajesh2_11,AGHA,11,Mrajesh,M,ɡʱ,HIN
stimuli_raw/wav/Mrajesh2.wav,37.540000,37.946730,Mrajesh2_12,AGHA,12,Mrajesh,M,ɡʱ,HIN
stimuli_raw/wav/Mrajesh2.wav,41.100000,41.513350,Mrajesh2_13,ATXA,13,Mrajesh,M,t͡ʃ,NA
stimuli_raw/wav/Mrajesh2.wav,42.790000,43.160250,Mrajesh2_14,ATXA,14,Mrajesh,M,t͡ʃ,NA
stimuli_raw/wav/Mrajesh2.wav,44.492050,44.865960,Mrajesh2_15,ATXA,15,Mrajesh,M,t͡ʃ,NA
stimuli_raw/wav/Mrajesh2.wav,48.770090,49.173630,Mrajesh2_16,ATXHA,16,Mrajesh,M,t͡ʃʰ,ENG
stimuli_raw/wav/Mrajesh2.wav,50.495120,50.867620,Mrajesh2_17,ATXHA,17,Mrajesh,M,t͡ʃʰ,ENG
stimuli_raw/wav/Mrajesh2.wav,52.237880,52.592640,Mrajesh2_18,ATXHA,18,Mrajesh,M,t͡ʃʰ,ENG
stimuli_raw/wav/Mrajesh2.wav,56.541880,56.920730,Mrajesh2_19,ADXA,19,Mrajesh,M,d͡ʒ,ENG
stimuli_raw/wav/Mrajesh2.wav,58.293030,58.667680,Mrajesh2_20,ADXA,20,Mrajesh,M,d͡ʒ,ENG
stimuli_raw/wav/Mrajesh2.wav,59.981040,60.351480,Mrajesh2_21,ADXA,21,Mrajesh,M,d͡ʒ,ENG
stimuli_raw/wav/Mrajesh2.wav,64.180000,64.563290,Mrajesh2_22,AZA,22,Mrajesh,M,z,ENG
stimuli_raw/wav/Mrajesh2.wav,65.890000,66.286030,Mrajesh2_23,AZA,23,Mrajesh,M,z,ENG
stimuli_raw/wav/Mrajesh2.wav,67.666860,68.052610,Mrajesh2_24,AZA,24,Mrajesh,M,z,ENG
stimuli_raw/wav/Mrajesh2.wav,74.650660,74.998800,Mrajesh2_25,ADXHA,25,Mrajesh,M,d͡ʒʱ,HIN
stimuli_raw/wav/Mrajesh2.wav,76.405470,76.800660,Mrajesh2_26,ADXHA,26,Mrajesh,M,d͡ʒʱ,HIN
stimuli_raw/wav/Mrajesh2.wav,78.202620,78.550000,Mrajesh2_27,ADXHA,27,Mrajesh,M,d͡ʒʱ,HIN
stimuli_raw/wav/Mrajesh2.wav,81.946270,82.350000,Mrajesh2_28,ATRA,28,Mrajesh,M,ʈ,NA
stimuli_raw/wav/Mrajesh2.wav,83.635060,84.020000,Mrajesh2_29,ATRA,29,Mrajesh,M,ʈ,NA
stimuli_raw/wav/Mrajesh2.wav,85.422350,85.800000,Mrajesh2_30,ATRA,30,Mrajesh,M,ʈ,NA
stimuli_raw/wav/Mrajesh2.wav,89.149850,89.570000,Mrajesh2_31,ATRHA,31,Mrajesh,M,ʈʰ,HIN
stimuli_raw/wav/Mrajesh2.wav,90.982090,91.360000,Mrajesh2_32,ATRHA,32,Mrajesh,M,ʈʰ,HIN
stimuli_raw/wav/Mrajesh2.wav,92.802230,93.200000,Mrajesh2_33,ATRHA,33,Mrajesh,M,ʈʰ,HIN
stimuli_raw/wav/Mrajesh2.wav,96.701700,97.080000,Mrajesh2_34,ADRA,34,Mrajesh,M,ɖ,HIN
stimuli_raw/wav/Mrajesh2.wav,98.469500,98.850000,Mrajesh2_35,ADRA,35,Mrajesh,M,ɖ,HIN
stimuli_raw/wav/Mrajesh2.wav,100.215260,100.550000,Mrajesh2_36,ADRA,36,Mrajesh,M,ɖ,HIN
stimuli_raw/wav/Mrajesh2.wav,103.759130,104.120000,Mrajesh2_37,ADRHA,37,Mrajesh,M,ɖʱ,HIN
stimuli_raw/wav/Mrajesh2.wav,105.499030,105.910000,Mrajesh2_38,ADRHA,38,Mrajesh,M,ɖʱ,HIN
stimuli_raw/wav/Mrajesh2.wav,107.249230,107.660000,Mrajesh2_39,ADRHA,39,Mrajesh,M,ɖʱ,HIN
stimuli_raw/wav/Mrajesh2.wav,111.130000,111.630000,Mrajesh2_40,ATA,40,Mrajesh,M,t,NA
stimuli_raw/wav/Mrajesh2.wav,112.970000,113.450000,Mrajesh2_41,ATA,41,Mrajesh,M,t,NA
stimuli_raw/wav/Mrajesh2.wav,114.780000,115.200000,Mrajesh2_42,ATA,42,Mrajesh,M,t,NA
stimuli_raw/wav/Mrajesh2.wav,119.151330,119.590000,Mrajesh2_43,ATHA,43,Mrajesh,M,tʰ,ENG
stimuli_raw/wav/Mrajesh2.wav,120.942460,121.360000,Mrajesh2_44,ATHA,44,Mrajesh,M,tʰ,ENG
stimuli_raw/wav/Mrajesh2.wav,122.747300,123.140000,Mrajesh2_45,ATHA,45,Mrajesh,M,tʰ,ENG
stimuli_raw/wav/Mrajesh2.wav,126.927890,127.290000,Mrajesh2_46,ADA,46,Mrajesh,M,d,ENG
stimuli_raw/wav/Mrajesh2.wav,128.740600,129.070000,Mrajesh2_47,ADA,47,Mrajesh,M,d,ENG
stimuli_raw/wav/Mrajesh2.wav,130.488740,130.820000,Mrajesh2_48,ADA,48,Mrajesh,M,d,ENG
stimuli_raw/wav/Mrajesh2.wav,137.937880,138.280000,Mrajesh2_49,ADHA,49,Mrajesh,M,dʱ,HIN
stimuli_raw/wav/Mrajesh2.wav,139.803110,140.110000,Mrajesh2_50,ADHA,50,Mrajesh,M,dʱ,HIN
stimuli_raw/wav/Mrajesh2.wav,141.488820,141.880000,Mrajesh2_51,ADHA,51,Mrajesh,M,dʱ,HIN
stimuli_raw/wav/Mrajesh2.wav,145.544740,145.880000,Mrajesh2_52,ANA,52,Mrajesh,M,n,ENG
stimuli_raw/wav/Mrajesh2.wav,147.200000,147.640000,Mrajesh2_53,ANA,53,Mrajesh,M,n,ENG
stimuli_raw/wav/Mrajesh2.wav,149.078370,149.410000,Mrajesh2_54,ANA,54,Mrajesh,M,n,ENG
stimuli_raw/wav/Mrajesh2.wav,153.070000,153.550000,Mrajesh2_55,APA,55,Mrajesh,M,p,NA
stimuli_raw/wav/Mrajesh2.wav,154.850000,155.330000,Mrajesh2_56,APA,56,Mrajesh,M,p,NA
stimuli_raw/wav/Mrajesh2.wav,156.690000,157.050000,Mrajesh2_57,APA,57,Mrajesh,M,p,NA
stimuli_raw/wav/Mrajesh2.wav,161.480000,161.870000,Mrajesh2_58,APHA,58,Mrajesh,M,pʰ,NA
stimuli_raw/wav/Mrajesh2.wav,163.260000,163.690000,Mrajesh2_59,APHA,59,Mrajesh,M,pʰ,NA
stimuli_raw/wav/Mrajesh2.wav,165.045660,165.430000,Mrajesh2_60,APHA,60,Mrajesh,M,pʰ,NA
stimuli_raw/wav/Mrajesh2.wav,168.971630,169.350000,Mrajesh2_61,ABA,61,Mrajesh,M,b,ENG
stimuli_raw/wav/Mrajesh2.wav,170.720620,171.120000,Mrajesh2_62,ABA,62,Mrajesh,M,b,ENG
stimuli_raw/wav/Mrajesh2.wav,172.524560,172.870000,Mrajesh2_63,ABA,63,Mrajesh,M,b,ENG
stimuli_raw/wav/Mrajesh2.wav,176.589200,176.980000,Mrajesh2_64,ABHA,64,Mrajesh,M,bʱ,HIN
stimuli_raw/wav/Mrajesh2.wav,178.371310,178.720000,Mrajesh2_65,ABHA,65,Mrajesh,M,bʱ,HIN
stimuli_raw/wav/Mrajesh2.wav,180.162180,180.530000,Mrajesh2_66,ABHA,66,Mrajesh,M,bʱ,HIN
stimuli_raw/wav/Mrajesh2.wav,183.930000,184.380000,Mrajesh2_67,AMA,67,Mrajesh,M,m,ENG
stimuli_raw/wav/Mrajesh2.wav,185.705880,186.080000,Mrajesh2_68,AMA,68,Mrajesh,M,m,ENG
stimuli_raw/wav/Mrajesh2.wav,187.554260,187.880000,Mrajesh2_69,AMA,69,Mrajesh,M,m,ENG
stimuli_raw/wav/Mrajesh2.wav,191.090000,191.540000,Mrajesh2_70,AJA,70,Mrajesh,M,j,ENG
stimuli_raw/wav/Mrajesh2.wav,192.959670,193.320000,Mrajesh2_71,AJA,71,Mrajesh,M,j,ENG
stimuli_raw/wav/Mrajesh2.wav,194.703390,195.050000,Mrajesh2_72,AJA,72,Mrajesh,M,j,ENG
stimuli_raw/wav/Mrajesh2.wav,198.382880,198.750000,Mrajesh2_73,ARA,73,Mrajesh,M,ɾ,ENG
stimuli_raw/wav/Mrajesh2.wav,200.123530,200.530000,Mrajesh2_74,ARA,74,Mrajesh,M,ɾ,ENG
stimuli_raw/wav/Mrajesh2.wav,201.974920,202.320000,Mrajesh2_75,ARA,75,Mrajesh,M,ɾ,ENG
stimuli_raw/wav/Mrajesh2.wav,205.540430,205.920000,Mrajesh2_76,ALA,76,Mrajesh,M,l,ENG
stimuli_raw/wav/Mrajesh2.wav,207.359090,207.720000,Mrajesh2_77,ALA,77,Mrajesh,M,l,ENG
stimuli_raw/wav/Mrajesh2.wav,209.228020,209.530000,Mrajesh2_78,ALA,78,Mrajesh,M,l,ENG
stimuli_raw/wav/Mrajesh2.wav,213.139550,213.500000,Mrajesh2_79,AVLA,79,Mrajesh,M,ʋ,NA
stimuli_raw/wav/Mrajesh2.wav,214.938040,215.290000,Mrajesh2_80,AVLA,80,Mrajesh,M,ʋ,NA
stimuli_raw/wav/Mrajesh2.wav,216.750000,217.076030,Mrajesh2_81,AVLA,81,Mrajesh,M,ʋ,NA
stimuli_raw/wav/Mrajesh2.wav,223.321190,223.753490,Mrajesh2_82,AXA,82,Mrajesh,M,ʃ,ENG
stimuli_raw/wav/Mrajesh2.wav,225.140000,225.510000,Mrajesh2_83,AXA,83,Mrajesh,M,ʃ,ENG
stimuli_raw/wav/Mrajesh2.wav,226.960000,227.290000,Mrajesh2_84,AXA,84,Mrajesh,M,ʃ,ENG
stimuli_raw/wav/Mrajesh2.wav,231.200000,231.550000,Mrajesh2_85,AXRA,85,Mrajesh,M,ʂ,NA
stimuli_raw/wav/Mrajesh2.wav,232.951030,233.342170,Mrajesh2_86,AXRA,86,Mrajesh,M,ʂ,NA
stimuli_raw/wav/Mrajesh2.wav,234.660150,235.030000,Mrajesh2_87,AXRA,87,Mrajesh,M,ʂ,NA
stimuli_raw/wav/Mrajesh2.wav,238.464410,238.870000,Mrajesh2_88,ASA,88,Mrajesh,M,s,ENG
stimuli_raw/wav/Mrajesh2.wav,240.120000,240.590000,Mrajesh2_89,ASA,89,Mrajesh,M,s,ENG
stimuli_raw/wav/Mrajesh2.wav,241.925850,242.280000,Mrajesh2_90,ASA,90,Mrajesh,M,s,ENG
stimuli_raw/wav/Mrajesh2.wav,245.021690,245.382230,Mrajesh2_91,AHHA,91,Mrajesh,M,ɦ,ENG
stimuli_raw/wav/Mrajesh2.wav,246.803210,247.210410,Mrajesh2_92,AHHA,92,Mrajesh,M,ɦ,ENG
stimuli_raw/wav/Mrajesh2.wav,248.470200,248.840000,Mrajesh2_93,AHHA,93,Mrajesh,M,ɦ,ENG
stimuli_raw/wav/Mrajesh2.wav,252.213820,252.620000,Mrajesh2_94,ARRA,94,Mrajesh,M,ɣ,HIN
stimuli_raw/wav/Mrajesh2.wav,253.980660,254.410000,Mrajesh2_95,ARRA,95,Mrajesh,M,ɣ,HIN
stimuli_raw/wav/Mrajesh2.wav,255.806100,256.210000,Mrajesh2_96,ARRA,96,Mrajesh,M,ɣ,HIN
stimuli_raw/wav/Mrajesh2.wav,260.366710,260.861120,Mrajesh2_97,ARHA,97,Mrajesh,M,x,HIN
stimuli_raw/wav/Mrajesh2.wav,262.139460,262.590000,Mrajesh2_98,ARHA,98,Mrajesh,M,x,HIN
stimuli_raw/wav/Mrajesh2.wav,263.992390,264.420000,Mrajesh2_99,ARHA,99,Mrajesh,M,x,HIN
stimuli_raw/wav/Mrajesh2.wav,269.920460,270.370000,Mrajesh2_100,ARTHA,100,Mrajesh,M,ɽʱ,HIN
stimuli_raw/wav/Mrajesh2.wav,271.729830,272.170000,Mrajesh2_101,ARTHA,101,Mrajesh,M,ɽʱ,HIN
stimuli_raw/wav/Mrajesh2.wav,273.521610,273.930000,Mrajesh2_102,ARTHA,102,Mrajesh,M,ɽʱ,HIN
stimuli_raw/wav/Mrajesh2.wav,277.647760,278.030000,Mrajesh2_103,ARTA,103,Mrajesh,M,ɽ,HIN
stimuli_raw/wav/Mrajesh2.wav,279.432500,279.820000,Mrajesh2_104,ARTA,104,Mrajesh,M,ɽ,HIN
stimuli_raw/wav/Mrajesh2.wav,281.284850,281.604840,Mrajesh2_105,ARTA,105,Mrajesh,M,ɽ,HIN
stimuli_raw/wav/Mrajesh2.wav,284.165950,284.582240,Mrajesh2_106,ANRA,106,Mrajesh,M,ɳ,HIN
stimuli_raw/wav/Mrajesh2.wav,285.916940,286.280000,Mrajesh2_107,ANRA,107,Mrajesh,M,ɳ,HIN
stimuli_raw/wav/Mrajesh2.wav,287.625010,288.002680,Mrajesh2_108,ANRA,108,Mrajesh,M,ɳ,HIN
stimuli_raw/wav/FNiralee1.wav,39.860510,40.340000,FNiralee1_1,AKA,1,FNiralee,F,k,NA
stimuli_raw/wav/FNiralee1.wav,41.960000,42.430000,FNiralee1_2,AKA,2,FNiralee,F,k,NA
stimuli_raw/wav/FNiralee1.wav,44.036930,44.566120,FNiralee1_3,AKA,3,FNiralee,F,k,NA
stimuli_raw/wav/FNiralee1.wav,63.858060,64.394710,FNiralee1_4,AKHA,4,FNiralee,F,kʰ,ENG
stimuli_raw/wav/FNiralee1.wav,65.940370,66.465340,FNiralee1_5,AKHA,5,FNiralee,F,kʰ,ENG
stimuli_raw/wav/FNiralee1.wav,68.055020,68.551160,FNiralee1_6,AKHA,6,FNiralee,F,kʰ,ENG
stimuli_raw/wav/FNiralee1.wav,86.820000,87.289070,FNiralee1_7,AGA,7,FNiralee,F,g,ENG
stimuli_raw/wav/FNiralee1.wav,88.841950,89.313600,FNiralee1_8,AGA,8,FNiralee,F,g,ENG
stimuli_raw/wav/FNiralee1.wav,90.871860,91.338740,FNiralee1_9,AGA,9,FNiralee,F,g,ENG
stimuli_raw/wav/FNiralee1.wav,103.955760,104.461570,FNiralee1_10,AGHA,10,FNiralee,F,ɡʱ,HIN
stimuli_raw/wav/FNiralee1.wav,106.026010,106.551780,FNiralee1_11,AGHA,11,FNiralee,F,ɡʱ,HIN
stimuli_raw/wav/FNiralee1.wav,108.191870,108.697670,FNiralee1_12,AGHA,12,FNiralee,F,ɡʱ,HIN
stimuli_raw/wav/FNiralee1.wav,123.741370,124.216390,FNiralee1_13,ATXA,13,FNiralee,F,t͡ʃ,NA
stimuli_raw/wav/FNiralee1.wav,125.830000,126.362500,FNiralee1_14,ATXA,14,FNiralee,F,t͡ʃ,NA
stimuli_raw/wav/FNiralee1.wav,127.921010,128.400000,FNiralee1_15,ATXA,15,FNiralee,F,t͡ʃ,NA
stimuli_raw/wav/FNiralee1.wav,141.906680,142.415550,FNiralee1_16,ATXHA,16,FNiralee,F,t͡ʃʰ,ENG
stimuli_raw/wav/FNiralee1.wav,144.065730,144.563350,FNiralee1_17,ATXHA,17,FNiralee,F,t͡ʃʰ,ENG
stimuli_raw/wav/FNiralee1.wav,146.140920,146.630000,FNiralee1_18,ATXHA,18,FNiralee,F,t͡ʃʰ,ENG
stimuli_raw/wav/FNiralee1.wav,160.074580,160.546160,FNiralee1_19,ADXA,19,FNiralee,F,d͡ʒ,ENG
stimuli_raw/wav/FNiralee1.wav,162.056280,162.511960,FNiralee1_20,ADXA,20,FNiralee,F,d͡ʒ,ENG
stimuli_raw/wav/FNiralee1.wav,164.240000,164.800000,FNiralee1_21,ADXA,21,FNiralee,F,d͡ʒ,ENG
stimuli_raw/wav/FNiralee1.wav,186.719640,187.224200,FNiralee1_22,AZA,22,FNiralee,F,z,ENG
stimuli_raw/wav/FNiralee1.wav,188.888160,189.403460,FNiralee1_23,AZA,23,FNiralee,F,z,ENG
stimuli_raw/wav/FNiralee1.wav,191.040580,191.491460,FNiralee1_24,AZA,24,FNiralee,F,z,ENG
stimuli_raw/wav/FNiralee1.wav,215.872000,216.327020,FNiralee1_25,ADXA,25,FNiralee,F,d͡ʒ,ENG
stimuli_raw/wav/FNiralee1.wav,217.857080,218.327100,FNiralee1_26,ADXA,26,FNiralee,F,d͡ʒ,ENG
stimuli_raw/wav/FNiralee1.wav,219.927170,220.377190,FNiralee1_27,ADXA,27,FNiralee,F,d͡ʒ,ENG
stimuli_raw/wav/FNiralee1.wav,236.466900,236.910000,FNiralee1_28,ATRA,28,FNiralee,F,ʈ,NA
stimuli_raw/wav/FNiralee1.wav,238.656380,239.084520,FNiralee1_29,ATRA,29,FNiralee,F,ʈ,NA
stimuli_raw/wav/FNiralee1.wav,240.732050,241.160000,FNiralee1_30,ATRA,30,FNiralee,F,ʈ,NA
stimuli_raw/wav/FNiralee1.wav,256.327720,256.820630,FNiralee1_31,ATRHA,31,FNiralee,F,ʈʰ,HIN
stimuli_raw/wav/FNiralee1.wav,258.395350,258.870490,FNiralee1_32,ATRHA,32,FNiralee,F,ʈʰ,HIN
stimuli_raw/wav/FNiralee1.wav,260.562190,261.068650,FNiralee1_33,ATRHA,33,FNiralee,F,ʈʰ,HIN
stimuli_raw/wav/FNiralee1.wav,276.271780,276.720300,FNiralee1_34,ADRA,34,FNiralee,F,ɖ,HIN
stimuli_raw/wav/FNiralee1.wav,278.363110,278.816840,FNiralee1_35,ADRA,35,FNiralee,F,ɖ,HIN
stimuli_raw/wav/FNiralee1.wav,280.490940,280.923810,FNiralee1_36,ADRA,36,FNiralee,F,ɖ,HIN
stimuli_raw/wav/FNiralee1.wav,295.784990,296.320820,FNiralee1_37,ADRHA,37,FNiralee,F,ɖʱ,HIN
stimuli_raw/wav/FNiralee1.wav,297.880000,298.350000,FNiralee1_38,ADRHA,38,FNiralee,F,ɖʱ,HIN
stimuli_raw/wav/FNiralee1.wav,300.044590,300.500230,FNiralee1_39,ADRHA,39,FNiralee,F,ɖʱ,HIN
stimuli_raw/wav/FNiralee1.wav,334.405200,334.871170,FNiralee1_40,ATA,40,FNiralee,F,t,NA
stimuli_raw/wav/FNiralee1.wav,336.533840,337.010410,FNiralee1_41,ATA,41,FNiralee,F,t,NA
stimuli_raw/wav/FNiralee1.wav,338.683670,339.255540,FNiralee1_42,ATA,42,FNiralee,F,t,NA
stimuli_raw/wav/FNiralee1.wav,354.519010,355.018480,FNiralee1_43,ATHA,43,FNiralee,F,tʰ,ENG
stimuli_raw/wav/FNiralee1.wav,356.648080,357.127380,FNiralee1_44,ATHA,44,FNiralee,F,tʰ,ENG
stimuli_raw/wav/FNiralee1.wav,358.711570,359.240000,FNiralee1_45,ATHA,45,FNiralee,F,tʰ,ENG
stimuli_raw/wav/FNiralee1.wav,372.646450,373.152180,FNiralee1_46,ADA,46,FNiralee,F,d,ENG
stimuli_raw/wav/FNiralee1.wav,374.752780,375.220000,FNiralee1_47,ADA,47,FNiralee,F,d,ENG
stimuli_raw/wav/FNiralee1.wav,376.879970,377.410000,FNiralee1_48,ADA,48,FNiralee,F,d,ENG
stimuli_raw/wav/FNiralee1.wav,397.216430,397.745690,FNiralee1_49,ADHA,49,FNiralee,F,dʱ,HIN
stimuli_raw/wav/FNiralee1.wav,399.406800,399.894150,FNiralee1_50,ADHA,50,FNiralee,F,dʱ,HIN
stimuli_raw/wav/FNiralee1.wav,401.586460,402.090080,FNiralee1_51,ADHA,51,FNiralee,F,dʱ,HIN
stimuli_raw/wav/FNiralee1.wav,416.879510,417.299860,FNiralee1_52,ANA,52,FNiralee,F,n,ENG
stimuli_raw/wav/FNiralee1.wav,418.970760,419.420000,FNiralee1_53,ANA,53,FNiralee,F,n,ENG
stimuli_raw/wav/FNiralee1.wav,421.119810,421.580000,FNiralee1_54,ANA,54,FNiralee,F,n,ENG
stimuli_raw/wav/FNiralee1.wav,437.950000,438.380000,FNiralee1_55,APA,55,FNiralee,F,p,NA
stimuli_raw/wav/FNiralee1.wav,440.036620,440.500000,FNiralee1_56,APA,56,FNiralee,F,p,NA
stimuli_raw/wav/FNiralee1.wav,442.493290,442.934380,FNiralee1_57,APA,57,FNiralee,F,p,NA
stimuli_raw/wav/FNiralee1.wav,456.756640,457.240000,FNiralee1_58,APHA,58,FNiralee,F,pʰ,NA
stimuli_raw/wav/FNiralee1.wav,458.981930,459.513620,FNiralee1_59,APHA,59,FNiralee,F,pʰ,NA
stimuli_raw/wav/FNiralee1.wav,461.203820,461.679530,FNiralee1_60,APHA,60,FNiralee,F,pʰ,NA
stimuli_raw/wav/FNiralee1.wav,475.014440,475.430820,FNiralee1_61,ABA,61,FNiralee,F,b,ENG
stimuli_raw/wav/FNiralee1.wav,476.948680,477.400140,FNiralee1_62,ABA,62,FNiralee,F,b,ENG
stimuli_raw/wav/FNiralee1.wav,479.044540,479.548490,FNiralee1_63,ABA,63,FNiralee,F,b,ENG
stimuli_raw/wav/FNiralee1.wav,494.700500,495.216270,FNiralee1_64,ABHA,64,FNiralee,F,bʱ,HIN
stimuli_raw/wav/FNiralee1.wav,496.926130,497.370980,FNiralee1_65,ABHA,65,FNiralee,F,bʱ,HIN
stimuli_raw/wav/FNiralee1.wav,499.125280,499.521610,FNiralee1_66,ABHA,66,FNiralee,F,bʱ,HIN
stimuli_raw/wav/FNiralee1.wav,523.484940,523.889230,FNiralee1_67,AMA,67,FNiralee,F,m,ENG
stimuli_raw/wav/FNiralee1.wav,525.722410,526.148860,FNiralee1_68,AMA,68,FNiralee,F,m,ENG
stimuli_raw/wav/FNiralee1.wav,527.968230,528.447250,FNiralee1_69,AMA,69,FNiralee,F,m,ENG
stimuli_raw/wav/FNiralee1.wav,541.047640,541.472520,FNiralee1_70,AJA,70,FNiralee,F,j,ENG
stimuli_raw/wav/FNiralee1.wav,543.112460,543.544030,FNiralee1_71,AJA,71,FNiralee,F,j,ENG
stimuli_raw/wav/FNiralee1.wav,545.205550,545.637860,FNiralee1_72,AJA,72,FNiralee,F,j,ENG
stimuli_raw/wav/FNiralee1.wav,587.544020,588.012310,FNiralee1_73,ARA,73,FNiralee,F,ɾ,ENG
stimuli_raw/wav/FNiralee1.wav,589.618600,590.047040,FNiralee1_74,ARA,74,FNiralee,F,ɾ,ENG
stimuli_raw/wav/FNiralee1.wav,591.670620,592.144160,FNiralee1_75,ARA,75,FNiralee,F,ɾ,ENG
stimuli_raw/wav/FNiralee1.wav,605.339870,605.768170,FNiralee1_76,ALA,76,FNiralee,F,l,ENG
stimuli_raw/wav/FNiralee1.wav,607.444830,607.873180,FNiralee1_77,ALA,77,FNiralee,F,l,ENG
stimuli_raw/wav/FNiralee1.wav,609.555020,610.015400,FNiralee1_78,ALA,78,FNiralee,F,l,ENG
stimuli_raw/wav/FNiralee1.wav,630.654110,631.112260,FNiralee1_79,AVLA,79,FNiralee,F,ʋ,NA
stimuli_raw/wav/FNiralee1.wav,632.957860,633.461450,FNiralee1_80,AVLA,80,FNiralee,F,ʋ,NA
stimuli_raw/wav/FNiralee1.wav,635.297100,635.766420,FNiralee1_81,AVLA,81,FNiralee,F,ʋ,NA
stimuli_raw/wav/FNiralee1.wav,647.295970,647.794270,FNiralee1_82,AXA,82,FNiralee,F,ʃ,ENG
stimuli_raw/wav/FNiralee1.wav,649.416100,649.878230,FNiralee1_83,AXA,83,FNiralee,F,ʃ,ENG
stimuli_raw/wav/FNiralee1.wav,651.741980,652.418680,FNiralee1_84,AXA,84,FNiralee,F,ʃ,ENG
stimuli_raw/wav/FNiralee1.wav,666.424640,666.949310,FNiralee1_85,AXRA,85,FNiralee,F,ʂ,NA
stimuli_raw/wav/FNiralee1.wav,668.566020,669.047990,FNiralee1_86,AXRA,86,FNiralee,F,ʂ,NA
stimuli_raw/wav/FNiralee1.wav,670.781910,671.242070,FNiralee1_87,AXRA,87,FNiralee,F,ʂ,NA
stimuli_raw/wav/FNiralee1.wav,693.891300,694.391740,FNiralee1_88,ASA,88,FNiralee,F,s,ENG
stimuli_raw/wav/FNiralee1.wav,696.103400,696.609460,FNiralee1_89,ASA,89,FNiralee,F,s,ENG
stimuli_raw/wav/FNiralee1.wav,698.365770,698.812290,FNiralee1_90,ASA,90,FNiralee,F,s,ENG
stimuli_raw/wav/FNiralee1.wav,710.887930,711.370690,FNiralee1_91,AHHA,91,FNiralee,F,ɦ,ENG
stimuli_raw/wav/FNiralee1.wav,713.120090,713.630190,FNiralee1_92,AHHA,92,FNiralee,F,ɦ,ENG
stimuli_raw/wav/FNiralee1.wav,715.260620,715.748460,FNiralee1_93,AHHA,93,FNiralee,F,ɦ,ENG
stimuli_raw/wav/FNiralee1.wav,767.992580,768.538310,FNiralee1_94,ARRA,94,FNiralee,F,ɣ,HIN
stimuli_raw/wav/FNiralee1.wav,770.209620,770.779790,FNiralee1_95,ARRA,95,FNiralee,F,ɣ,HIN
stimuli_raw/wav/FNiralee1.wav,772.461450,773.099700,FNiralee1_96,ARRA,96,FNiralee,F,ɣ,HIN
stimuli_raw/wav/FNiralee1.wav,786.513150,787.042940,FNiralee1_97,ARTHA,97,FNiralee,F,ɽʱ,HIN
stimuli_raw/wav/FNiralee1.wav,788.707990,789.264810,FNiralee1_98,ARTHA,98,FNiralee,F,ɽʱ,HIN
stimuli_raw/wav/FNiralee1.wav,791.005550,791.535340,FNiralee1_99,ARTHA,99,FNiralee,F,ɽʱ,HIN
stimuli_raw/wav/FNiralee1.wav,837.453870,837.962480,FNiralee1_100,ARHA,100,FNiralee,F,x,HIN
stimuli_raw/wav/FNiralee1.wav,839.623920,840.149470,FNiralee1_101,ARHA,101,FNiralee,F,x,HIN
stimuli_raw/wav/FNiralee1.wav,841.827870,842.336470,FNiralee1_102,ARHA,102,FNiralee,F,x,HIN
stimuli_raw/wav/FNiralee1.wav,887.904660,888.382480,FNiralee1_103,ARTHA,103,FNiralee,F,ɽʱ,HIN
stimuli_raw/wav/FNiralee1.wav,889.966850,890.442960,FNiralee1_104,ARTHA,104,FNiralee,F,ɽʱ,HIN
stimuli_raw/wav/FNiralee1.wav,892.544400,892.977690,FNiralee1_105,ARTHA,105,FNiralee,F,ɽʱ,HIN
stimuli_raw/wav/FNiralee1.wav,904.872570,905.293230,FNiralee1_106,ARTA,106,FNiralee,F,ɽ,HIN
stimuli_raw/wav/FNiralee1.wav,906.997190,907.417520,FNiralee1_107,ARTA,107,FNiralee,F,ɽ,HIN
stimuli_raw/wav/FNiralee1.wav,909.126430,909.541820,FNiralee1_108,ARTA,108,FNiralee,F,ɽ,HIN
stimuli_raw/wav/FNiralee1.wav,922.564470,923.000950,FNiralee1_109,ANRA,109,FNiralee,F,ɳ,HIN
stimuli_raw/wav/FNiralee1.wav,924.616980,925.043070,FNiralee1_110,ANRA,110,FNiralee,F,ɳ,HIN
stimuli_raw/wav/FNiralee1.wav,926.789000,927.230680,FNiralee1_111,ANRA,111,FNiralee,F,ɳ,HIN
stimuli_raw/wav/Mnirbhay1.wav,9.430000,9.850000,Mnirbhay1_1,AKA,1,Mnirbhay,M,k,NA
stimuli_raw/wav/Mnirbhay1.wav,11.180000,11.670000,Mnirbhay1_2,AKA,2,Mnirbhay,M,k,NA
stimuli_raw/wav/Mnirbhay1.wav,13.120000,13.580000,Mnirbhay1_3,AKA,3,Mnirbhay,M,k,NA
stimuli_raw/wav/Mnirbhay1.wav,25.880000,26.387620,Mnirbhay1_4,AKHA,4,Mnirbhay,M,kʰ,ENG
stimuli_raw/wav/Mnirbhay1.wav,27.760000,28.240000,Mnirbhay1_5,AKHA,5,Mnirbhay,M,kʰ,ENG
stimuli_raw/wav/Mnirbhay1.wav,29.650000,30.120000,Mnirbhay1_6,AKHA,6,Mnirbhay,M,kʰ,ENG
stimuli_raw/wav/Mnirbhay1.wav,44.810000,45.270000,Mnirbhay1_7,AGA,7,Mnirbhay,M,g,ENG
stimuli_raw/wav/Mnirbhay1.wav,46.700000,47.110000,Mnirbhay1_8,AGA,8,Mnirbhay,M,g,ENG
stimuli_raw/wav/Mnirbhay1.wav,48.620000,49.040000,Mnirbhay1_9,AGA,9,Mnirbhay,M,g,ENG
stimuli_raw/wav/Mnirbhay1.wav,62.668570,63.119560,Mnirbhay1_10,AGHA,10,Mnirbhay,M,ɡʱ,HIN
stimuli_raw/wav/Mnirbhay1.wav,64.515490,65.009440,Mnirbhay1_11,AGHA,11,Mnirbhay,M,ɡʱ,HIN
stimuli_raw/wav/Mnirbhay1.wav,66.420000,66.860000,Mnirbhay1_12,AGHA,12,Mnirbhay,M,ɡʱ,HIN
stimuli_raw/wav/Mnirbhay1.wav,82.382480,82.854950,Mnirbhay1_13,ATXA,13,Mnirbhay,M,t͡ʃ,NA
stimuli_raw/wav/Mnirbhay1.wav,84.370000,84.880000,Mnirbhay1_14,ATXA,14,Mnirbhay,M,t͡ʃ,NA
stimuli_raw/wav/Mnirbhay1.wav,86.527320,87.021260,Mnirbhay1_15,ATXA,15,Mnirbhay,M,t͡ʃ,NA
stimuli_raw/wav/Mnirbhay1.wav,103.610000,104.070000,Mnirbhay1_16,ATXHA,16,Mnirbhay,M,t͡ʃʰ,ENG
stimuli_raw/wav/Mnirbhay1.wav,105.580000,106.040000,Mnirbhay1_17,ATXHA,17,Mnirbhay,M,t͡ʃʰ,ENG
stimuli_raw/wav/Mnirbhay1.wav,107.510000,107.970000,Mnirbhay1_18,ATXHA,18,Mnirbhay,M,t͡ʃʰ,ENG
stimuli_raw/wav/Mnirbhay1.wav,124.840000,125.290000,Mnirbhay1_19,ADXA,19,Mnirbhay,M,d͡ʒ,ENG
stimuli_raw/wav/Mnirbhay1.wav,126.890000,127.320000,Mnirbhay1_20,ADXA,20,Mnirbhay,M,d͡ʒ,ENG
stimuli_raw/wav/Mnirbhay1.wav,129.031320,129.510000,Mnirbhay1_21,ADXA,21,Mnirbhay,M,d͡ʒ,ENG
stimuli_raw/wav/Mnirbhay1.wav,145.455920,145.540000,Mnirbhay1_22,AZA,22,Mnirbhay,M,z,ENG
stimuli_raw/wav/Mnirbhay1.wav,147.148690,147.630000,Mnirbhay1_23,AZA,23,Mnirbhay,M,z,ENG
stimuli_raw/wav/Mnirbhay1.wav,149.460000,149.990000,Mnirbhay1_24,AZA,24,Mnirbhay,M,z,ENG
stimuli_raw/wav/Mnirbhay1.wav,166.780000,167.270000,Mnirbhay1_25,ADXHA,25,Mnirbhay,M,d͡ʒʱ,HIN
stimuli_raw/wav/Mnirbhay1.wav,168.790000,169.239840,Mnirbhay1_26,ADXHA,26,Mnirbhay,M,d͡ʒʱ,HIN
stimuli_raw/wav/Mnirbhay1.wav,170.716600,171.280000,Mnirbhay1_27,ADXHA,27,Mnirbhay,M,d͡ʒʱ,HIN
stimuli_raw/wav/Mnirbhay1.wav,189.611120,190.007860,Mnirbhay1_28,ATRA,28,Mnirbhay,M,ʈ,NA
stimuli_raw/wav/Mnirbhay1.wav,191.550000,191.971040,Mnirbhay1_29,ATRA,29,Mnirbhay,M,ʈ,NA
stimuli_raw/wav/Mnirbhay1.wav,193.690000,194.098350,Mnirbhay1_30,ATRA,30,Mnirbhay,M,ʈ,NA
stimuli_raw/wav/Mnirbhay1.wav,210.150000,210.610000,Mnirbhay1_31,ATRHA,31,Mnirbhay,M,ʈʰ,HIN
stimuli_raw/wav/Mnirbhay1.wav,212.140000,212.590000,Mnirbhay1_32,ATRHA,32,Mnirbhay,M,ʈʰ,HIN
stimuli_raw/wav/Mnirbhay1.wav,214.240000,214.680000,Mnirbhay1_33,ATRHA,33,Mnirbhay,M,ʈʰ,HIN
stimuli_raw/wav/Mnirbhay1.wav,231.250000,231.660000,Mnirbhay1_34,ADRA,34,Mnirbhay,M,ɖ,HIN
stimuli_raw/wav/Mnirbhay1.wav,233.080000,233.540000,Mnirbhay1_35,ADRA,35,Mnirbhay,M,ɖ,HIN
stimuli_raw/wav/Mnirbhay1.wav,234.996840,235.420000,Mnirbhay1_36,ADRA,36,Mnirbhay,M,ɖ,HIN
stimuli_raw/wav/Mnirbhay1.wav,252.078890,252.580000,Mnirbhay1_37,ADRHA,37,Mnirbhay,M,ɖʱ,HIN
stimuli_raw/wav/Mnirbhay1.wav,254.090000,254.560000,Mnirbhay1_38,ADRHA,38,Mnirbhay,M,ɖʱ,HIN
stimuli_raw/wav/Mnirbhay1.wav,256.088740,256.600000,Mnirbhay1_39,ADRHA,39,Mnirbhay,M,ɖʱ,HIN
stimuli_raw/wav/Mnirbhay1.wav,273.250140,273.690000,Mnirbhay1_40,ATA,40,Mnirbhay,M,t,NA
stimuli_raw/wav/Mnirbhay1.wav,275.226820,275.680000,Mnirbhay1_41,ATA,41,Mnirbhay,M,t,NA
stimuli_raw/wav/Mnirbhay1.wav,277.220000,277.690000,Mnirbhay1_42,ATA,42,Mnirbhay,M,t,NA
stimuli_raw/wav/Mnirbhay1.wav,294.290000,294.780000,Mnirbhay1_43,ATHA,43,Mnirbhay,M,tʰ,ENG
stimuli_raw/wav/Mnirbhay1.wav,296.390000,296.974030,Mnirbhay1_44,ATHA,44,Mnirbhay,M,tʰ,ENG
stimuli_raw/wav/Mnirbhay1.wav,298.860000,299.310000,Mnirbhay1_45,ATHA,45,Mnirbhay,M,tʰ,ENG
stimuli_raw/wav/Mnirbhay1.wav,314.520000,314.980000,Mnirbhay1_46,ADA,46,Mnirbhay,M,d,ENG
stimuli_raw/wav/Mnirbhay1.wav,316.690000,317.120000,Mnirbhay1_47,ADA,47,Mnirbhay,M,d,ENG
stimuli_raw/wav/Mnirbhay1.wav,318.830000,319.320000,Mnirbhay1_48,ADA,48,Mnirbhay,M,d,ENG
stimuli_raw/wav/Mnirbhay1.wav,335.740000,336.180000,Mnirbhay1_49,ADHA,49,Mnirbhay,M,dʱ,HIN
stimuli_raw/wav/Mnirbhay1.wav,337.760000,338.250000,Mnirbhay1_50,ADHA,50,Mnirbhay,M,dʱ,HIN
stimuli_raw/wav/Mnirbhay1.wav,339.930000,340.450000,Mnirbhay1_51,ADHA,51,Mnirbhay,M,dʱ,HIN
stimuli_raw/wav/Mnirbhay1.wav,358.670000,359.100000,Mnirbhay1_52,ANA,52,Mnirbhay,M,n,ENG
stimuli_raw/wav/Mnirbhay1.wav,361.270000,361.780000,Mnirbhay1_53,ANA,53,Mnirbhay,M,n,ENG
stimuli_raw/wav/Mnirbhay1.wav,364.110000,364.630000,Mnirbhay1_54,ANA,54,Mnirbhay,M,n,ENG
stimuli_raw/wav/Mnirbhay1.wav,378.950000,379.380000,Mnirbhay1_55,APA,55,Mnirbhay,M,p,NA
stimuli_raw/wav/Mnirbhay1.wav,381.200000,381.700000,Mnirbhay1_56,APA,56,Mnirbhay,M,p,NA
stimuli_raw/wav/Mnirbhay1.wav,383.650000,384.120000,Mnirbhay1_57,APA,57,Mnirbhay,M,p,NA
stimuli_raw/wav/Mnirbhay1.wav,402.090000,402.520000,Mnirbhay1_58,APHA,58,Mnirbhay,M,pʰ,NA
stimuli_raw/wav/Mnirbhay1.wav,404.260000,404.761500,Mnirbhay1_59,APHA,59,Mnirbhay,M,pʰ,NA
stimuli_raw/wav/Mnirbhay1.wav,406.490000,406.999920,Mnirbhay1_60,APHA,60,Mnirbhay,M,pʰ,NA
stimuli_raw/wav/Mnirbhay1.wav,425.999050,426.440000,Mnirbhay1_61,ABA,61,Mnirbhay,M,b,ENG
stimuli_raw/wav/Mnirbhay1.wav,428.280000,428.740000,Mnirbhay1_62,ABA,62,Mnirbhay,M,b,ENG
stimuli_raw/wav/Mnirbhay1.wav,430.660000,431.245910,Mnirbhay1_63,ABA,63,Mnirbhay,M,b,ENG
stimuli_raw/wav/Mnirbhay1.wav,445.968350,446.470000,Mnirbhay1_64,ABHA,64,Mnirbhay,M,bʱ,HIN
stimuli_raw/wav/Mnirbhay1.wav,448.350000,448.850000,Mnirbhay1_65,ABHA,65,Mnirbhay,M,bʱ,HIN
stimuli_raw/wav/Mnirbhay1.wav,450.960000,451.500000,Mnirbhay1_66,ABHA,66,Mnirbhay,M,bʱ,HIN
stimuli_raw/wav/Mnirbhay1.wav,468.900000,469.360000,Mnirbhay1_67,AMA,67,Mnirbhay,M,m,ENG
stimuli_raw/wav/Mnirbhay1.wav,471.500000,471.890000,Mnirbhay1_68,AMA,68,Mnirbhay,M,m,ENG
stimuli_raw/wav/Mnirbhay1.wav,474.390000,474.840000,Mnirbhay1_69,AMA,69,Mnirbhay,M,m,ENG
stimuli_raw/wav/Mnirbhay1.wav,491.135450,491.560000,Mnirbhay1_70,AJA,70,Mnirbhay,M,j,ENG
stimuli_raw/wav/Mnirbhay1.wav,493.500000,493.930000,Mnirbhay1_71,AJA,71,Mnirbhay,M,j,ENG
stimuli_raw/wav/Mnirbhay1.wav,495.760000,496.280000,Mnirbhay1_72,AJA,72,Mnirbhay,M,j,ENG
stimuli_raw/wav/Mnirbhay1.wav,513.822990,514.226130,Mnirbhay1_73,ARA,73,Mnirbhay,M,ɾ,ENG
stimuli_raw/wav/Mnirbhay1.wav,516.580000,516.960000,Mnirbhay1_74,ARA,74,Mnirbhay,M,ɾ,ENG
stimuli_raw/wav/Mnirbhay1.wav,519.870000,520.250000,Mnirbhay1_75,ARA,75,Mnirbhay,M,ɾ,ENG
stimuli_raw/wav/Mnirbhay1.wav,537.030000,537.470000,Mnirbhay1_76,ALA,76,Mnirbhay,M,l,ENG
stimuli_raw/wav/Mnirbhay1.wav,539.620000,540.040000,Mnirbhay1_77,ALA,77,Mnirbhay,M,l,ENG
stimuli_raw/wav/Mnirbhay1.wav,542.560000,542.980000,Mnirbhay1_78,ALA,78,Mnirbhay,M,l,ENG
stimuli_raw/wav/Mnirbhay1.wav,559.510000,559.970000,Mnirbhay1_79,AVLA,79,Mnirbhay,M,ʋ,NA
stimuli_raw/wav/Mnirbhay1.wav,562.110000,562.540000,Mnirbhay1_80,AVLA,80,Mnirbhay,M,ʋ,NA
stimuli_raw/wav/Mnirbhay1.wav,564.810000,565.220000,Mnirbhay1_81,AVLA,81,Mnirbhay,M,ʋ,NA
stimuli_raw/wav/Mnirbhay1.wav,580.213260,580.700000,Mnirbhay1_82,AXA,82,Mnirbhay,M,ʃ,ENG
stimuli_raw/wav/Mnirbhay1.wav,583.110000,583.556020,Mnirbhay1_83,AXA,83,Mnirbhay,M,ʃ,ENG
stimuli_raw/wav/Mnirbhay1.wav,585.950000,586.390000,Mnirbhay1_84,AXA,84,Mnirbhay,M,ʃ,ENG
stimuli_raw/wav/Mnirbhay1.wav,606.880000,607.330910,Mnirbhay1_85,AXRA,85,Mnirbhay,M,ʂ,NA
stimuli_raw/wav/Mnirbhay1.wav,609.077880,609.570000,Mnirbhay1_86,AXRA,86,Mnirbhay,M,ʂ,NA
stimuli_raw/wav/Mnirbhay1.wav,611.513560,612.010000,Mnirbhay1_87,AXRA,87,Mnirbhay,M,ʂ,NA
stimuli_raw/wav/Mnirbhay1.wav,629.529810,629.980000,Mnirbhay1_88,ASA,88,Mnirbhay,M,s,ENG
stimuli_raw/wav/Mnirbhay1.wav,631.925260,632.412960,Mnirbhay1_89,ASA,89,Mnirbhay,M,s,ENG
stimuli_raw/wav/Mnirbhay1.wav,634.492850,635.037920,Mnirbhay1_90,ASA,90,Mnirbhay,M,s,ENG
stimuli_raw/wav/Mnirbhay1.wav,650.389520,650.868330,Mnirbhay1_91,AHHA,91,Mnirbhay,M,ɦ,ENG
stimuli_raw/wav/Mnirbhay1.wav,652.912460,653.428090,Mnirbhay1_92,AHHA,92,Mnirbhay,M,ɦ,ENG
stimuli_raw/wav/Mnirbhay1.wav,655.803700,656.319340,Mnirbhay1_93,AHHA,93,Mnirbhay,M,ɦ,ENG
stimuli_raw/wav/Mnirbhay1.wav,672.698360,673.195580,Mnirbhay1_94,ARRA,94,Mnirbhay,M,ɣ,HIN
stimuli_raw/wav/Mnirbhay1.wav,675.092380,675.626430,Mnirbhay1_95,ARRA,95,Mnirbhay,M,ɣ,HIN
stimuli_raw/wav/Mnirbhay1.wav,677.578490,678.296690,Mnirbhay1_96,ARRA,96,Mnirbhay,M,ɣ,HIN
stimuli_raw/wav/Mnirbhay1.wav,695.994630,696.528680,Mnirbhay1_97,ARHA,97,Mnirbhay,M,x,HIN
stimuli_raw/wav/Mnirbhay1.wav,698.535980,698.996370,Mnirbhay1_98,ARHA,98,Mnirbhay,M,x,HIN
stimuli_raw/wav/Mnirbhay1.wav,701.408810,701.850780,Mnirbhay1_99,ARHA,99,Mnirbhay,M,x,HIN
stimuli_raw/wav/Mnirbhay1.wav,718.056600,718.572240,Mnirbhay1_100,ARTHA,100,Mnirbhay,M,ɽʱ,HIN
stimuli_raw/wav/Mnirbhay1.wav,720.395380,721.003090,Mnirbhay1_101,ARTHA,101,Mnirbhay,M,ɽʱ,HIN
stimuli_raw/wav/Mnirbhay1.wav,722.955150,723.544450,Mnirbhay1_102,ARTHA,102,Mnirbhay,M,ɽʱ,HIN
stimuli_raw/wav/Mnirbhay1.wav,737.921550,738.400350,Mnirbhay1_103,ARTA,103,Mnirbhay,M,ɽ,HIN
stimuli_raw/wav/Mnirbhay1.wav,740.168250,740.647060,Mnirbhay1_104,ARTA,104,Mnirbhay,M,ɽ,HIN
stimuli_raw/wav/Mnirbhay1.wav,742.470200,742.985840,Mnirbhay1_105,ARTA,105,Mnirbhay,M,ɽ,HIN
stimuli_raw/wav/Mnirbhay1.wav,758.738930,759.217740,Mnirbhay1_106,ANRA,106,Mnirbhay,M,ɳ,HIN
stimuli_raw/wav/Mnirbhay1.wav,761.169790,761.667010,Mnirbhay1_107,ANRA,107,Mnirbhay,M,ɳ,HIN
stimuli_raw/wav/Mnirbhay1.wav,763.840050,764.318860,Mnirbhay1_108,ANRA,108,Mnirbhay,M,ɳ,HIN
stimuli_raw/wav/Fbhavya1.wav,20.350000,20.778370,Fbhavya1_1,AKA,1,Fbhavya,F,k,NA
stimuli_raw/wav/Fbhavya1.wav,22.440000,22.840000,Fbhavya1_2,AKA,2,Fbhavya,F,k,NA
stimuli_raw/wav/Fbhavya1.wav,24.570000,24.980000,Fbhavya1_3,AKA,3,Fbhavya,F,k,NA
stimuli_raw/wav/Fbhavya1.wav,38.870000,39.260000,Fbhavya1_4,AKHA,4,Fbhavya,F,kʰ,ENG
stimuli_raw/wav/Fbhavya1.wav,40.870000,41.290000,Fbhavya1_5,AKHA,5,Fbhavya,F,kʰ,ENG
stimuli_raw/wav/Fbhavya1.wav,42.900000,43.350000,Fbhavya1_6,AKHA,6,Fbhavya,F,kʰ,ENG
stimuli_raw/wav/Fbhavya1.wav,56.220000,56.618730,Fbhavya1_7,AGA,7,Fbhavya,F,g,ENG
stimuli_raw/wav/Fbhavya1.wav,58.220000,58.610000,Fbhavya1_8,AGA,8,Fbhavya,F,g,ENG
stimuli_raw/wav/Fbhavya1.wav,60.240000,60.695810,Fbhavya1_9,AGA,9,Fbhavya,F,g,ENG
stimuli_raw/wav/Fbhavya1.wav,74.460000,74.875290,Fbhavya1_10,AGHA,10,Fbhavya,F,ɡʱ,HIN
stimuli_raw/wav/Fbhavya1.wav,76.480000,76.921380,Fbhavya1_11,AGHA,11,Fbhavya,F,ɡʱ,HIN
stimuli_raw/wav/Fbhavya1.wav,78.430000,78.857300,Fbhavya1_12,AGHA,12,Fbhavya,F,ɡʱ,HIN
stimuli_raw/wav/Fbhavya1.wav,114.120000,114.510000,Fbhavya1_13,ATXA,13,Fbhavya,F,t͡ʃ,NA
stimuli_raw/wav/Fbhavya1.wav,116.040000,116.446720,Fbhavya1_14,ATXA,14,Fbhavya,F,t͡ʃ,NA
stimuli_raw/wav/Fbhavya1.wav,118.070000,118.494980,Fbhavya1_15,ATXA,15,Fbhavya,F,t͡ʃ,NA
stimuli_raw/wav/Fbhavya1.wav,132.924570,133.325950,Fbhavya1_16,ATXHA,16,Fbhavya,F,t͡ʃʰ,ENG
stimuli_raw/wav/Fbhavya1.wav,134.736850,135.138490,Fbhavya1_17,ATXHA,17,Fbhavya,F,t͡ʃʰ,ENG
stimuli_raw/wav/Fbhavya1.wav,136.908510,137.373270,Fbhavya1_18,ATXHA,18,Fbhavya,F,t͡ʃʰ,ENG
stimuli_raw/wav/Fbhavya1.wav,151.802100,152.185490,Fbhavya1_19,ADXA,19,Fbhavya,F,d͡ʒ,ENG
stimuli_raw/wav/Fbhavya1.wav,153.724060,154.127370,Fbhavya1_20,ADXA,20,Fbhavya,F,d͡ʒ,ENG
stimuli_raw/wav/Fbhavya1.wav,155.720000,156.163860,Fbhavya1_21,ADXA,21,Fbhavya,F,d͡ʒ,ENG
stimuli_raw/wav/Fbhavya1.wav,170.381810,170.795950,Fbhavya1_22,AZA,22,Fbhavya,F,z,ENG
stimuli_raw/wav/Fbhavya1.wav,172.562270,172.996960,Fbhavya1_23,AZA,23,Fbhavya,F,z,ENG
stimuli_raw/wav/Fbhavya1.wav,174.791010,175.150000,Fbhavya1_24,AZA,24,Fbhavya,F,z,ENG
stimuli_raw/wav/Fbhavya1.wav,193.033610,193.471740,Fbhavya1_25,ADXHA,25,Fbhavya,F,d͡ʒʱ,HIN
stimuli_raw/wav/Fbhavya1.wav,195.166890,195.580000,Fbhavya1_26,ADXHA,26,Fbhavya,F,d͡ʒʱ,HIN
stimuli_raw/wav/Fbhavya1.wav,197.230000,197.660000,Fbhavya1_27,ADXHA,27,Fbhavya,F,d͡ʒʱ,HIN
stimuli_raw/wav/Fbhavya1.wav,210.931290,211.278000,Fbhavya1_28,ATRA,28,Fbhavya,F,ʈ,NA
stimuli_raw/wav/Fbhavya1.wav,212.758910,213.110000,Fbhavya1_29,ATRA,29,Fbhavya,F,ʈ,NA
stimuli_raw/wav/Fbhavya1.wav,214.913410,215.289830,Fbhavya1_30,ATRA,30,Fbhavya,F,ʈ,NA
stimuli_raw/wav/Fbhavya1.wav,229.092900,229.465730,Fbhavya1_31,ATRHA,31,Fbhavya,F,ʈʰ,HIN
stimuli_raw/wav/Fbhavya1.wav,230.942510,231.310000,Fbhavya1_32,ATRHA,32,Fbhavya,F,ʈʰ,HIN
stimuli_raw/wav/Fbhavya1.wav,232.990000,233.380000,Fbhavya1_33,ATRHA,33,Fbhavya,F,ʈʰ,HIN
stimuli_raw/wav/Fbhavya1.wav,243.831390,244.219630,Fbhavya1_34,ADRA,34,Fbhavya,F,ɖ,HIN
stimuli_raw/wav/Fbhavya1.wav,245.696980,246.030000,Fbhavya1_35,ADRA,35,Fbhavya,F,ɖ,HIN
stimuli_raw/wav/Fbhavya1.wav,247.880000,248.260000,Fbhavya1_36,ADRA,36,Fbhavya,F,ɖ,HIN
stimuli_raw/wav/Fbhavya1.wav,260.609120,260.996170,Fbhavya1_37,ADRHA,37,Fbhavya,F,ɖʱ,HIN
stimuli_raw/wav/Fbhavya1.wav,262.866900,263.243190,Fbhavya1_38,ADRHA,38,Fbhavya,F,ɖʱ,HIN
stimuli_raw/wav/Fbhavya1.wav,265.130000,265.543970,Fbhavya1_39,ADRHA,39,Fbhavya,F,ɖʱ,HIN
stimuli_raw/wav/Fbhavya1.wav,280.843590,281.201850,Fbhavya1_40,ATA,40,Fbhavya,F,t,NA
stimuli_raw/wav/Fbhavya1.wav,282.950000,283.345860,Fbhavya1_41,ATA,41,Fbhavya,F,t,NA
stimuli_raw/wav/Fbhavya1.wav,285.070000,285.501070,Fbhavya1_42,ATA,42,Fbhavya,F,t,NA
stimuli_raw/wav/Fbhavya1.wav,299.556400,299.990110,Fbhavya1_43,ATHA,43,Fbhavya,F,tʰ,ENG
stimuli_raw/wav/Fbhavya1.wav,301.673380,302.126170,Fbhavya1_44,ATHA,44,Fbhavya,F,tʰ,ENG
stimuli_raw/wav/Fbhavya1.wav,303.847580,304.278060,Fbhavya1_45,ATHA,45,Fbhavya,F,tʰ,ENG
stimuli_raw/wav/Fbhavya1.wav,318.589880,318.974450,Fbhavya1_46,ADA,46,Fbhavya,F,d,ENG
stimuli_raw/wav/Fbhavya1.wav,320.820000,321.210000,Fbhavya1_47,ADA,47,Fbhavya,F,d,ENG
stimuli_raw/wav/Fbhavya1.wav,323.040000,323.440000,Fbhavya1_48,ADA,48,Fbhavya,F,d,ENG
stimuli_raw/wav/Fbhavya1.wav,339.231570,339.635490,Fbhavya1_49,ADHA,49,Fbhavya,F,dʱ,HIN
stimuli_raw/wav/Fbhavya1.wav,341.248100,341.640000,Fbhavya1_50,ADHA,50,Fbhavya,F,dʱ,HIN
stimuli_raw/wav/Fbhavya1.wav,343.413850,343.817760,Fbhavya1_51,ADHA,51,Fbhavya,F,dʱ,HIN
stimuli_raw/wav/Fbhavya1.wav,355.670000,356.077400,Fbhavya1_52,ANA,52,Fbhavya,F,n,ENG
stimuli_raw/wav/Fbhavya1.wav,357.860000,358.270000,Fbhavya1_53,ANA,53,Fbhavya,F,n,ENG
stimuli_raw/wav/Fbhavya1.wav,360.050000,360.440010,Fbhavya1_54,ANA,54,Fbhavya,F,n,ENG
stimuli_raw/wav/Fbhavya1.wav,372.546330,372.913190,Fbhavya1_55,APA,55,Fbhavya,F,p,NA
stimuli_raw/wav/Fbhavya1.wav,374.636140,375.000000,Fbhavya1_56,APA,56,Fbhavya,F,p,NA
stimuli_raw/wav/Fbhavya1.wav,376.760000,377.170000,Fbhavya1_57,APA,57,Fbhavya,F,p,NA
stimuli_raw/wav/Fbhavya1.wav,392.065840,392.450000,Fbhavya1_58,APA,58,Fbhavya,F,p,NA
stimuli_raw/wav/Fbhavya1.wav,394.140000,394.550000,Fbhavya1_59,APA,59,Fbhavya,F,p,NA
stimuli_raw/wav/Fbhavya1.wav,396.270000,396.690000,Fbhavya1_60,APA,60,Fbhavya,F,p,NA
stimuli_raw/wav/Fbhavya1.wav,409.470000,409.883890,Fbhavya1_61,ABA,61,Fbhavya,F,b,ENG
stimuli_raw/wav/Fbhavya1.wav,411.590000,412.016420,Fbhavya1_62,ABA,62,Fbhavya,F,b,ENG
stimuli_raw/wav/Fbhavya1.wav,413.630000,414.020000,Fbhavya1_63,ABA,63,Fbhavya,F,b,ENG
stimuli_raw/wav/Fbhavya1.wav,426.150000,426.548480,Fbhavya1_64,ABA,64,Fbhavya,F,b,ENG
stimuli_raw/wav/Fbhavya1.wav,428.380000,428.760030,Fbhavya1_65,ABA,65,Fbhavya,F,b,ENG
stimuli_raw/wav/Fbhavya1.wav,430.660000,431.051130,Fbhavya1_66,ABA,66,Fbhavya,F,b,ENG
stimuli_raw/wav/Fbhavya1.wav,440.970000,441.370870,Fbhavya1_67,ABHA,67,Fbhavya,F,bʱ,HIN
stimuli_raw/wav/Fbhavya1.wav,442.940000,443.329620,Fbhavya1_68,ABHA,68,Fbhavya,F,bʱ,HIN
stimuli_raw/wav/Fbhavya1.wav,445.090000,445.473250,Fbhavya1_69,ABHA,69,Fbhavya,F,bʱ,HIN
stimuli_raw/wav/Fbhavya1.wav,458.790000,459.160000,Fbhavya1_70,AMA,70,Fbhavya,F,m,ENG
stimuli_raw/wav/Fbhavya1.wav,460.750000,461.128420,Fbhavya1_71,AMA,71,Fbhavya,F,m,ENG
stimuli_raw/wav/Fbhavya1.wav,463.130000,463.540000,Fbhavya1_72,AMA,72,Fbhavya,F,m,ENG
stimuli_raw/wav/Fbhavya1.wav,478.280000,478.670360,Fbhavya1_73,AJA,73,Fbhavya,F,j,ENG
stimuli_raw/wav/Fbhavya1.wav,480.434260,480.820000,Fbhavya1_74,AJA,74,Fbhavya,F,j,ENG
stimuli_raw/wav/Fbhavya1.wav,482.435220,482.784750,Fbhavya1_75,AJA,75,Fbhavya,F,j,ENG
stimuli_raw/wav/Fbhavya1.wav,497.637690,497.981450,Fbhavya1_76,ARA,76,Fbhavya,F,ɾ,ENG
stimuli_raw/wav/Fbhavya1.wav,499.781260,500.169020,Fbhavya1_77,ARA,77,Fbhavya,F,ɾ,ENG
stimuli_raw/wav/Fbhavya1.wav,501.830000,502.175140,Fbhavya1_78,ARA,78,Fbhavya,F,ɾ,ENG
stimuli_raw/wav/Fbhavya1.wav,514.900000,515.263850,Fbhavya1_79,ALA,79,Fbhavya,F,l,ENG
stimuli_raw/wav/Fbhavya1.wav,516.904480,517.243440,Fbhavya1_80,ALA,80,Fbhavya,F,l,ENG
stimuli_raw/wav/Fbhavya1.wav,518.864820,519.199470,Fbhavya1_81,ALA,81,Fbhavya,F,l,ENG
stimuli_raw/wav/Fbhavya1.wav,530.103440,530.450170,Fbhavya1_82,AVLA,82,Fbhavya,F,ʋ,NA
stimuli_raw/wav/Fbhavya1.wav,532.080000,532.460200,Fbhavya1_83,AVLA,83,Fbhavya,F,ʋ,NA
stimuli_raw/wav/Fbhavya1.wav,534.080000,534.470230,Fbhavya1_84,AVLA,84,Fbhavya,F,ʋ,NA
stimuli_raw/wav/Fbhavya1.wav,549.420380,549.797080,Fbhavya1_85,AXA,85,Fbhavya,F,ʃ,ENG
stimuli_raw/wav/Fbhavya1.wav,551.558380,551.935080,Fbhavya1_86,AXA,86,Fbhavya,F,ʃ,ENG
stimuli_raw/wav/Fbhavya1.wav,553.492740,553.859280,Fbhavya1_87,AXA,87,Fbhavya,F,ʃ,ENG
stimuli_raw/wav/Fbhavya1.wav,564.944650,565.327620,Fbhavya1_88,AXRA,88,Fbhavya,F,ʂ,NA
stimuli_raw/wav/Fbhavya1.wav,566.854170,567.240000,Fbhavya1_89,AXRA,89,Fbhavya,F,ʂ,NA
stimuli_raw/wav/Fbhavya1.wav,568.850000,569.270000,Fbhavya1_90,AXRA,90,Fbhavya,F,ʂ,NA
stimuli_raw/wav/Fbhavya1.wav,581.616040,582.001530,Fbhavya1_91,ASA,91,Fbhavya,F,s,ENG
stimuli_raw/wav/Fbhavya1.wav,583.611380,583.960000,Fbhavya1_92,ASA,92,Fbhavya,F,s,ENG
stimuli_raw/wav/Fbhavya1.wav,585.508720,585.890540,Fbhavya1_93,ASA,93,Fbhavya,F,s,ENG
stimuli_raw/wav/Fbhavya1.wav,597.503970,597.862090,Fbhavya1_94,AHHA,94,Fbhavya,F,ɦ,ENG
stimuli_raw/wav/Fbhavya1.wav,599.370000,599.754280,Fbhavya1_95,AHHA,95,Fbhavya,F,ɦ,ENG
stimuli_raw/wav/Fbhavya1.wav,601.317160,601.670000,Fbhavya1_96,AHHA,96,Fbhavya,F,ɦ,ENG
stimuli_raw/wav/Fbhavya1.wav,615.179590,615.549630,Fbhavya1_97,ARRA,97,Fbhavya,F,ɣ,HIN
stimuli_raw/wav/Fbhavya1.wav,617.153130,617.523170,Fbhavya1_98,ARRA,98,Fbhavya,F,ɣ,HIN
stimuli_raw/wav/Fbhavya1.wav,619.040330,619.410370,Fbhavya1_99,ARRA,99,Fbhavya,F,ɣ,HIN
stimuli_raw/wav/Fbhavya1.wav,632.498270,632.912700,Fbhavya1_100,ARHA,100,Fbhavya,F,x,HIN
stimuli_raw/wav/Fbhavya1.wav,634.520190,634.947180,Fbhavya1_101,ARHA,101,Fbhavya,F,x,HIN
stimuli_raw/wav/Fbhavya1.wav,636.504440,636.918870,Fbhavya1_102,ARHA,102,Fbhavya,F,x,HIN
stimuli_raw/wav/Fbhavya1.wav,650.791540,651.154140,Fbhavya1_103,ARTHA,103,Fbhavya,F,ɽʱ,HIN
stimuli_raw/wav/Fbhavya1.wav,652.785830,653.148420,Fbhavya1_104,ARTHA,104,Fbhavya,F,ɽʱ,HIN
stimuli_raw/wav/Fbhavya1.wav,654.862520,655.258080,Fbhavya1_105,ARTHA,105,Fbhavya,F,ɽʱ,HIN
stimuli_raw/wav/Fbhavya1.wav,667.855590,668.219790,Fbhavya1_106,ARTA,106,Fbhavya,F,ɽ,HIN
stimuli_raw/wav/Fbhavya1.wav,669.714250,670.065890,Fbhavya1_107,ARTA,107,Fbhavya,F,ɽ,HIN
stimuli_raw/wav/Fbhavya1.wav,671.535240,671.874320,Fbhavya1_108,ARTA,108,Fbhavya,F,ɽ,HIN
stimuli_raw/wav/Fbhavya1.wav,685.351350,685.686610,Fbhavya1_109,ANRA,109,Fbhavya,F,ɳ,HIN
stimuli_raw/wav/Fbhavya1.wav,687.268990,687.633190,Fbhavya1_110,ANRA,110,Fbhavya,F,ɳ,HIN
stimuli_raw/wav/Fbhavya1.wav,689.416500,689.768140,Fbhavya1_111,ANRA,111,Fbhavya,F,ɳ,HIN
stimuli_raw/wav/Fsakshi1.wav,26.580000,26.970000,Fsakshi1_1,AKA,1,Fsakshi,F,k,NA
stimuli_raw/wav/Fsakshi1.wav,28.720000,29.120000,Fsakshi1_2,AKA,2,Fsakshi,F,k,NA
stimuli_raw/wav/Fsakshi1.wav,31.080000,31.510000,Fsakshi1_3,AKA,3,Fsakshi,F,k,NA
stimuli_raw/wav/Fsakshi1.wav,34.180000,34.720000,Fsakshi1_4,AKHA,4,Fsakshi,F,kʰ,ENG
stimuli_raw/wav/Fsakshi1.wav,36.750000,37.260000,Fsakshi1_5,AKHA,5,Fsakshi,F,kʰ,ENG
stimuli_raw/wav/Fsakshi1.wav,39.430000,39.940000,Fsakshi1_6,AKHA,6,Fsakshi,F,kʰ,ENG
stimuli_raw/wav/Fsakshi1.wav,43.300000,43.750000,Fsakshi1_7,AGA,7,Fsakshi,F,g,ENG
stimuli_raw/wav/Fsakshi1.wav,45.490000,45.920000,Fsakshi1_8,AGA,8,Fsakshi,F,g,ENG
stimuli_raw/wav/Fsakshi1.wav,47.720000,48.160000,Fsakshi1_9,AGA,9,Fsakshi,F,g,ENG
stimuli_raw/wav/Fsakshi1.wav,51.370000,51.930000,Fsakshi1_10,AGHA,10,Fsakshi,F,ɡʱ,HIN
stimuli_raw/wav/Fsakshi1.wav,53.770000,54.250000,Fsakshi1_11,AGHA,11,Fsakshi,F,ɡʱ,HIN
stimuli_raw/wav/Fsakshi1.wav,56.200000,56.630000,Fsakshi1_12,AGHA,12,Fsakshi,F,ɡʱ,HIN
stimuli_raw/wav/Fsakshi1.wav,61.260000,61.610000,Fsakshi1_13,ATXA,13,Fsakshi,F,t͡ʃ,NA
stimuli_raw/wav/Fsakshi1.wav,63.640000,64.060000,Fsakshi1_14,ATXA,14,Fsakshi,F,t͡ʃ,NA
stimuli_raw/wav/Fsakshi1.wav,66.110000,66.470000,Fsakshi1_15,ATXA,15,Fsakshi,F,t͡ʃ,NA
stimuli_raw/wav/Fsakshi1.wav,71.220000,71.610000,Fsakshi1_16,ATXHA,16,Fsakshi,F,t͡ʃʰ,ENG
stimuli_raw/wav/Fsakshi1.wav,73.590000,73.890000,Fsakshi1_17,ATXHA,17,Fsakshi,F,t͡ʃʰ,ENG
stimuli_raw/wav/Fsakshi1.wav,75.960000,76.250000,Fsakshi1_18,ATXHA,18,Fsakshi,F,t͡ʃʰ,ENG
stimuli_raw/wav/Fsakshi1.wav,80.600000,80.880000,Fsakshi1_19,ADXA,19,Fsakshi,F,d͡ʒ,ENG
stimuli_raw/wav/Fsakshi1.wav,82.720000,83.080000,Fsakshi1_20,ADXA,20,Fsakshi,F,d͡ʒ,ENG
stimuli_raw/wav/Fsakshi1.wav,85.170000,85.420000,Fsakshi1_21,ADXA,21,Fsakshi,F,d͡ʒ,ENG
stimuli_raw/wav/Fsakshi1.wav,90.308370,90.680000,Fsakshi1_22,AZA,22,Fsakshi,F,z,ENG
stimuli_raw/wav/Fsakshi1.wav,92.220000,92.630000,Fsakshi1_23,AZA,23,Fsakshi,F,z,ENG
stimuli_raw/wav/Fsakshi1.wav,94.470000,94.870000,Fsakshi1_24,AZA,24,Fsakshi,F,z,ENG
stimuli_raw/wav/Fsakshi1.wav,99.576960,99.940000,Fsakshi1_25,ADXHA,25,Fsakshi,F,d͡ʒʱ,HIN
stimuli_raw/wav/Fsakshi1.wav,101.560000,101.990000,Fsakshi1_26,ADXHA,26,Fsakshi,F,d͡ʒʱ,HIN
stimuli_raw/wav/Fsakshi1.wav,103.817960,104.190000,Fsakshi1_27,ADXHA,27,Fsakshi,F,d͡ʒʱ,HIN
stimuli_raw/wav/Fsakshi1.wav,110.029140,110.420000,Fsakshi1_28,ATRA,28,Fsakshi,F,ʈ,NA
stimuli_raw/wav/Fsakshi1.wav,112.769140,113.120000,Fsakshi1_29,ATRA,29,Fsakshi,F,ʈ,NA
stimuli_raw/wav/Fsakshi1.wav,115.290000,115.720000,Fsakshi1_30,ATRA,30,Fsakshi,F,ʈ,NA
stimuli_raw/wav/Fsakshi1.wav,120.270000,120.730000,Fsakshi1_31,ATRHA,31,Fsakshi,F,ʈʰ,HIN
stimuli_raw/wav/Fsakshi1.wav,122.570000,122.980000,Fsakshi1_32,ATRHA,32,Fsakshi,F,ʈʰ,HIN
stimuli_raw/wav/Fsakshi1.wav,124.937960,125.340000,Fsakshi1_33,ATRHA,33,Fsakshi,F,ʈʰ,HIN
stimuli_raw/wav/Fsakshi1.wav,131.609320,131.970000,Fsakshi1_34,ADRA,34,Fsakshi,F,ɖ,HIN
stimuli_raw/wav/Fsakshi1.wav,133.850000,134.230740,Fsakshi1_35,ADRA,35,Fsakshi,F,ɖ,HIN
stimuli_raw/wav/Fsakshi1.wav,136.025070,136.420000,Fsakshi1_36,ADRA,36,Fsakshi,F,ɖ,HIN
stimuli_raw/wav/Fsakshi1.wav,140.906920,141.310000,Fsakshi1_37,ADRHA,37,Fsakshi,F,ɖʱ,HIN
stimuli_raw/wav/Fsakshi1.wav,143.107790,143.510000,Fsakshi1_38,ADRHA,38,Fsakshi,F,ɖʱ,HIN
stimuli_raw/wav/Fsakshi1.wav,145.330000,145.760000,Fsakshi1_39,ADRHA,39,Fsakshi,F,ɖʱ,HIN
stimuli_raw/wav/Fsakshi1.wav,150.680000,151.100000,Fsakshi1_40,ATA,40,Fsakshi,F,t,NA
stimuli_raw/wav/Fsakshi1.wav,153.030000,153.440000,Fsakshi1_41,ATA,41,Fsakshi,F,t,NA
stimuli_raw/wav/Fsakshi1.wav,155.360000,155.740000,Fsakshi1_42,ATA,42,Fsakshi,F,t,NA
stimuli_raw/wav/Fsakshi1.wav,160.690000,161.130000,Fsakshi1_43,ATHA,43,Fsakshi,F,tʰ,ENG
stimuli_raw/wav/Fsakshi1.wav,162.930000,163.340000,Fsakshi1_44,ATHA,44,Fsakshi,F,tʰ,ENG
stimuli_raw/wav/Fsakshi1.wav,165.305690,165.710000,Fsakshi1_45,ATHA,45,Fsakshi,F,tʰ,ENG
stimuli_raw/wav/Fsakshi1.wav,170.660000,170.890000,Fsakshi1_46,ADA,46,Fsakshi,F,d,ENG
stimuli_raw/wav/Fsakshi1.wav,172.740000,172.960000,Fsakshi1_47,ADA,47,Fsakshi,F,d,ENG
stimuli_raw/wav/Fsakshi1.wav,174.940000,175.180000,Fsakshi1_48,ADA,48,Fsakshi,F,d,ENG
stimuli_raw/wav/Fsakshi1.wav,180.380000,180.630000,Fsakshi1_49,ADHA,49,Fsakshi,F,dʱ,HIN
stimuli_raw/wav/Fsakshi1.wav,182.560000,182.820000,Fsakshi1_50,ADHA,50,Fsakshi,F,dʱ,HIN
stimuli_raw/wav/Fsakshi1.wav,184.925520,185.220000,Fsakshi1_51,ADHA,51,Fsakshi,F,dʱ,HIN
stimuli_raw/wav/Fsakshi1.wav,190.130000,190.520000,Fsakshi1_52,ANA,52,Fsakshi,F,n,ENG
stimuli_raw/wav/Fsakshi1.wav,192.370000,192.740000,Fsakshi1_53,ANA,53,Fsakshi,F,n,ENG
stimuli_raw/wav/Fsakshi1.wav,194.700000,195.100000,Fsakshi1_54,ANA,54,Fsakshi,F,n,ENG
stimuli_raw/wav/Fsakshi1.wav,212.060000,212.530000,Fsakshi1_55,APA,55,Fsakshi,F,p,NA
stimuli_raw/wav/Fsakshi1.wav,215.520000,216.040000,Fsakshi1_56,APA,56,Fsakshi,F,p,NA
stimuli_raw/wav/Fsakshi1.wav,217.930000,218.380000,Fsakshi1_57,APA,57,Fsakshi,F,p,NA
stimuli_raw/wav/Fsakshi1.wav,223.570000,223.960000,Fsakshi1_58,APHA,58,Fsakshi,F,pʰ,NA
stimuli_raw/wav/Fsakshi1.wav,225.750000,226.140000,Fsakshi1_59,APHA,59,Fsakshi,F,pʰ,NA
stimuli_raw/wav/Fsakshi1.wav,227.860000,228.240000,Fsakshi1_60,APHA,60,Fsakshi,F,pʰ,NA
stimuli_raw/wav/Fsakshi1.wav,253.280000,253.670000,Fsakshi1_61,AJA,61,Fsakshi,F,j,ENG
stimuli_raw/wav/Fsakshi1.wav,255.190000,255.580000,Fsakshi1_62,AJA,62,Fsakshi,F,j,ENG
stimuli_raw/wav/Fsakshi1.wav,257.320000,257.660000,Fsakshi1_63,AJA,63,Fsakshi,F,j,ENG
stimuli_raw/wav/Fsakshi1.wav,260.650000,261.030000,Fsakshi1_64,ARA,64,Fsakshi,F,ɾ,ENG
stimuli_raw/wav/Fsakshi1.wav,262.860000,263.120000,Fsakshi1_65,ARA,65,Fsakshi,F,ɾ,ENG
stimuli_raw/wav/Fsakshi1.wav,264.979950,265.310000,Fsakshi1_66,ARA,66,Fsakshi,F,ɾ,ENG
stimuli_raw/wav/Fsakshi1.wav,271.859960,272.180000,Fsakshi1_67,ALA,67,Fsakshi,F,l,ENG
stimuli_raw/wav/Fsakshi1.wav,273.687250,274.090000,Fsakshi1_68,ALA,68,Fsakshi,F,l,ENG
stimuli_raw/wav/Fsakshi1.wav,275.787040,276.150000,Fsakshi1_69,ALA,69,Fsakshi,F,l,ENG
stimuli_raw/wav/Fsakshi1.wav,280.376320,280.780000,Fsakshi1_70,AVLA,70,Fsakshi,F,ʋ,NA
stimuli_raw/wav/Fsakshi1.wav,282.379930,282.810000,Fsakshi1_71,AVLA,71,Fsakshi,F,ʋ,NA
stimuli_raw/wav/Fsakshi1.wav,284.447660,284.800000,Fsakshi1_72,AVLA,72,Fsakshi,F,ʋ,NA
stimuli_raw/wav/Fsakshi1.wav,288.000000,288.270000,Fsakshi1_73,AXA,73,Fsakshi,F,ʃ,ENG
stimuli_raw/wav/Fsakshi1.wav,289.960000,290.350000,Fsakshi1_74,AXA,74,Fsakshi,F,ʃ,ENG
stimuli_raw/wav/Fsakshi1.wav,292.280000,292.550000,Fsakshi1_75,AXA,75,Fsakshi,F,ʃ,ENG
stimuli_raw/wav/Fsakshi1.wav,298.445680,298.760000,Fsakshi1_76,AXRA,76,Fsakshi,F,ʂ,NA
stimuli_raw/wav/Fsakshi1.wav,300.480000,300.780000,Fsakshi1_77,AXRA,77,Fsakshi,F,ʂ,NA
stimuli_raw/wav/Fsakshi1.wav,302.400000,302.800000,Fsakshi1_78,AXRA,78,Fsakshi,F,ʂ,NA
stimuli_raw/wav/Fsakshi1.wav,307.240000,307.650000,Fsakshi1_79,ASA,79,Fsakshi,F,s,ENG
stimuli_raw/wav/Fsakshi1.wav,309.360000,309.770000,Fsakshi1_80,ASA,80,Fsakshi,F,s,ENG
stimuli_raw/wav/Fsakshi1.wav,311.465160,311.820000,Fsakshi1_81,ASA,81,Fsakshi,F,s,ENG
stimuli_raw/wav/Fsakshi1.wav,316.270000,316.610000,Fsakshi1_82,AHHA,82,Fsakshi,F,ɦ,ENG
stimuli_raw/wav/Fsakshi1.wav,318.420000,318.760000,Fsakshi1_83,AHHA,83,Fsakshi,F,ɦ,ENG
stimuli_raw/wav/Fsakshi1.wav,320.470000,320.930000,Fsakshi1_84,AHHA,84,Fsakshi,F,ɦ,ENG
stimuli_raw/wav/Fsakshi1.wav,326.250000,326.660000,Fsakshi1_85,ARRA,85,Fsakshi,F,ɣ,HIN
stimuli_raw/wav/Fsakshi1.wav,328.170000,328.600000,Fsakshi1_86,ARRA,86,Fsakshi,F,ɣ,HIN
stimuli_raw/wav/Fsakshi1.wav,330.290000,330.640000,Fsakshi1_87,ARRA,87,Fsakshi,F,ɣ,HIN
stimuli_raw/wav/Fsakshi1.wav,336.370000,336.840000,Fsakshi1_88,ARHA,88,Fsakshi,F,x,HIN
stimuli_raw/wav/Fsakshi1.wav,338.540000,338.920000,Fsakshi1_89,ARHA,89,Fsakshi,F,x,HIN
stimuli_raw/wav/Fsakshi1.wav,340.537720,340.930000,Fsakshi1_90,ARHA,90,Fsakshi,F,x,HIN
stimuli_raw/wav/Fsakshi1.wav,346.829110,347.250000,Fsakshi1_91,ARTHA,91,Fsakshi,F,ɽʱ,HIN
stimuli_raw/wav/Fsakshi1.wav,348.800670,349.180000,Fsakshi1_92,ARTHA,92,Fsakshi,F,ɽʱ,HIN
stimuli_raw/wav/Fsakshi1.wav,351.012660,351.380000,Fsakshi1_93,ARTHA,93,Fsakshi,F,ɽʱ,HIN
stimuli_raw/wav/Fsakshi1.wav,357.023430,357.340000,Fsakshi1_94,ARTA,94,Fsakshi,F,ɽ,HIN
stimuli_raw/wav/Fsakshi1.wav,358.947060,359.280000,Fsakshi1_95,ARTA,95,Fsakshi,F,ɽ,HIN
stimuli_raw/wav/Fsakshi1.wav,361.090010,361.470000,Fsakshi1_96,ARTA,96,Fsakshi,F,ɽ,HIN
stimuli_raw/wav/Fsakshi1.wav,365.439390,365.780000,Fsakshi1_97,ANRA,97,Fsakshi,F,ɳ,HIN
stimuli_raw/wav/Fsakshi1.wav,367.372790,367.730000,Fsakshi1_98,ANRA,98,Fsakshi,F,ɳ,HIN
stimuli_raw/wav/Fsakshi1.wav,369.168340,369.606160,Fsakshi1_99,ANRA,99,Fsakshi,F,ɳ,HIN
