Econ,Glob,Loc,trial,subject,response_var
1,1,1,trial_1,subject_1,1
2,1,1,trial_2,subject_1,1
3,1,1,trial_3,subject_1,1
4,1,1,trial_4,subject_1,0
5,1,1,trial_5,subject_1,0
1,2,1,trial_6,subject_1,0
2,2,1,trial_7,subject_1,0
3,2,1,trial_8,subject_1,0
4,2,1,trial_9,subject_1,0
5,2,1,trial_10,subject_1,0
1,3,1,trial_11,subject_1,0
2,3,1,trial_12,subject_1,0
3,3,1,trial_13,subject_1,0
4,3,1,trial_14,subject_1,0
5,3,1,trial_15,subject_1,0
1,4,1,trial_16,subject_1,0
2,4,1,trial_17,subject_1,0
3,4,1,trial_18,subject_1,0
4,4,1,trial_19,subject_1,0
5,4,1,trial_20,subject_1,0
1,5,1,trial_21,subject_1,0
2,5,1,trial_22,subject_1,0
3,5,1,trial_23,subject_1,0
4,5,1,trial_24,subject_1,0
5,5,1,trial_25,subject_1,0
1,1,2,trial_26,subject_1,0
2,1,2,trial_27,subject_1,1
3,1,2,trial_28,subject_1,0
4,1,2,trial_29,subject_1,1
5,1,2,trial_30,subject_1,0
1,2,2,trial_31,subject_1,0
2,2,2,trial_32,subject_1,0
3,2,2,trial_33,subject_1,0
4,2,2,trial_34,subject_1,0
5,2,2,trial_35,subject_1,0
1,3,2,trial_36,subject_1,0
2,3,2,trial_37,subject_1,0
3,3,2,trial_38,subject_1,0
4,3,2,trial_39,subject_1,0
5,3,2,trial_40,subject_1,0
1,4,2,trial_41,subject_1,0
2,4,2,trial_42,subject_1,0
3,4,2,trial_43,subject_1,0
4,4,2,trial_44,subject_1,0
5,4,2,trial_45,subject_1,0
1,5,2,trial_46,subject_1,0
2,5,2,trial_47,subject_1,0
3,5,2,trial_48,subject_1,0
4,5,2,trial_49,subject_1,0
5,5,2,trial_50,subject_1,0
1,1,3,trial_51,subject_1,0
2,1,3,trial_52,subject_1,0
3,1,3,trial_53,subject_1,0
4,1,3,trial_54,subject_1,0
5,1,3,trial_55,subject_1,0
1,2,3,trial_56,subject_1,0
2,2,3,trial_57,subject_1,0
3,2,3,trial_58,subject_1,0
4,2,3,trial_59,subject_1,0
5,2,3,trial_60,subject_1,0
1,3,3,trial_61,subject_1,0
2,3,3,trial_62,subject_1,0
3,3,3,trial_63,subject_1,0
4,3,3,trial_64,subject_1,0
5,3,3,trial_65,subject_1,0
1,4,3,trial_66,subject_1,0
2,4,3,trial_67,subject_1,0
3,4,3,trial_68,subject_1,0
4,4,3,trial_69,subject_1,0
5,4,3,trial_70,subject_1,0
1,5,3,trial_71,subject_1,0
2,5,3,trial_72,subject_1,0
3,5,3,trial_73,subject_1,0
4,5,3,trial_74,subject_1,0
5,5,3,trial_75,subject_1,0
1,1,4,trial_76,subject_1,0
2,1,4,trial_77,subject_1,0
3,1,4,trial_78,subject_1,0
4,1,4,trial_79,subject_1,0
5,1,4,trial_80,subject_1,0
1,2,4,trial_81,subject_1,0
2,2,4,trial_82,subject_1,0
3,2,4,trial_83,subject_1,0
4,2,4,trial_84,subject_1,0
5,2,4,trial_85,subject_1,0
1,3,4,trial_86,subject_1,0
2,3,4,trial_87,subject_1,0
3,3,4,trial_88,subject_1,0
4,3,4,trial_89,subject_1,0
5,3,4,trial_90,subject_1,0
1,4,4,trial_91,subject_1,0
2,4,4,trial_92,subject_1,0
3,4,4,trial_93,subject_1,0
4,4,4,trial_94,subject_1,0
5,4,4,trial_95,subject_1,0
1,5,4,trial_96,subject_1,0
2,5,4,trial_97,subject_1,0
3,5,4,trial_98,subject_1,0
4,5,4,trial_99,subject_1,0
5,5,4,trial_100,subject_1,0
1,1,5,trial_101,subject_1,0
2,1,5,trial_102,subject_1,0
3,1,5,trial_103,subject_1,0
4,1,5,trial_104,subject_1,0
5,1,5,trial_105,subject_1,0
1,2,5,trial_106,subject_1,0
2,2,5,trial_107,subject_1,0
3,2,5,trial_108,subject_1,0
4,2,5,trial_109,subject_1,0
5,2,5,trial_110,subject_1,0
1,3,5,trial_111,subject_1,0
2,3,5,trial_112,subject_1,0
3,3,5,trial_113,subject_1,0
4,3,5,trial_114,subject_1,0
5,3,5,trial_115,subject_1,0
1,4,5,trial_116,subject_1,0
2,4,5,trial_117,subject_1,0
3,4,5,trial_118,subject_1,0
4,4,5,trial_119,subject_1,0
5,4,5,trial_120,subject_1,0
1,5,5,trial_121,subject_1,0
2,5,5,trial_122,subject_1,0
3,5,5,trial_123,subject_1,0
4,5,5,trial_124,subject_1,0
5,5,5,trial_125,subject_1,0
1,1,1,trial_1,subject_2,0
2,1,1,trial_2,subject_2,1
3,1,1,trial_3,subject_2,0
4,1,1,trial_4,subject_2,0
5,1,1,trial_5,subject_2,1
1,2,1,trial_6,subject_2,0
2,2,1,trial_7,subject_2,1
3,2,1,trial_8,subject_2,0
4,2,1,trial_9,subject_2,0
5,2,1,trial_10,subject_2,0
1,3,1,trial_11,subject_2,0
2,3,1,trial_12,subject_2,0
3,3,1,trial_13,subject_2,1
4,3,1,trial_14,subject_2,0
5,3,1,trial_15,subject_2,0
1,4,1,trial_16,subject_2,0
2,4,1,trial_17,subject_2,0
3,4,1,trial_18,subject_2,0
4,4,1,trial_19,subject_2,1
5,4,1,trial_20,subject_2,0
1,5,1,trial_21,subject_2,0
2,5,1,trial_22,subject_2,0
3,5,1,trial_23,subject_2,0
4,5,1,trial_24,subject_2,0
5,5,1,trial_25,subject_2,0
1,1,2,trial_26,subject_2,0
2,1,2,trial_27,subject_2,0
3,1,2,trial_28,subject_2,0
4,1,2,trial_29,subject_2,0
5,1,2,trial_30,subject_2,0
1,2,2,trial_31,subject_2,0
2,2,2,trial_32,subject_2,0
3,2,2,trial_33,subject_2,0
4,2,2,trial_34,subject_2,0
5,2,2,trial_35,subject_2,0
1,3,2,trial_36,subject_2,0
2,3,2,trial_37,subject_2,0
3,3,2,trial_38,subject_2,0
4,3,2,trial_39,subject_2,0
5,3,2,trial_40,subject_2,0
1,4,2,trial_41,subject_2,0
2,4,2,trial_42,subject_2,0
3,4,2,trial_43,subject_2,0
4,4,2,trial_44,subject_2,0
5,4,2,trial_45,subject_2,0
1,5,2,trial_46,subject_2,0
2,5,2,trial_47,subject_2,0
3,5,2,trial_48,subject_2,0
4,5,2,trial_49,subject_2,0
5,5,2,trial_50,subject_2,0
1,1,3,trial_51,subject_2,0
2,1,3,trial_52,subject_2,0
3,1,3,trial_53,subject_2,0
4,1,3,trial_54,subject_2,0
5,1,3,trial_55,subject_2,0
1,2,3,trial_56,subject_2,0
2,2,3,trial_57,subject_2,0
3,2,3,trial_58,subject_2,0
4,2,3,trial_59,subject_2,0
5,2,3,trial_60,subject_2,0
1,3,3,trial_61,subject_2,0
2,3,3,trial_62,subject_2,0
3,3,3,trial_63,subject_2,0
4,3,3,trial_64,subject_2,0
5,3,3,trial_65,subject_2,0
1,4,3,trial_66,subject_2,0
2,4,3,trial_67,subject_2,0
3,4,3,trial_68,subject_2,0
4,4,3,trial_69,subject_2,0
5,4,3,trial_70,subject_2,0
1,5,3,trial_71,subject_2,0
2,5,3,trial_72,subject_2,0
3,5,3,trial_73,subject_2,0
4,5,3,trial_74,subject_2,0
5,5,3,trial_75,subject_2,0
1,1,4,trial_76,subject_2,0
2,1,4,trial_77,subject_2,1
3,1,4,trial_78,subject_2,0
4,1,4,trial_79,subject_2,0
5,1,4,trial_80,subject_2,0
1,2,4,trial_81,subject_2,0
2,2,4,trial_82,subject_2,0
3,2,4,trial_83,subject_2,0
4,2,4,trial_84,subject_2,0
5,2,4,trial_85,subject_2,0
1,3,4,trial_86,subject_2,0
2,3,4,trial_87,subject_2,0
3,3,4,trial_88,subject_2,0
4,3,4,trial_89,subject_2,0
5,3,4,trial_90,subject_2,0
1,4,4,trial_91,subject_2,0
2,4,4,trial_92,subject_2,0
3,4,4,trial_93,subject_2,0
4,4,4,trial_94,subject_2,0
5,4,4,trial_95,subject_2,0
1,5,4,trial_96,subject_2,0
2,5,4,trial_97,subject_2,0
3,5,4,trial_98,subject_2,0
4,5,4,trial_99,subject_2,0
5,5,4,trial_100,subject_2,0
1,1,5,trial_101,subject_2,0
2,1,5,trial_102,subject_2,0
3,1,5,trial_103,subject_2,0
4,1,5,trial_104,subject_2,0
5,1,5,trial_105,subject_2,0
1,2,5,trial_106,subject_2,0
2,2,5,trial_107,subject_2,0
3,2,5,trial_108,subject_2,0
4,2,5,trial_109,subject_2,0
5,2,5,trial_110,subject_2,0
1,3,5,trial_111,subject_2,0
2,3,5,trial_112,subject_2,0
3,3,5,trial_113,subject_2,0
4,3,5,trial_114,subject_2,0
5,3,5,trial_115,subject_2,0
1,4,5,trial_116,subject_2,0
2,4,5,trial_117,subject_2,0
3,4,5,trial_118,subject_2,0
4,4,5,trial_119,subject_2,0
5,4,5,trial_120,subject_2,0
1,5,5,trial_121,subject_2,0
2,5,5,trial_122,subject_2,0
3,5,5,trial_123,subject_2,0
4,5,5,trial_124,subject_2,0
5,5,5,trial_125,subject_2,0
1,1,1,trial_1,subject_3,0
2,1,1,trial_2,subject_3,1
3,1,1,trial_3,subject_3,1
4,1,1,trial_4,subject_3,0
5,1,1,trial_5,subject_3,1
1,2,1,trial_6,subject_3,0
2,2,1,trial_7,subject_3,1
3,2,1,trial_8,subject_3,0
4,2,1,trial_9,subject_3,0
5,2,1,trial_10,subject_3,0
1,3,1,trial_11,subject_3,0
2,3,1,trial_12,subject_3,0
3,3,1,trial_13,subject_3,0
4,3,1,trial_14,subject_3,0
5,3,1,trial_15,subject_3,0
1,4,1,trial_16,subject_3,0
2,4,1,trial_17,subject_3,0
3,4,1,trial_18,subject_3,0
4,4,1,trial_19,subject_3,0
5,4,1,trial_20,subject_3,0
1,5,1,trial_21,subject_3,0
2,5,1,trial_22,subject_3,0
3,5,1,trial_23,subject_3,0
4,5,1,trial_24,subject_3,0
5,5,1,trial_25,subject_3,0
1,1,2,trial_26,subject_3,0
2,1,2,trial_27,subject_3,0
3,1,2,trial_28,subject_3,0
4,1,2,trial_29,subject_3,0
5,1,2,trial_30,subject_3,0
1,2,2,trial_31,subject_3,0
2,2,2,trial_32,subject_3,0
3,2,2,trial_33,subject_3,0
4,2,2,trial_34,subject_3,0
5,2,2,trial_35,subject_3,0
1,3,2,trial_36,subject_3,0
2,3,2,trial_37,subject_3,0
3,3,2,trial_38,subject_3,0
4,3,2,trial_39,subject_3,0
5,3,2,trial_40,subject_3,0
1,4,2,trial_41,subject_3,0
2,4,2,trial_42,subject_3,0
3,4,2,trial_43,subject_3,0
4,4,2,trial_44,subject_3,0
5,4,2,trial_45,subject_3,0
1,5,2,trial_46,subject_3,0
2,5,2,trial_47,subject_3,0
3,5,2,trial_48,subject_3,0
4,5,2,trial_49,subject_3,0
5,5,2,trial_50,subject_3,0
1,1,3,trial_51,subject_3,0
2,1,3,trial_52,subject_3,0
3,1,3,trial_53,subject_3,0
4,1,3,trial_54,subject_3,0
5,1,3,trial_55,subject_3,0
1,2,3,trial_56,subject_3,0
2,2,3,trial_57,subject_3,0
3,2,3,trial_58,subject_3,0
4,2,3,trial_59,subject_3,0
5,2,3,trial_60,subject_3,0
1,3,3,trial_61,subject_3,0
2,3,3,trial_62,subject_3,0
3,3,3,trial_63,subject_3,0
4,3,3,trial_64,subject_3,0
5,3,3,trial_65,subject_3,0
1,4,3,trial_66,subject_3,0
2,4,3,trial_67,subject_3,0
3,4,3,trial_68,subject_3,0
4,4,3,trial_69,subject_3,0
5,4,3,trial_70,subject_3,0
1,5,3,trial_71,subject_3,0
2,5,3,trial_72,subject_3,0
3,5,3,trial_73,subject_3,0
4,5,3,trial_74,subject_3,0
5,5,3,trial_75,subject_3,0
1,1,4,trial_76,subject_3,0
2,1,4,trial_77,subject_3,0
3,1,4,trial_78,subject_3,0
4,1,4,trial_79,subject_3,0
5,1,4,trial_80,subject_3,0
1,2,4,trial_81,subject_3,0
2,2,4,trial_82,subject_3,0
3,2,4,trial_83,subject_3,0
4,2,4,trial_84,subject_3,0
5,2,4,trial_85,subject_3,0
1,3,4,trial_86,subject_3,0
2,3,4,trial_87,subject_3,0
3,3,4,trial_88,subject_3,0
4,3,4,trial_89,subject_3,0
5,3,4,trial_90,subject_3,0
1,4,4,trial_91,subject_3,0
2,4,4,trial_92,subject_3,0
3,4,4,trial_93,subject_3,0
4,4,4,trial_94,subject_3,0
5,4,4,trial_95,subject_3,0
1,5,4,trial_96,subject_3,0
2,5,4,trial_97,subject_3,0
3,5,4,trial_98,subject_3,0
4,5,4,trial_99,subject_3,0
5,5,4,trial_100,subject_3,0
1,1,5,trial_101,subject_3,0
2,1,5,trial_102,subject_3,0
3,1,5,trial_103,subject_3,0
4,1,5,trial_104,subject_3,0
5,1,5,trial_105,subject_3,0
1,2,5,trial_106,subject_3,0
2,2,5,trial_107,subject_3,0
3,2,5,trial_108,subject_3,0
4,2,5,trial_109,subject_3,0
5,2,5,trial_110,subject_3,0
1,3,5,trial_111,subject_3,0
2,3,5,trial_112,subject_3,0
3,3,5,trial_113,subject_3,0
4,3,5,trial_114,subject_3,0
5,3,5,trial_115,subject_3,0
1,4,5,trial_116,subject_3,0
2,4,5,trial_117,subject_3,0
3,4,5,trial_118,subject_3,0
4,4,5,trial_119,subject_3,0
5,4,5,trial_120,subject_3,0
1,5,5,trial_121,subject_3,0
2,5,5,trial_122,subject_3,0
3,5,5,trial_123,subject_3,0
4,5,5,trial_124,subject_3,0
5,5,5,trial_125,subject_3,0
1,1,1,trial_1,subject_4,1
2,1,1,trial_2,subject_4,1
3,1,1,trial_3,subject_4,0
4,1,1,trial_4,subject_4,0
5,1,1,trial_5,subject_4,0
1,2,1,trial_6,subject_4,0
2,2,1,trial_7,subject_4,0
3,2,1,trial_8,subject_4,0
4,2,1,trial_9,subject_4,0
5,2,1,trial_10,subject_4,0
1,3,1,trial_11,subject_4,0
2,3,1,trial_12,subject_4,0
3,3,1,trial_13,subject_4,0
4,3,1,trial_14,subject_4,0
5,3,1,trial_15,subject_4,0
1,4,1,trial_16,subject_4,0
2,4,1,trial_17,subject_4,0
3,4,1,trial_18,subject_4,0
4,4,1,trial_19,subject_4,1
5,4,1,trial_20,subject_4,0
1,5,1,trial_21,subject_4,0
2,5,1,trial_22,subject_4,0
3,5,1,trial_23,subject_4,0
4,5,1,trial_24,subject_4,0
5,5,1,trial_25,subject_4,0
1,1,2,trial_26,subject_4,0
2,1,2,trial_27,subject_4,0
3,1,2,trial_28,subject_4,0
4,1,2,trial_29,subject_4,0
5,1,2,trial_30,subject_4,0
1,2,2,trial_31,subject_4,0
2,2,2,trial_32,subject_4,0
3,2,2,trial_33,subject_4,0
4,2,2,trial_34,subject_4,0
5,2,2,trial_35,subject_4,0
1,3,2,trial_36,subject_4,0
2,3,2,trial_37,subject_4,0
3,3,2,trial_38,subject_4,0
4,3,2,trial_39,subject_4,1
5,3,2,trial_40,subject_4,0
1,4,2,trial_41,subject_4,0
2,4,2,trial_42,subject_4,0
3,4,2,trial_43,subject_4,0
4,4,2,trial_44,subject_4,0
5,4,2,trial_45,subject_4,0
1,5,2,trial_46,subject_4,0
2,5,2,trial_47,subject_4,0
3,5,2,trial_48,subject_4,0
4,5,2,trial_49,subject_4,0
5,5,2,trial_50,subject_4,0
1,1,3,trial_51,subject_4,1
2,1,3,trial_52,subject_4,0
3,1,3,trial_53,subject_4,0
4,1,3,trial_54,subject_4,1
5,1,3,trial_55,subject_4,0
1,2,3,trial_56,subject_4,0
2,2,3,trial_57,subject_4,0
3,2,3,trial_58,subject_4,0
4,2,3,trial_59,subject_4,0
5,2,3,trial_60,subject_4,0
1,3,3,trial_61,subject_4,0
2,3,3,trial_62,subject_4,0
3,3,3,trial_63,subject_4,0
4,3,3,trial_64,subject_4,0
5,3,3,trial_65,subject_4,0
1,4,3,trial_66,subject_4,0
2,4,3,trial_67,subject_4,0
3,4,3,trial_68,subject_4,0
4,4,3,trial_69,subject_4,0
5,4,3,trial_70,subject_4,0
1,5,3,trial_71,subject_4,0
2,5,3,trial_72,subject_4,0
3,5,3,trial_73,subject_4,0
4,5,3,trial_74,subject_4,0
5,5,3,trial_75,subject_4,0
1,1,4,trial_76,subject_4,0
2,1,4,trial_77,subject_4,0
3,1,4,trial_78,subject_4,0
4,1,4,trial_79,subject_4,0
5,1,4,trial_80,subject_4,0
1,2,4,trial_81,subject_4,0
2,2,4,trial_82,subject_4,0
3,2,4,trial_83,subject_4,0
4,2,4,trial_84,subject_4,0
5,2,4,trial_85,subject_4,0
1,3,4,trial_86,subject_4,0
2,3,4,trial_87,subject_4,0
3,3,4,trial_88,subject_4,0
4,3,4,trial_89,subject_4,0
5,3,4,trial_90,subject_4,0
1,4,4,trial_91,subject_4,0
2,4,4,trial_92,subject_4,0
3,4,4,trial_93,subject_4,0
4,4,4,trial_94,subject_4,0
5,4,4,trial_95,subject_4,0
1,5,4,trial_96,subject_4,0
2,5,4,trial_97,subject_4,0
3,5,4,trial_98,subject_4,0
4,5,4,trial_99,subject_4,0
5,5,4,trial_100,subject_4,0
1,1,5,trial_101,subject_4,0
2,1,5,trial_102,subject_4,0
3,1,5,trial_103,subject_4,0
4,1,5,trial_104,subject_4,0
5,1,5,trial_105,subject_4,0
1,2,5,trial_106,subject_4,0
2,2,5,trial_107,subject_4,0
3,2,5,trial_108,subject_4,0
4,2,5,trial_109,subject_4,0
5,2,5,trial_110,subject_4,0
1,3,5,trial_111,subject_4,0
2,3,5,trial_112,subject_4,0
3,3,5,trial_113,subject_4,0
4,3,5,trial_114,subject_4,0
5,3,5,trial_115,subject_4,0
1,4,5,trial_116,subject_4,0
2,4,5,trial_117,subject_4,0
3,4,5,trial_118,subject_4,0
4,4,5,trial_119,subject_4,0
5,4,5,trial_120,subject_4,0
1,5,5,trial_121,subject_4,0
2,5,5,trial_122,subject_4,0
3,5,5,trial_123,subject_4,0
4,5,5,trial_124,subject_4,0
5,5,5,trial_125,subject_4,0
1,1,1,trial_1,subject_5,0
2,1,1,trial_2,subject_5,0
3,1,1,trial_3,subject_5,0
4,1,1,trial_4,subject_5,1
5,1,1,trial_5,subject_5,0
1,2,1,trial_6,subject_5,0
2,2,1,trial_7,subject_5,0
3,2,1,trial_8,subject_5,0
4,2,1,trial_9,subject_5,1
5,2,1,trial_10,subject_5,0
1,3,1,trial_11,subject_5,0
2,3,1,trial_12,subject_5,0
3,3,1,trial_13,subject_5,0
4,3,1,trial_14,subject_5,0
5,3,1,trial_15,subject_5,0
1,4,1,trial_16,subject_5,0
2,4,1,trial_17,subject_5,0
3,4,1,trial_18,subject_5,0
4,4,1,trial_19,subject_5,0
5,4,1,trial_20,subject_5,0
1,5,1,trial_21,subject_5,0
2,5,1,trial_22,subject_5,0
3,5,1,trial_23,subject_5,0
4,5,1,trial_24,subject_5,0
5,5,1,trial_25,subject_5,0
1,1,2,trial_26,subject_5,1
2,1,2,trial_27,subject_5,0
3,1,2,trial_28,subject_5,0
4,1,2,trial_29,subject_5,0
5,1,2,trial_30,subject_5,0
1,2,2,trial_31,subject_5,0
2,2,2,trial_32,subject_5,0
3,2,2,trial_33,subject_5,0
4,2,2,trial_34,subject_5,0
5,2,2,trial_35,subject_5,0
1,3,2,trial_36,subject_5,0
2,3,2,trial_37,subject_5,0
3,3,2,trial_38,subject_5,0
4,3,2,trial_39,subject_5,0
5,3,2,trial_40,subject_5,0
1,4,2,trial_41,subject_5,0
2,4,2,trial_42,subject_5,0
3,4,2,trial_43,subject_5,0
4,4,2,trial_44,subject_5,0
5,4,2,trial_45,subject_5,0
1,5,2,trial_46,subject_5,0
2,5,2,trial_47,subject_5,0
3,5,2,trial_48,subject_5,0
4,5,2,trial_49,subject_5,0
5,5,2,trial_50,subject_5,0
1,1,3,trial_51,subject_5,0
2,1,3,trial_52,subject_5,0
3,1,3,trial_53,subject_5,0
4,1,3,trial_54,subject_5,0
5,1,3,trial_55,subject_5,0
1,2,3,trial_56,subject_5,0
2,2,3,trial_57,subject_5,0
3,2,3,trial_58,subject_5,0
4,2,3,trial_59,subject_5,0
5,2,3,trial_60,subject_5,0
1,3,3,trial_61,subject_5,0
2,3,3,trial_62,subject_5,0
3,3,3,trial_63,subject_5,0
4,3,3,trial_64,subject_5,0
5,3,3,trial_65,subject_5,0
1,4,3,trial_66,subject_5,0
2,4,3,trial_67,subject_5,0
3,4,3,trial_68,subject_5,0
4,4,3,trial_69,subject_5,0
5,4,3,trial_70,subject_5,0
1,5,3,trial_71,subject_5,0
2,5,3,trial_72,subject_5,0
3,5,3,trial_73,subject_5,0
4,5,3,trial_74,subject_5,0
5,5,3,trial_75,subject_5,0
1,1,4,trial_76,subject_5,0
2,1,4,trial_77,subject_5,0
3,1,4,trial_78,subject_5,0
4,1,4,trial_79,subject_5,0
5,1,4,trial_80,subject_5,0
1,2,4,trial_81,subject_5,0
2,2,4,trial_82,subject_5,0
3,2,4,trial_83,subject_5,0
4,2,4,trial_84,subject_5,0
5,2,4,trial_85,subject_5,0
1,3,4,trial_86,subject_5,0
2,3,4,trial_87,subject_5,0
3,3,4,trial_88,subject_5,0
4,3,4,trial_89,subject_5,0
5,3,4,trial_90,subject_5,0
1,4,4,trial_91,subject_5,0
2,4,4,trial_92,subject_5,0
3,4,4,trial_93,subject_5,0
4,4,4,trial_94,subject_5,0
5,4,4,trial_95,subject_5,0
1,5,4,trial_96,subject_5,0
2,5,4,trial_97,subject_5,0
3,5,4,trial_98,subject_5,0
4,5,4,trial_99,subject_5,0
5,5,4,trial_100,subject_5,0
1,1,5,trial_101,subject_5,0
2,1,5,trial_102,subject_5,0
3,1,5,trial_103,subject_5,0
4,1,5,trial_104,subject_5,0
5,1,5,trial_105,subject_5,0
1,2,5,trial_106,subject_5,0
2,2,5,trial_107,subject_5,0
3,2,5,trial_108,subject_5,0
4,2,5,trial_109,subject_5,0
5,2,5,trial_110,subject_5,0
1,3,5,trial_111,subject_5,0
2,3,5,trial_112,subject_5,0
3,3,5,trial_113,subject_5,0
4,3,5,trial_114,subject_5,0
5,3,5,trial_115,subject_5,0
1,4,5,trial_116,subject_5,0
2,4,5,trial_117,subject_5,0
3,4,5,trial_118,subject_5,0
4,4,5,trial_119,subject_5,0
5,4,5,trial_120,subject_5,0
1,5,5,trial_121,subject_5,0
2,5,5,trial_122,subject_5,0
3,5,5,trial_123,subject_5,0
4,5,5,trial_124,subject_5,0
5,5,5,trial_125,subject_5,0
1,1,1,trial_1,subject_6,0
2,1,1,trial_2,subject_6,0
3,1,1,trial_3,subject_6,1
4,1,1,trial_4,subject_6,1
5,1,1,trial_5,subject_6,0
1,2,1,trial_6,subject_6,0
2,2,1,trial_7,subject_6,0
3,2,1,trial_8,subject_6,1
4,2,1,trial_9,subject_6,1
5,2,1,trial_10,subject_6,0
1,3,1,trial_11,subject_6,0
2,3,1,trial_12,subject_6,0
3,3,1,trial_13,subject_6,0
4,3,1,trial_14,subject_6,0
5,3,1,trial_15,subject_6,1
1,4,1,trial_16,subject_6,0
2,4,1,trial_17,subject_6,0
3,4,1,trial_18,subject_6,0
4,4,1,trial_19,subject_6,0
5,4,1,trial_20,subject_6,0
1,5,1,trial_21,subject_6,0
2,5,1,trial_22,subject_6,0
3,5,1,trial_23,subject_6,0
4,5,1,trial_24,subject_6,0
5,5,1,trial_25,subject_6,0
1,1,2,trial_26,subject_6,0
2,1,2,trial_27,subject_6,0
3,1,2,trial_28,subject_6,0
4,1,2,trial_29,subject_6,0
5,1,2,trial_30,subject_6,0
1,2,2,trial_31,subject_6,0
2,2,2,trial_32,subject_6,0
3,2,2,trial_33,subject_6,0
4,2,2,trial_34,subject_6,0
5,2,2,trial_35,subject_6,1
1,3,2,trial_36,subject_6,0
2,3,2,trial_37,subject_6,0
3,3,2,trial_38,subject_6,0
4,3,2,trial_39,subject_6,0
5,3,2,trial_40,subject_6,0
1,4,2,trial_41,subject_6,0
2,4,2,trial_42,subject_6,0
3,4,2,trial_43,subject_6,0
4,4,2,trial_44,subject_6,0
5,4,2,trial_45,subject_6,0
1,5,2,trial_46,subject_6,0
2,5,2,trial_47,subject_6,0
3,5,2,trial_48,subject_6,0
4,5,2,trial_49,subject_6,0
5,5,2,trial_50,subject_6,0
1,1,3,trial_51,subject_6,0
2,1,3,trial_52,subject_6,0
3,1,3,trial_53,subject_6,0
4,1,3,trial_54,subject_6,0
5,1,3,trial_55,subject_6,0
1,2,3,trial_56,subject_6,0
2,2,3,trial_57,subject_6,0
3,2,3,trial_58,subject_6,0
4,2,3,trial_59,subject_6,0
5,2,3,trial_60,subject_6,0
1,3,3,trial_61,subject_6,0
2,3,3,trial_62,subject_6,0
3,3,3,trial_63,subject_6,0
4,3,3,trial_64,subject_6,0
5,3,3,trial_65,subject_6,0
1,4,3,trial_66,subject_6,0
2,4,3,trial_67,subject_6,0
3,4,3,trial_68,subject_6,0
4,4,3,trial_69,subject_6,0
5,4,3,trial_70,subject_6,0
1,5,3,trial_71,subject_6,0
2,5,3,trial_72,subject_6,0
3,5,3,trial_73,subject_6,0
4,5,3,trial_74,subject_6,0
5,5,3,trial_75,subject_6,0
1,1,4,trial_76,subject_6,0
2,1,4,trial_77,subject_6,0
3,1,4,trial_78,subject_6,0
4,1,4,trial_79,subject_6,0
5,1,4,trial_80,subject_6,0
1,2,4,trial_81,subject_6,0
2,2,4,trial_82,subject_6,0
3,2,4,trial_83,subject_6,0
4,2,4,trial_84,subject_6,0
5,2,4,trial_85,subject_6,0
1,3,4,trial_86,subject_6,0
2,3,4,trial_87,subject_6,0
3,3,4,trial_88,subject_6,0
4,3,4,trial_89,subject_6,0
5,3,4,trial_90,subject_6,0
1,4,4,trial_91,subject_6,0
2,4,4,trial_92,subject_6,0
3,4,4,trial_93,subject_6,0
4,4,4,trial_94,subject_6,0
5,4,4,trial_95,subject_6,0
1,5,4,trial_96,subject_6,0
2,5,4,trial_97,subject_6,0
3,5,4,trial_98,subject_6,0
4,5,4,trial_99,subject_6,0
5,5,4,trial_100,subject_6,0
1,1,5,trial_101,subject_6,0
2,1,5,trial_102,subject_6,0
3,1,5,trial_103,subject_6,0
4,1,5,trial_104,subject_6,0
5,1,5,trial_105,subject_6,0
1,2,5,trial_106,subject_6,0
2,2,5,trial_107,subject_6,0
3,2,5,trial_108,subject_6,0
4,2,5,trial_109,subject_6,0
5,2,5,trial_110,subject_6,0
1,3,5,trial_111,subject_6,0
2,3,5,trial_112,subject_6,0
3,3,5,trial_113,subject_6,0
4,3,5,trial_114,subject_6,0
5,3,5,trial_115,subject_6,0
1,4,5,trial_116,subject_6,0
2,4,5,trial_117,subject_6,0
3,4,5,trial_118,subject_6,0
4,4,5,trial_119,subject_6,0
5,4,5,trial_120,subject_6,0
1,5,5,trial_121,subject_6,0
2,5,5,trial_122,subject_6,0
3,5,5,trial_123,subject_6,0
4,5,5,trial_124,subject_6,0
5,5,5,trial_125,subject_6,0
1,1,1,trial_1,subject_7,0
2,1,1,trial_2,subject_7,0
3,1,1,trial_3,subject_7,0
4,1,1,trial_4,subject_7,1
5,1,1,trial_5,subject_7,1
1,2,1,trial_6,subject_7,0
2,2,1,trial_7,subject_7,0
3,2,1,trial_8,subject_7,0
4,2,1,trial_9,subject_7,0
5,2,1,trial_10,subject_7,0
1,3,1,trial_11,subject_7,0
2,3,1,trial_12,subject_7,0
3,3,1,trial_13,subject_7,0
4,3,1,trial_14,subject_7,0
5,3,1,trial_15,subject_7,0
1,4,1,trial_16,subject_7,0
2,4,1,trial_17,subject_7,0
3,4,1,trial_18,subject_7,0
4,4,1,trial_19,subject_7,0
5,4,1,trial_20,subject_7,0
1,5,1,trial_21,subject_7,0
2,5,1,trial_22,subject_7,0
3,5,1,trial_23,subject_7,0
4,5,1,trial_24,subject_7,0
5,5,1,trial_25,subject_7,0
1,1,2,trial_26,subject_7,0
2,1,2,trial_27,subject_7,0
3,1,2,trial_28,subject_7,0
4,1,2,trial_29,subject_7,0
5,1,2,trial_30,subject_7,0
1,2,2,trial_31,subject_7,0
2,2,2,trial_32,subject_7,0
3,2,2,trial_33,subject_7,0
4,2,2,trial_34,subject_7,0
5,2,2,trial_35,subject_7,0
1,3,2,trial_36,subject_7,0
2,3,2,trial_37,subject_7,0
3,3,2,trial_38,subject_7,0
4,3,2,trial_39,subject_7,0
5,3,2,trial_40,subject_7,0
1,4,2,trial_41,subject_7,0
2,4,2,trial_42,subject_7,1
3,4,2,trial_43,subject_7,0
4,4,2,trial_44,subject_7,0
5,4,2,trial_45,subject_7,0
1,5,2,trial_46,subject_7,0
2,5,2,trial_47,subject_7,0
3,5,2,trial_48,subject_7,0
4,5,2,trial_49,subject_7,0
5,5,2,trial_50,subject_7,0
1,1,3,trial_51,subject_7,0
2,1,3,trial_52,subject_7,0
3,1,3,trial_53,subject_7,0
4,1,3,trial_54,subject_7,0
5,1,3,trial_55,subject_7,0
1,2,3,trial_56,subject_7,0
2,2,3,trial_57,subject_7,0
3,2,3,trial_58,subject_7,0
4,2,3,trial_59,subject_7,0
5,2,3,trial_60,subject_7,0
1,3,3,trial_61,subject_7,0
2,3,3,trial_62,subject_7,0
3,3,3,trial_63,subject_7,0
4,3,3,trial_64,subject_7,0
5,3,3,trial_65,subject_7,0
1,4,3,trial_66,subject_7,0
2,4,3,trial_67,subject_7,0
3,4,3,trial_68,subject_7,0
4,4,3,trial_69,subject_7,0
5,4,3,trial_70,subject_7,0
1,5,3,trial_71,subject_7,0
2,5,3,trial_72,subject_7,0
3,5,3,trial_73,subject_7,0
4,5,3,trial_74,subject_7,0
5,5,3,trial_75,subject_7,0
1,1,4,trial_76,subject_7,0
2,1,4,trial_77,subject_7,0
3,1,4,trial_78,subject_7,0
4,1,4,trial_79,subject_7,0
5,1,4,trial_80,subject_7,0
1,2,4,trial_81,subject_7,0
2,2,4,trial_82,subject_7,0
3,2,4,trial_83,subject_7,0
4,2,4,trial_84,subject_7,0
5,2,4,trial_85,subject_7,0
1,3,4,trial_86,subject_7,0
2,3,4,trial_87,subject_7,0
3,3,4,trial_88,subject_7,0
4,3,4,trial_89,subject_7,0
5,3,4,trial_90,subject_7,0
1,4,4,trial_91,subject_7,0
2,4,4,trial_92,subject_7,0
3,4,4,trial_93,subject_7,0
4,4,4,trial_94,subject_7,0
5,4,4,trial_95,subject_7,0
1,5,4,trial_96,subject_7,0
2,5,4,trial_97,subject_7,0
3,5,4,trial_98,subject_7,0
4,5,4,trial_99,subject_7,0
5,5,4,trial_100,subject_7,0
1,1,5,trial_101,subject_7,0
2,1,5,trial_102,subject_7,0
3,1,5,trial_103,subject_7,0
4,1,5,trial_104,subject_7,0
5,1,5,trial_105,subject_7,0
1,2,5,trial_106,subject_7,0
2,2,5,trial_107,subject_7,0
3,2,5,trial_108,subject_7,0
4,2,5,trial_109,subject_7,0
5,2,5,trial_110,subject_7,0
1,3,5,trial_111,subject_7,0
2,3,5,trial_112,subject_7,0
3,3,5,trial_113,subject_7,0
4,3,5,trial_114,subject_7,0
5,3,5,trial_115,subject_7,0
1,4,5,trial_116,subject_7,0
2,4,5,trial_117,subject_7,0
3,4,5,trial_118,subject_7,0
4,4,5,trial_119,subject_7,0
5,4,5,trial_120,subject_7,0
1,5,5,trial_121,subject_7,0
2,5,5,trial_122,subject_7,0
3,5,5,trial_123,subject_7,0
4,5,5,trial_124,subject_7,0
5,5,5,trial_125,subject_7,0
1,1,1,trial_1,subject_8,0
2,1,1,trial_2,subject_8,0
3,1,1,trial_3,subject_8,0
4,1,1,trial_4,subject_8,1
5,1,1,trial_5,subject_8,0
1,2,1,trial_6,subject_8,0
2,2,1,trial_7,subject_8,0
3,2,1,trial_8,subject_8,0
4,2,1,trial_9,subject_8,0
5,2,1,trial_10,subject_8,0
1,3,1,trial_11,subject_8,0
2,3,1,trial_12,subject_8,0
3,3,1,trial_13,subject_8,0
4,3,1,trial_14,subject_8,0
5,3,1,trial_15,subject_8,1
1,4,1,trial_16,subject_8,1
2,4,1,trial_17,subject_8,0
3,4,1,trial_18,subject_8,0
4,4,1,trial_19,subject_8,0
5,4,1,trial_20,subject_8,0
1,5,1,trial_21,subject_8,0
2,5,1,trial_22,subject_8,0
3,5,1,trial_23,subject_8,0
4,5,1,trial_24,subject_8,0
5,5,1,trial_25,subject_8,0
1,1,2,trial_26,subject_8,0
2,1,2,trial_27,subject_8,0
3,1,2,trial_28,subject_8,1
4,1,2,trial_29,subject_8,0
5,1,2,trial_30,subject_8,0
1,2,2,trial_31,subject_8,0
2,2,2,trial_32,subject_8,0
3,2,2,trial_33,subject_8,0
4,2,2,trial_34,subject_8,0
5,2,2,trial_35,subject_8,0
1,3,2,trial_36,subject_8,0
2,3,2,trial_37,subject_8,0
3,3,2,trial_38,subject_8,0
4,3,2,trial_39,subject_8,0
5,3,2,trial_40,subject_8,0
1,4,2,trial_41,subject_8,0
2,4,2,trial_42,subject_8,0
3,4,2,trial_43,subject_8,0
4,4,2,trial_44,subject_8,0
5,4,2,trial_45,subject_8,0
1,5,2,trial_46,subject_8,0
2,5,2,trial_47,subject_8,0
3,5,2,trial_48,subject_8,0
4,5,2,trial_49,subject_8,0
5,5,2,trial_50,subject_8,0
1,1,3,trial_51,subject_8,0
2,1,3,trial_52,subject_8,0
3,1,3,trial_53,subject_8,0
4,1,3,trial_54,subject_8,0
5,1,3,trial_55,subject_8,1
1,2,3,trial_56,subject_8,0
2,2,3,trial_57,subject_8,0
3,2,3,trial_58,subject_8,0
4,2,3,trial_59,subject_8,0
5,2,3,trial_60,subject_8,0
1,3,3,trial_61,subject_8,0
2,3,3,trial_62,subject_8,0
3,3,3,trial_63,subject_8,0
4,3,3,trial_64,subject_8,0
5,3,3,trial_65,subject_8,0
1,4,3,trial_66,subject_8,0
2,4,3,trial_67,subject_8,0
3,4,3,trial_68,subject_8,0
4,4,3,trial_69,subject_8,0
5,4,3,trial_70,subject_8,0
1,5,3,trial_71,subject_8,0
2,5,3,trial_72,subject_8,0
3,5,3,trial_73,subject_8,0
4,5,3,trial_74,subject_8,0
5,5,3,trial_75,subject_8,0
1,1,4,trial_76,subject_8,0
2,1,4,trial_77,subject_8,0
3,1,4,trial_78,subject_8,0
4,1,4,trial_79,subject_8,0
5,1,4,trial_80,subject_8,0
1,2,4,trial_81,subject_8,0
2,2,4,trial_82,subject_8,0
3,2,4,trial_83,subject_8,0
4,2,4,trial_84,subject_8,0
5,2,4,trial_85,subject_8,0
1,3,4,trial_86,subject_8,0
2,3,4,trial_87,subject_8,0
3,3,4,trial_88,subject_8,0
4,3,4,trial_89,subject_8,0
5,3,4,trial_90,subject_8,0
1,4,4,trial_91,subject_8,0
2,4,4,trial_92,subject_8,0
3,4,4,trial_93,subject_8,0
4,4,4,trial_94,subject_8,0
5,4,4,trial_95,subject_8,0
1,5,4,trial_96,subject_8,0
2,5,4,trial_97,subject_8,0
3,5,4,trial_98,subject_8,0
4,5,4,trial_99,subject_8,0
5,5,4,trial_100,subject_8,0
1,1,5,trial_101,subject_8,0
2,1,5,trial_102,subject_8,0
3,1,5,trial_103,subject_8,0
4,1,5,trial_104,subject_8,0
5,1,5,trial_105,subject_8,0
1,2,5,trial_106,subject_8,0
2,2,5,trial_107,subject_8,0
3,2,5,trial_108,subject_8,0
4,2,5,trial_109,subject_8,0
5,2,5,trial_110,subject_8,0
1,3,5,trial_111,subject_8,0
2,3,5,trial_112,subject_8,0
3,3,5,trial_113,subject_8,0
4,3,5,trial_114,subject_8,0
5,3,5,trial_115,subject_8,0
1,4,5,trial_116,subject_8,0
2,4,5,trial_117,subject_8,0
3,4,5,trial_118,subject_8,0
4,4,5,trial_119,subject_8,0
5,4,5,trial_120,subject_8,0
1,5,5,trial_121,subject_8,0
2,5,5,trial_122,subject_8,0
3,5,5,trial_123,subject_8,0
4,5,5,trial_124,subject_8,0
5,5,5,trial_125,subject_8,0
1,1,1,trial_1,subject_9,1
2,1,1,trial_2,subject_9,1
3,1,1,trial_3,subject_9,0
4,1,1,trial_4,subject_9,0
5,1,1,trial_5,subject_9,1
1,2,1,trial_6,subject_9,0
2,2,1,trial_7,subject_9,0
3,2,1,trial_8,subject_9,0
4,2,1,trial_9,subject_9,0
5,2,1,trial_10,subject_9,0
1,3,1,trial_11,subject_9,0
2,3,1,trial_12,subject_9,0
3,3,1,trial_13,subject_9,0
4,3,1,trial_14,subject_9,0
5,3,1,trial_15,subject_9,0
1,4,1,trial_16,subject_9,0
2,4,1,trial_17,subject_9,0
3,4,1,trial_18,subject_9,0
4,4,1,trial_19,subject_9,0
5,4,1,trial_20,subject_9,0
1,5,1,trial_21,subject_9,0
2,5,1,trial_22,subject_9,0
3,5,1,trial_23,subject_9,0
4,5,1,trial_24,subject_9,0
5,5,1,trial_25,subject_9,0
1,1,2,trial_26,subject_9,0
2,1,2,trial_27,subject_9,0
3,1,2,trial_28,subject_9,0
4,1,2,trial_29,subject_9,0
5,1,2,trial_30,subject_9,1
1,2,2,trial_31,subject_9,0
2,2,2,trial_32,subject_9,0
3,2,2,trial_33,subject_9,0
4,2,2,trial_34,subject_9,0
5,2,2,trial_35,subject_9,0
1,3,2,trial_36,subject_9,0
2,3,2,trial_37,subject_9,0
3,3,2,trial_38,subject_9,0
4,3,2,trial_39,subject_9,0
5,3,2,trial_40,subject_9,0
1,4,2,trial_41,subject_9,0
2,4,2,trial_42,subject_9,0
3,4,2,trial_43,subject_9,0
4,4,2,trial_44,subject_9,0
5,4,2,trial_45,subject_9,0
1,5,2,trial_46,subject_9,0
2,5,2,trial_47,subject_9,0
3,5,2,trial_48,subject_9,0
4,5,2,trial_49,subject_9,0
5,5,2,trial_50,subject_9,0
1,1,3,trial_51,subject_9,0
2,1,3,trial_52,subject_9,0
3,1,3,trial_53,subject_9,0
4,1,3,trial_54,subject_9,0
5,1,3,trial_55,subject_9,0
1,2,3,trial_56,subject_9,0
2,2,3,trial_57,subject_9,0
3,2,3,trial_58,subject_9,0
4,2,3,trial_59,subject_9,0
5,2,3,trial_60,subject_9,0
1,3,3,trial_61,subject_9,0
2,3,3,trial_62,subject_9,0
3,3,3,trial_63,subject_9,0
4,3,3,trial_64,subject_9,0
5,3,3,trial_65,subject_9,0
1,4,3,trial_66,subject_9,0
2,4,3,trial_67,subject_9,0
3,4,3,trial_68,subject_9,0
4,4,3,trial_69,subject_9,0
5,4,3,trial_70,subject_9,0
1,5,3,trial_71,subject_9,0
2,5,3,trial_72,subject_9,0
3,5,3,trial_73,subject_9,0
4,5,3,trial_74,subject_9,0
5,5,3,trial_75,subject_9,0
1,1,4,trial_76,subject_9,0
2,1,4,trial_77,subject_9,0
3,1,4,trial_78,subject_9,0
4,1,4,trial_79,subject_9,0
5,1,4,trial_80,subject_9,0
1,2,4,trial_81,subject_9,0
2,2,4,trial_82,subject_9,0
3,2,4,trial_83,subject_9,0
4,2,4,trial_84,subject_9,0
5,2,4,trial_85,subject_9,0
1,3,4,trial_86,subject_9,0
2,3,4,trial_87,subject_9,0
3,3,4,trial_88,subject_9,0
4,3,4,trial_89,subject_9,0
5,3,4,trial_90,subject_9,0
1,4,4,trial_91,subject_9,0
2,4,4,trial_92,subject_9,0
3,4,4,trial_93,subject_9,0
4,4,4,trial_94,subject_9,0
5,4,4,trial_95,subject_9,0
1,5,4,trial_96,subject_9,0
2,5,4,trial_97,subject_9,0
3,5,4,trial_98,subject_9,0
4,5,4,trial_99,subject_9,0
5,5,4,trial_100,subject_9,0
1,1,5,trial_101,subject_9,0
2,1,5,trial_102,subject_9,0
3,1,5,trial_103,subject_9,0
4,1,5,trial_104,subject_9,0
5,1,5,trial_105,subject_9,0
1,2,5,trial_106,subject_9,0
2,2,5,trial_107,subject_9,0
3,2,5,trial_108,subject_9,0
4,2,5,trial_109,subject_9,0
5,2,5,trial_110,subject_9,0
1,3,5,trial_111,subject_9,0
2,3,5,trial_112,subject_9,0
3,3,5,trial_113,subject_9,0
4,3,5,trial_114,subject_9,0
5,3,5,trial_115,subject_9,0
1,4,5,trial_116,subject_9,0
2,4,5,trial_117,subject_9,0
3,4,5,trial_118,subject_9,0
4,4,5,trial_119,subject_9,0
5,4,5,trial_120,subject_9,0
1,5,5,trial_121,subject_9,0
2,5,5,trial_122,subject_9,0
3,5,5,trial_123,subject_9,0
4,5,5,trial_124,subject_9,0
5,5,5,trial_125,subject_9,0
1,1,1,trial_1,subject_10,0
2,1,1,trial_2,subject_10,0
3,1,1,trial_3,subject_10,1
4,1,1,trial_4,subject_10,0
5,1,1,trial_5,subject_10,1
1,2,1,trial_6,subject_10,0
2,2,1,trial_7,subject_10,0
3,2,1,trial_8,subject_10,0
4,2,1,trial_9,subject_10,0
5,2,1,trial_10,subject_10,0
1,3,1,trial_11,subject_10,1
2,3,1,trial_12,subject_10,0
3,3,1,trial_13,subject_10,0
4,3,1,trial_14,subject_10,0
5,3,1,trial_15,subject_10,1
1,4,1,trial_16,subject_10,0
2,4,1,trial_17,subject_10,0
3,4,1,trial_18,subject_10,0
4,4,1,trial_19,subject_10,0
5,4,1,trial_20,subject_10,0
1,5,1,trial_21,subject_10,0
2,5,1,trial_22,subject_10,0
3,5,1,trial_23,subject_10,0
4,5,1,trial_24,subject_10,0
5,5,1,trial_25,subject_10,0
1,1,2,trial_26,subject_10,0
2,1,2,trial_27,subject_10,0
3,1,2,trial_28,subject_10,0
4,1,2,trial_29,subject_10,0
5,1,2,trial_30,subject_10,0
1,2,2,trial_31,subject_10,0
2,2,2,trial_32,subject_10,0
3,2,2,trial_33,subject_10,0
4,2,2,trial_34,subject_10,0
5,2,2,trial_35,subject_10,0
1,3,2,trial_36,subject_10,0
2,3,2,trial_37,subject_10,0
3,3,2,trial_38,subject_10,0
4,3,2,trial_39,subject_10,0
5,3,2,trial_40,subject_10,0
1,4,2,trial_41,subject_10,0
2,4,2,trial_42,subject_10,0
3,4,2,trial_43,subject_10,0
4,4,2,trial_44,subject_10,0
5,4,2,trial_45,subject_10,0
1,5,2,trial_46,subject_10,0
2,5,2,trial_47,subject_10,0
3,5,2,trial_48,subject_10,0
4,5,2,trial_49,subject_10,0
5,5,2,trial_50,subject_10,0
1,1,3,trial_51,subject_10,0
2,1,3,trial_52,subject_10,0
3,1,3,trial_53,subject_10,0
4,1,3,trial_54,subject_10,0
5,1,3,trial_55,subject_10,0
1,2,3,trial_56,subject_10,0
2,2,3,trial_57,subject_10,0
3,2,3,trial_58,subject_10,0
4,2,3,trial_59,subject_10,0
5,2,3,trial_60,subject_10,0
1,3,3,trial_61,subject_10,0
2,3,3,trial_62,subject_10,0
3,3,3,trial_63,subject_10,0
4,3,3,trial_64,subject_10,0
5,3,3,trial_65,subject_10,0
1,4,3,trial_66,subject_10,0
2,4,3,trial_67,subject_10,0
3,4,3,trial_68,subject_10,0
4,4,3,trial_69,subject_10,0
5,4,3,trial_70,subject_10,0
1,5,3,trial_71,subject_10,0
2,5,3,trial_72,subject_10,0
3,5,3,trial_73,subject_10,0
4,5,3,trial_74,subject_10,0
5,5,3,trial_75,subject_10,0
1,1,4,trial_76,subject_10,0
2,1,4,trial_77,subject_10,0
3,1,4,trial_78,subject_10,0
4,1,4,trial_79,subject_10,0
5,1,4,trial_80,subject_10,0
1,2,4,trial_81,subject_10,0
2,2,4,trial_82,subject_10,0
3,2,4,trial_83,subject_10,0
4,2,4,trial_84,subject_10,0
5,2,4,trial_85,subject_10,0
1,3,4,trial_86,subject_10,0
2,3,4,trial_87,subject_10,0
3,3,4,trial_88,subject_10,0
4,3,4,trial_89,subject_10,0
5,3,4,trial_90,subject_10,0
1,4,4,trial_91,subject_10,0
2,4,4,trial_92,subject_10,0
3,4,4,trial_93,subject_10,0
4,4,4,trial_94,subject_10,0
5,4,4,trial_95,subject_10,0
1,5,4,trial_96,subject_10,0
2,5,4,trial_97,subject_10,0
3,5,4,trial_98,subject_10,0
4,5,4,trial_99,subject_10,0
5,5,4,trial_100,subject_10,0
1,1,5,trial_101,subject_10,0
2,1,5,trial_102,subject_10,0
3,1,5,trial_103,subject_10,0
4,1,5,trial_104,subject_10,0
5,1,5,trial_105,subject_10,0
1,2,5,trial_106,subject_10,0
2,2,5,trial_107,subject_10,0
3,2,5,trial_108,subject_10,0
4,2,5,trial_109,subject_10,0
5,2,5,trial_110,subject_10,0
1,3,5,trial_111,subject_10,0
2,3,5,trial_112,subject_10,0
3,3,5,trial_113,subject_10,0
4,3,5,trial_114,subject_10,0
5,3,5,trial_115,subject_10,0
1,4,5,trial_116,subject_10,0
2,4,5,trial_117,subject_10,0
3,4,5,trial_118,subject_10,0
4,4,5,trial_119,subject_10,0
5,4,5,trial_120,subject_10,0
1,5,5,trial_121,subject_10,0
2,5,5,trial_122,subject_10,0
3,5,5,trial_123,subject_10,0
4,5,5,trial_124,subject_10,0
5,5,5,trial_125,subject_10,0
