tripletid,file_X,onset_X,offset_X,phoneitem_id_X,phone1_X,phone3_X,speaker_X,sex_X,dialect_X,phone_X,distance_OTH,dialect_OTH,file_OTH,offset_OTH,onset_OTH,phone1_OTH,phone3_OTH,phoneitem_id_OTH,sex_OTH,speaker_OTH,phone_OTH,distance_TGT,dialect_TGT,file_TGT,offset_TGT,onset_TGT,phone1_TGT,phone3_TGT,phoneitem_id_TGT,sex_TGT,speaker_TGT,phone_TGT
t00000050941,/Users/emd/0/_data/TIMIT/timit/TIMIT/TEST/DR5/MBPM0/SX47.riff,0.115,0.3816,i30731,m,m,MBPM0,M,DR5,aa,0.481261664523696,DR6,/Users/emd/0/_data/TIMIT/timit/TIMIT/TRAIN/DR6/FHXS0/SX355.riff,2.4421,2.2036,m,m,i161117,F,FHXS0,ae,0.412427786981254,DR6,/Users/emd/0/_data/TIMIT/timit/TIMIT/TRAIN/DR6/FHXS0/SI2335.riff,2.3586,2.0689,m,m,i161067,F,FHXS0,aa
t00000105620,/Users/emd/0/_data/TIMIT/timit/TIMIT/TRAIN/DR7/MKDB0/SX62.riff,0.3275,0.5511,i140961,k,n,MKDB0,M,DR7,aa,0.508080553976384,DR7,/Users/emd/0/_data/TIMIT/timit/TIMIT/TRAIN/DR7/MTML0/SX75.riff,0.8334,0.6206,k,n,i146038,M,MTML0,ae,0.394570614615218,DR7,/Users/emd/0/_data/TIMIT/timit/TIMIT/TRAIN/DR7/MTML0/SX435.riff,1.8589,1.5925,k,n,i145924,M,MTML0,aa
t00000105963,/Users/emd/0/_data/TIMIT/timit/TIMIT/TRAIN/DR6/MSAT1/SX353.riff,0.1939,0.4825,i165116,k,n,MSAT1,M,DR6,aa,0.453982916992181,DR7,/Users/emd/0/_data/TIMIT/timit/TIMIT/TRAIN/DR7/MJFR0/SX75.riff,0.9286,0.6725,k,n,i137166,M,MJFR0,ae,0.347718516356283,DR7,/Users/emd/0/_data/TIMIT/timit/TIMIT/TRAIN/DR7/MJFR0/SX435.riff,2.7287,2.2425,k,n,i137024,M,MJFR0,aa
t00000095760,/Users/emd/0/_data/TIMIT/timit/TIMIT/TRAIN/DR4/MLJC0/SX55.riff,0.8789,1.0684,i54456,k,m,MLJC0,M,DR4,aa,0.432272712482844,DR2,/Users/emd/0/_data/TIMIT/timit/TIMIT/TRAIN/DR2/FJKL0/SX392.riff,1.1566,0.9347,k,m,i90972,F,FJKL0,ae,0.369777324588462,DR2,/Users/emd/0/_data/TIMIT/timit/TIMIT/TRAIN/DR2/FJKL0/SI932.riff,2.4759,2.1825,k,m,i90917,F,FJKL0,aa
t00000075973,/Users/emd/0/_data/TIMIT/timit/TIMIT/TEST/DR4/MBNS0/SX50.riff,0.4934,0.7258,i7672,r,f,MBNS0,M,DR4,aa,0.381746127704069,DR4,/Users/emd/0/_data/TIMIT/timit/TIMIT/TRAIN/DR4/MARW0/SX286.riff,2.3089,2.06,r,f,i56707,M,MARW0,ae,0.311082518550032,DR4,/Users/emd/0/_data/TIMIT/timit/TIMIT/TRAIN/DR4/MARW0/SI646.riff,1.5825,1.3325,r,f,i56898,M,MARW0,aa
t00000000425,/Users/emd/0/_data/TIMIT/timit/TIMIT/TEST/DR1/FDAC1/SX304.riff,1.0802,1.53,i44329,t,k,FDAC1,F,DR1,aa,0.374928858486426,DR6,/Users/emd/0/_data/TIMIT/timit/TIMIT/TEST/DR6/FLNH0/SI584.riff,0.7519,0.4804,t,k,i40196,F,FLNH0,ae,0.393420764351569,DR6,/Users/emd/0/_data/TIMIT/timit/TIMIT/TEST/DR6/FLNH0/SI941.riff,4.1225,3.7991,t,k,i40162,F,FLNH0,aa
t00000017157,/Users/emd/0/_data/TIMIT/timit/TIMIT/TRAIN/DR2/MDWD0/SA1.riff,0.6525,0.8525,i99043,d,r,MDWD0,M,DR2,aa,0.37080765388253,DR7,/Users/emd/0/_data/TIMIT/timit/TIMIT/TRAIN/DR7/FBLV0/SX338.riff,2.2167,2.0341,d,r,i136059,F,FBLV0,ah,0.294015211628779,DR7,/Users/emd/0/_data/TIMIT/timit/TIMIT/TRAIN/DR7/FBLV0/SA1.riff,0.9321,0.6971,d,r,i136018,F,FBLV0,aa
t00000098530,/Users/emd/0/_data/TIMIT/timit/TIMIT/TRAIN/DR5/FSKP0/SX288.riff,0.7425,1.0757,i124645,k,m,FSKP0,F,DR5,aa,0.379385463951196,DR1,/Users/emd/0/_data/TIMIT/timit/TIMIT/TEST/DR1/FELC0/SX306.riff,1.5324,1.2825,k,m,i44051,F,FELC0,ah,0.342909321224766,DR1,/Users/emd/0/_data/TIMIT/timit/TIMIT/TEST/DR1/FELC0/SX36.riff,1.2896,1.0025,k,m,i43806,F,FELC0,aa
t00000012734,/Users/emd/0/_data/TIMIT/timit/TIMIT/TEST/DR4/FJMG0/SX101.riff,3.4925,3.765,i3801,hh,l,FJMG0,F,DR4,aa,0.392999684336148,DR7,/Users/emd/0/_data/TIMIT/timit/TIMIT/TRAIN/DR7/MRMG0/SX360.riff,2.8475,2.48,hh,l,i151280,M,MRMG0,ah,0.396159411926892,DR7,/Users/emd/0/_data/TIMIT/timit/TIMIT/TRAIN/DR7/MRMG0/SX270.riff,0.6434,0.3968,hh,l,i151284,M,MRMG0,aa
t00000007711,/Users/emd/0/_data/TIMIT/timit/TIMIT/TRAIN/DR2/MTAT1/SX419.riff,2.1436,2.4912,i96192,w,tcl,MTAT1,M,DR2,aa,0.331262437703216,DR7,/Users/emd/0/_data/TIMIT/timit/TIMIT/TRAIN/DR7/MSAH1/SI2309.riff,1.6332,1.5369,w,tcl,i146153,M,MSAH1,ah,0.2729441725257,DR7,/Users/emd/0/_data/TIMIT/timit/TIMIT/TRAIN/DR7/MSAH1/SX419.riff,1.7856,1.5718,w,tcl,i146182,M,MSAH1,aa
t00000051162,/Users/emd/0/_data/TIMIT/timit/TIMIT/TRAIN/DR6/FPAD0/SX446.riff,0.1843,0.3672,i157507,t,m,FPAD0,F,DR6,aa,0.482632341926245,DR2,/Users/emd/0/_data/TIMIT/timit/TIMIT/TRAIN/DR2/MRJT0/SI1498.riff,1.5931,1.3707,t,m,i94766,M,MRJT0,ah,0.473110513112345,DR2,/Users/emd/0/_data/TIMIT/timit/TIMIT/TRAIN/DR2/MRJT0/SX328.riff,1.239,0.8511,t,m,i94988,M,MRJT0,aa
t00000100328,/Users/emd/0/_data/TIMIT/timit/TIMIT/TRAIN/DR2/MDEM0/SA1.riff,3.0858,3.2625,i100768,w,dx,MDEM0,M,DR2,aa,0.341864758020959,DR3,/Users/emd/0/_data/TIMIT/timit/TIMIT/TEST/DR3/FCMH0/SI2084.riff,0.2675,0.135,w,dx,i11036,F,FCMH0,ah,0.303183513756433,DR3,/Users/emd/0/_data/TIMIT/timit/TIMIT/TEST/DR3/FCMH0/SA1.riff,2.8025,2.6141,w,dx,i11118,F,FCMH0,aa
t00000043753,/Users/emd/0/_data/TIMIT/timit/TIMIT/TRAIN/DR4/MRAB1/SX308.riff,2.4483,2.7,i62304,r,s,MRAB1,M,DR4,aa,0.437689731941293,DR7,/Users/emd/0/_data/TIMIT/timit/TIMIT/TRAIN/DR7/MBTH0/SA1.riff,1.7188,1.4712,r,s,i139787,M,MBTH0,iy,0.285750286412093,DR7,/Users/emd/0/_data/TIMIT/timit/TIMIT/TRAIN/DR7/MBTH0/SX302.riff,1.7169,1.4606,r,s,i139814,M,MBTH0,aa
t00000049930,/Users/emd/0/_data/TIMIT/timit/TIMIT/TEST/DR2/FJWB0/SX95.riff,0.2611,0.4875,i18576,w,n,FJWB0,F,DR2,aa,0.463561017582133,DR2,/Users/emd/0/_data/TIMIT/timit/TIMIT/TRAIN/DR2/MKAH0/SX178.riff,2.8632,2.6559,w,n,i104488,M,MKAH0,iy,0.386800820215437,DR2,/Users/emd/0/_data/TIMIT/timit/TIMIT/TRAIN/DR2/MKAH0/SX88.riff,2.63,2.4752,w,n,i104571,M,MKAH0,aa
t00000020635,/Users/emd/0/_data/TIMIT/timit/TIMIT/TEST/DR3/MHPG0/SI1090.riff,2.2325,2.4775,i14087,r,s,MHPG0,M,DR3,aa,0.507327991617409,DR2,/Users/emd/0/_data/TIMIT/timit/TIMIT/TRAIN/DR2/FJKL0/SI932.riff,3.6681,3.4244,r,s,i90932,F,FJKL0,iy,0.437410532818432,DR2,/Users/emd/0/_data/TIMIT/timit/TIMIT/TRAIN/DR2/FJKL0/SX392.riff,1.6846,1.4619,r,s,i90980,F,FJKL0,aa
t00000054803,/Users/emd/0/_data/TIMIT/timit/TIMIT/TRAIN/DR4/FBAS0/SI2066.riff,4.9025,5.3075,i63739,l,r,FBAS0,F,DR4,aa,0.425164372996894,DR7,/Users/emd/0/_data/TIMIT/timit/TIMIT/TRAIN/DR7/MTLC0/SA2.riff,1.7467,1.5274,l,r,i152138,M,MTLC0,iy,0.37581868930048,DR7,/Users/emd/0/_data/TIMIT/timit/TIMIT/TRAIN/DR7/MTLC0/SI847.riff,0.6225,0.3962,l,r,i152027,M,MTLC0,aa
t00000056359,/Users/emd/0/_data/TIMIT/timit/TIMIT/TRAIN/DR3/MDNS0/SI1011.riff,3.2087,3.4084,i68731,l,r,MDNS0,M,DR3,aa,0.374528209543706,DR3,/Users/emd/0/_data/TIMIT/timit/TIMIT/TRAIN/DR3/MMEB0/SA2.riff,1.5222,1.3473,l,r,i75895,M,MMEB0,iy,0.316533776965145,DR3,/Users/emd/0/_data/TIMIT/timit/TIMIT/TRAIN/DR3/MMEB0/SI1357.riff,3.5945,3.3775,l,r,i75946,M,MMEB0,aa
t00000061634,/Users/emd/0/_data/TIMIT/timit/TIMIT/TEST/DR4/FSEM0/SX118.riff,1.5175,1.7625,i8202,l,r,FSEM0,F,DR4,aa,0.484964424221528,DR2,/Users/emd/0/_data/TIMIT/timit/TIMIT/TEST/DR2/FCMR0/SA2.riff,2.2898,2.0183,l,r,i20691,F,FCMR0,iy,0.34384503458212,DR2,/Users/emd/0/_data/TIMIT/timit/TIMIT/TEST/DR2/FCMR0/SX205.riff,2.0966,1.8198,l,r,i20646,F,FCMR0,aa
t00000016458,/Users/emd/0/_data/TIMIT/timit/TIMIT/TRAIN/DR3/MPRD0/SA1.riff,0.7258,0.9925,i69523,d,r,MPRD0,M,DR3,aa,0.356583415136095,DR3,/Users/emd/0/_data/TIMIT/timit/TIMIT/TEST/DR3/MWJG0/SX224.riff,1.3211,1.1462,d,r,i14480,M,MWJG0,uh,0.257677209596494,DR3,/Users/emd/0/_data/TIMIT/timit/TIMIT/TEST/DR3/MWJG0/SA1.riff,0.8825,0.6475,d,r,i14589,M,MWJG0,aa
t00000015559,/Users/emd/0/_data/TIMIT/timit/TIMIT/TEST/DR2/MABW0/SA1.riff,0.6118,0.8277,i22765,d,r,MABW0,M,DR2,aa,0.368193142302818,DR5,/Users/emd/0/_data/TIMIT/timit/TIMIT/TRAIN/DR5/FSJG0/SI940.riff,0.3759,0.1369,d,r,i113355,F,FSJG0,uh,0.32413201858089,DR5,/Users/emd/0/_data/TIMIT/timit/TIMIT/TRAIN/DR5/FSJG0/SA1.riff,1.4725,1.1093,d,r,i113558,F,FSJG0,aa
t00000015731,/Users/emd/0/_data/TIMIT/timit/TIMIT/TRAIN/DR7/MJJM0/SA1.riff,0.5125,0.69,i153735,d,r,MJJM0,M,DR7,aa,0.299256640136153,DR5,/Users/emd/0/_data/TIMIT/timit/TIMIT/TRAIN/DR5/FSJG0/SI940.riff,0.3759,0.1369,d,r,i113355,F,FSJG0,uh,0.379559011395818,DR5,/Users/emd/0/_data/TIMIT/timit/TIMIT/TRAIN/DR5/FSJG0/SA1.riff,1.4725,1.1093,d,r,i113558,F,FSJG0,aa
t00000100193,/Users/emd/0/_data/TIMIT/timit/TIMIT/TRAIN/DR3/FLJD0/SA1.riff,2.055,2.2575,i89668,w,dx,FLJD0,F,DR3,aa,0.435669086563156,DR2,/Users/emd/0/_data/TIMIT/timit/TIMIT/TEST/DR2/MRCZ0/SI2171.riff,0.8975,0.77,w,dx,i17269,M,MRCZ0,uh,0.343231454953754,DR2,/Users/emd/0/_data/TIMIT/timit/TIMIT/TEST/DR2/MRCZ0/SA1.riff,2.5675,2.355,w,dx,i17177,M,MRCZ0,aa
t00000015535,/Users/emd/0/_data/TIMIT/timit/TIMIT/TRAIN/DR1/FSJK1/SA1.riff,0.6527,0.9295,i172703,d,r,FSJK1,F,DR1,aa,0.442549631236204,DR5,/Users/emd/0/_data/TIMIT/timit/TIMIT/TRAIN/DR5/FSJG0/SI940.riff,0.3759,0.1369,d,r,i113355,F,FSJG0,uh,0.317862157375781,DR5,/Users/emd/0/_data/TIMIT/timit/TIMIT/TRAIN/DR5/FSJG0/SA1.riff,1.4725,1.1093,d,r,i113558,F,FSJG0,aa
t00000016526,/Users/emd/0/_data/TIMIT/timit/TIMIT/TRAIN/DR7/MSAH1/SA1.riff,0.6175,0.7792,i146311,d,r,MSAH1,M,DR7,aa,0.372250638915221,DR3,/Users/emd/0/_data/TIMIT/timit/TIMIT/TEST/DR3/MWJG0/SX224.riff,1.3211,1.1462,d,r,i14480,M,MWJG0,uh,0.276838958660147,DR3,/Users/emd/0/_data/TIMIT/timit/TIMIT/TEST/DR3/MWJG0/SA1.riff,0.8825,0.6475,d,r,i14589,M,MWJG0,aa
t00000017958,/Users/emd/0/_data/TIMIT/timit/TIMIT/TRAIN/DR2/FMMH0/SA1.riff,0.8459,1.0704,i93036,d,r,FMMH0,F,DR2,aa,0.440357139084274,DR2,/Users/emd/0/_data/TIMIT/timit/TIMIT/TRAIN/DR2/MRFK0/SI2336.riff,1.4517,1.0075,d,r,i110840,M,MRFK0,uw,0.352062580299556,DR2,/Users/emd/0/_data/TIMIT/timit/TIMIT/TRAIN/DR2/MRFK0/SA1.riff,0.8041,0.5525,d,r,i110901,M,MRFK0,aa
t00000017994,/Users/emd/0/_data/TIMIT/timit/TIMIT/TRAIN/DR2/FSKL0/SA1.riff,0.5509,0.7519,i97517,d,r,FSKL0,F,DR2,aa,0.464679005478177,DR2,/Users/emd/0/_data/TIMIT/timit/TIMIT/TRAIN/DR2/MRFK0/SI2336.riff,1.4517,1.0075,d,r,i110840,M,MRFK0,uw,0.328357584152791,DR2,/Users/emd/0/_data/TIMIT/timit/TIMIT/TRAIN/DR2/MRFK0/SA1.riff,0.8041,0.5525,d,r,i110901,M,MRFK0,aa
t00000018167,/Users/emd/0/_data/TIMIT/timit/TIMIT/TRAIN/DR4/MJDC0/SA1.riff,0.6606,0.9008,i59215,d,r,MJDC0,M,DR4,aa,0.418944085295652,DR2,/Users/emd/0/_data/TIMIT/timit/TIMIT/TRAIN/DR2/MRFK0/SI2336.riff,1.4517,1.0075,d,r,i110840,M,MRFK0,uw,0.277075327673585,DR2,/Users/emd/0/_data/TIMIT/timit/TIMIT/TRAIN/DR2/MRFK0/SA1.riff,0.8041,0.5525,d,r,i110901,M,MRFK0,aa
t00000017936,/Users/emd/0/_data/TIMIT/timit/TIMIT/TRAIN/DR5/FLJA0/SA1.riff,1.2755,1.5324,i123397,d,r,FLJA0,F,DR5,aa,0.42916629624424,DR2,/Users/emd/0/_data/TIMIT/timit/TIMIT/TRAIN/DR2/MRFK0/SI2336.riff,1.4517,1.0075,d,r,i110840,M,MRFK0,uw,0.362439751481138,DR2,/Users/emd/0/_data/TIMIT/timit/TIMIT/TRAIN/DR2/MRFK0/SA1.riff,0.8041,0.5525,d,r,i110901,M,MRFK0,aa
t00000018118,/Users/emd/0/_data/TIMIT/timit/TIMIT/TRAIN/DR2/MEFG0/SA1.riff,0.6971,0.9321,i92714,d,r,MEFG0,M,DR2,aa,0.416589985498083,DR2,/Users/emd/0/_data/TIMIT/timit/TIMIT/TRAIN/DR2/MRFK0/SI2336.riff,1.4517,1.0075,d,r,i110840,M,MRFK0,uw,0.274271320530927,DR2,/Users/emd/0/_data/TIMIT/timit/TIMIT/TRAIN/DR2/MRFK0/SA1.riff,0.8041,0.5525,d,r,i110901,M,MRFK0,aa
t00000018285,/Users/emd/0/_data/TIMIT/timit/TIMIT/TEST/DR7/MNLS0/SA1.riff,0.6275,0.8475,i37946,d,r,MNLS0,M,DR7,aa,0.40499569210758,DR2,/Users/emd/0/_data/TIMIT/timit/TIMIT/TRAIN/DR2/MRFK0/SI2336.riff,1.4517,1.0075,d,r,i110840,M,MRFK0,uw,0.269091995567343,DR2,/Users/emd/0/_data/TIMIT/timit/TIMIT/TRAIN/DR2/MRFK0/SA1.riff,0.8041,0.5525,d,r,i110901,M,MRFK0,aa
t00000086662,/Users/emd/0/_data/TIMIT/timit/TIMIT/TRAIN/DR8/FNKL0/SA2.riff,1.4987,1.859,i177272,r,g,FNKL0,F,DR8,ae,0.410391948247391,DR3,/Users/emd/0/_data/TIMIT/timit/TIMIT/TRAIN/DR3/FGCS0/SX136.riff,1.2238,1.0074,r,g,i78954,F,FGCS0,aa,0.322563487755902,DR3,/Users/emd/0/_data/TIMIT/timit/TIMIT/TRAIN/DR3/FGCS0/SA2.riff,2.8356,2.5143,r,g,i79096,F,FGCS0,ae
t00000102551,/Users/emd/0/_data/TIMIT/timit/TIMIT/TRAIN/DR6/FRJB0/SA2.riff,0.78,1.0626,i164360,k,r,FRJB0,F,DR6,ae,0.397586035222304,DR6,/Users/emd/0/_data/TIMIT/timit/TIMIT/TRAIN/DR6/FKLC1/SX328.riff,1.8929,1.6866,k,r,i166180,F,FKLC1,aa,0.279741820663371,DR6,/Users/emd/0/_data/TIMIT/timit/TIMIT/TRAIN/DR6/FKLC1/SA2.riff,1.0939,0.7925,k,r,i166085,F,FKLC1,ae
t00000102457,/Users/emd/0/_data/TIMIT/timit/TIMIT/TRAIN/DR1/FSMA0/SA2.riff,0.8575,1.1694,i174735,k,r,FSMA0,F,DR1,ae,0.409966061195399,DR6,/Users/emd/0/_data/TIMIT/timit/TIMIT/TRAIN/DR6/FHXS0/SI1075.riff,3.105,2.6834,k,r,i161023,F,FHXS0,aa,0.305870632319199,DR6,/Users/emd/0/_data/TIMIT/timit/TIMIT/TRAIN/DR6/FHXS0/SA2.riff,1.1932,0.8175,k,r,i161180,F,FHXS0,ae
t00000095506,/Users/emd/0/_data/TIMIT/timit/TIMIT/TEST/DR4/MKCL0/SA2.riff,1.6318,1.9875,i3345,r,g,MKCL0,M,DR4,ae,0.408494051550357,DR4,/Users/emd/0/_data/TIMIT/timit/TIMIT/TRAIN/DR4/MSFH0/SX136.riff,1.3025,1.0679,r,g,i64411,M,MSFH0,aa,0.283766414000028,DR4,/Users/emd/0/_data/TIMIT/timit/TIMIT/TRAIN/DR4/MSFH0/SA2.riff,2.7325,2.3159,r,g,i64557,M,MSFH0,ae
t00000091237,/Users/emd/0/_data/TIMIT/timit/TIMIT/TRAIN/DR4/FPAF0/SA2.riff,1.6073,1.9256,i65663,r,g,FPAF0,F,DR4,ae,0.38951704759396,DR2,/Users/emd/0/_data/TIMIT/timit/TIMIT/TRAIN/DR2/MMAG0/SX136.riff,1.2325,1.0075,r,g,i109578,M,MMAG0,aa,0.275215501653239,DR2,/Users/emd/0/_data/TIMIT/timit/TIMIT/TRAIN/DR2/MMAG0/SA2.riff,1.9895,1.5822,r,g,i109725,M,MMAG0,ae
t00000105479,/Users/emd/0/_data/TIMIT/timit/TIMIT/TRAIN/DR6/MTJU0/SI760.riff,0.4475,0.721,i156382,k,n,MTJU0,M,DR6,ae,0.414026958436974,DR7,/Users/emd/0/_data/TIMIT/timit/TIMIT/TRAIN/DR7/MTML0/SX435.riff,1.8589,1.5925,k,n,i145924,M,MTML0,aa,0.399645479293999,DR7,/Users/emd/0/_data/TIMIT/timit/TIMIT/TRAIN/DR7/MTML0/SX75.riff,0.8334,0.6206,k,n,i146038,M,MTML0,ae
t00000089910,/Users/emd/0/_data/TIMIT/timit/TIMIT/TRAIN/DR2/MHRM0/SA2.riff,1.4313,1.6894,i94235,r,g,MHRM0,M,DR2,ae,0.439215785343498,DR8,/Users/emd/0/_data/TIMIT/timit/TIMIT/TEST/DR8/MSLB0/SX383.riff,2.4337,2.1625,r,g,i47688,M,MSLB0,ah,0.403791669403533,DR8,/Users/emd/0/_data/TIMIT/timit/TIMIT/TEST/DR8/MSLB0/SA2.riff,1.9475,1.5561,r,g,i47796,M,MSLB0,ae
t00000092931,/Users/emd/0/_data/TIMIT/timit/TIMIT/TRAIN/DR5/MMAB1/SA2.riff,1.6475,2.0651,i119384,r,g,MMAB1,M,DR5,ae,0.371867217937908,DR1,/Users/emd/0/_data/TIMIT/timit/TIMIT/TEST/DR1/MWBT0/SX383.riff,3.5475,3.1302,r,g,i43317,M,MWBT0,ah,0.257808189743896,DR1,/Users/emd/0/_data/TIMIT/timit/TIMIT/TEST/DR1/MWBT0/SA2.riff,2.1152,1.6919,r,g,i43355,M,MWBT0,ae
t00000082910,/Users/emd/0/_data/TIMIT/timit/TIMIT/TEST/DR2/FCMR0/SA2.riff,2.1619,2.5613,i20693,r,g,FCMR0,F,DR2,ae,0.427695258290823,DR8,/Users/emd/0/_data/TIMIT/timit/TIMIT/TRAIN/DR8/FCEG0/SX78.riff,1.1904,1.0213,r,g,i178846,F,FCEG0,ah,0.344823819988722,DR8,/Users/emd/0/_data/TIMIT/timit/TIMIT/TRAIN/DR8/FCEG0/SA2.riff,1.7803,1.5012,r,g,i178923,F,FCEG0,ae
t00000082998,/Users/emd/0/_data/TIMIT/timit/TIMIT/TRAIN/DR8/FMBG0/SA2.riff,1.6553,1.9425,i179231,r,g,FMBG0,F,DR8,ae,0.366988062196981,DR8,/Users/emd/0/_data/TIMIT/timit/TIMIT/TRAIN/DR8/FCEG0/SX78.riff,1.1904,1.0213,r,g,i178846,F,FCEG0,ah,0.345834069889032,DR8,/Users/emd/0/_data/TIMIT/timit/TIMIT/TRAIN/DR8/FCEG0/SA2.riff,1.7803,1.5012,r,g,i178923,F,FCEG0,ae
t00000086372,/Users/emd/0/_data/TIMIT/timit/TIMIT/TRAIN/DR2/MKDT0/SA2.riff,1.5378,1.8788,i91672,r,g,MKDT0,M,DR2,ae,0.405113907814371,DR2,/Users/emd/0/_data/TIMIT/timit/TIMIT/TRAIN/DR2/MJDE0/SI463.riff,1.8,1.4025,r,g,i94406,M,MJDE0,ah,0.278968726491543,DR2,/Users/emd/0/_data/TIMIT/timit/TIMIT/TRAIN/DR2/MJDE0/SA2.riff,2.6775,2.1825,r,g,i94539,M,MJDE0,ae
t00000085583,/Users/emd/0/_data/TIMIT/timit/TIMIT/TRAIN/DR3/FDFB0/SA2.riff,1.4203,1.7486,i80514,r,g,FDFB0,F,DR3,ae,0.399738170286045,DR3,/Users/emd/0/_data/TIMIT/timit/TIMIT/TRAIN/DR3/MKLS1/SI915.riff,4.2038,3.8324,r,g,i90796,M,MKLS1,ah,0.376706370866864,DR3,/Users/emd/0/_data/TIMIT/timit/TIMIT/TRAIN/DR3/MKLS1/SA2.riff,2.0469,1.6841,r,g,i90614,M,MKLS1,ae
t00000106709,/Users/emd/0/_data/TIMIT/timit/TIMIT/TRAIN/DR5/FLMK0/SA2.riff,2.5712,2.9075,i118785,dh,q,FLMK0,F,DR5,ae,0.43631519576907,DR7,/Users/emd/0/_data/TIMIT/timit/TIMIT/TEST/DR7/FGWR0/SX228.riff,1.8794,1.7363,dh,q,i33474,F,FGWR0,iy,0.307378310019589,DR7,/Users/emd/0/_data/TIMIT/timit/TIMIT/TEST/DR7/FGWR0/SI2208.riff,2.2481,2.0138,dh,q,i33291,F,FGWR0,ae
t00000051357,/Users/emd/0/_data/TIMIT/timit/TIMIT/TRAIN/DR4/MJPM1/SA2.riff,0.4225,0.7219,i56303,nx,s,MJPM1,M,DR4,ae,0.440365375994008,DR5,/Users/emd/0/_data/TIMIT/timit/TIMIT/TRAIN/DR5/MBGT0/SI1841.riff,3.2769,3.0417,nx,s,i131533,M,MBGT0,iy,0.281589298169118,DR5,/Users/emd/0/_data/TIMIT/timit/TIMIT/TRAIN/DR5/MBGT0/SA2.riff,0.6869,0.3725,nx,s,i131652,M,MBGT0,ae
t00000093723,/Users/emd/0/_data/TIMIT/timit/TIMIT/TRAIN/DR3/FSKC0/SA2.riff,1.8058,2.1256,i85857,r,g,FSKC0,F,DR3,ae,0.307273594141305,DR5,/Users/emd/0/_data/TIMIT/timit/TIMIT/TRAIN/DR5/MTAT0/SI811.riff,1.1122,0.8975,r,g,i116152,M,MTAT0,iy,0.281229884226843,DR5,/Users/emd/0/_data/TIMIT/timit/TIMIT/TRAIN/DR5/MTAT0/SA2.riff,1.765,1.4308,r,g,i116140,M,MTAT0,ae
t00000011609,/Users/emd/0/_data/TIMIT/timit/TIMIT/TRAIN/DR2/MRJH0/SA2.riff,2.0174,2.4288,i100371,dh,tcl,MRJH0,M,DR2,ae,0.400005507901893,DR4,/Users/emd/0/_data/TIMIT/timit/TIMIT/TRAIN/DR4/MJDC0/SI1161.riff,0.4308,0.2475,dh,tcl,i59100,M,MJDC0,iy,0.313128646211784,DR4,/Users/emd/0/_data/TIMIT/timit/TIMIT/TRAIN/DR4/MJDC0/SA2.riff,2.1514,1.7963,dh,tcl,i59207,M,MJDC0,ae
t00000076985,/Users/emd/0/_data/TIMIT/timit/TIMIT/TRAIN/DR5/MGES0/SA2.riff,0.2321,0.4593,i116410,n,s,MGES0,M,DR5,ae,0.403914591564592,DR4,/Users/emd/0/_data/TIMIT/timit/TIMIT/TEST/DR4/MTEB0/SX413.riff,0.7662,0.445,n,s,i4038,M,MTEB0,iy,0.330933467770054,DR4,/Users/emd/0/_data/TIMIT/timit/TIMIT/TEST/DR4/MTEB0/SA2.riff,0.5544,0.295,n,s,i3932,M,MTEB0,ae
t00000011342,/Users/emd/0/_data/TIMIT/timit/TIMIT/TRAIN/DR7/FREH0/SX325.riff,1.3354,1.5411,i142821,dh,tcl,FREH0,F,DR7,ae,0.473234276573481,DR4,/Users/emd/0/_data/TIMIT/timit/TIMIT/TRAIN/DR4/MJDC0/SI1161.riff,0.4308,0.2475,dh,tcl,i59100,M,MJDC0,iy,0.44711317542073,DR4,/Users/emd/0/_data/TIMIT/timit/TIMIT/TRAIN/DR4/MJDC0/SA2.riff,2.1514,1.7963,dh,tcl,i59207,M,MJDC0,ae
t00000074840,/Users/emd/0/_data/TIMIT/timit/TIMIT/TEST/DR2/FJRE0/SA1.riff,0.2976,0.5041,i24198,hv,dcl,FJRE0,F,DR2,ae,0.49116097880132,DR5,/Users/emd/0/_data/TIMIT/timit/TIMIT/TRAIN/DR5/MWSH0/SI2266.riff,0.9243,0.7232,hv,dcl,i126664,M,MWSH0,uh,0.371086546769391,DR5,/Users/emd/0/_data/TIMIT/timit/TIMIT/TRAIN/DR5/MWSH0/SA1.riff,0.5681,0.3472,hv,dcl,i126711,M,MWSH0,ae
t00000076117,/Users/emd/0/_data/TIMIT/timit/TIMIT/TRAIN/DR6/FLAG0/SX294.riff,1.0809,1.4138,i158168,r,f,FLAG0,F,DR6,ae,0.424480402269002,DR2,/Users/emd/0/_data/TIMIT/timit/TIMIT/TRAIN/DR2/MCTM0/SI1980.riff,4.0415,3.6629,r,f,i112277,M,MCTM0,uh,0.363436324366212,DR2,/Users/emd/0/_data/TIMIT/timit/TIMIT/TRAIN/DR2/MCTM0/SX450.riff,3.0725,2.7356,r,f,i112217,M,MCTM0,ae
t00000075016,/Users/emd/0/_data/TIMIT/timit/TIMIT/TEST/DR5/MDRB0/SI2109.riff,1.6371,1.9375,i24593,hv,dcl,MDRB0,M,DR5,ae,0.343422936948629,DR5,/Users/emd/0/_data/TIMIT/timit/TIMIT/TRAIN/DR5/MWSH0/SI2266.riff,0.9243,0.7232,hv,dcl,i126664,M,MWSH0,uh,0.291314244990972,DR5,/Users/emd/0/_data/TIMIT/timit/TIMIT/TRAIN/DR5/MWSH0/SI2266.riff,1.36,0.9243,hv,dcl,i126667,M,MWSH0,ae
t00000074991,/Users/emd/0/_data/TIMIT/timit/TIMIT/TEST/DR2/MDBB0/SA1.riff,0.42,0.6866,i22448,hv,dcl,MDBB0,M,DR2,ae,0.379461494049474,DR5,/Users/emd/0/_data/TIMIT/timit/TIMIT/TRAIN/DR5/MWSH0/SI2266.riff,0.9243,0.7232,hv,dcl,i126664,M,MWSH0,uh,0.329869974239008,DR5,/Users/emd/0/_data/TIMIT/timit/TIMIT/TRAIN/DR5/MWSH0/SA1.riff,0.5681,0.3472,hv,dcl,i126711,M,MWSH0,ae
t00000075034,/Users/emd/0/_data/TIMIT/timit/TIMIT/TEST/DR5/MFGK0/SA1.riff,0.4075,0.6579,i29041,hv,dcl,MFGK0,M,DR5,ae,0.291160841172711,DR5,/Users/emd/0/_data/TIMIT/timit/TIMIT/TRAIN/DR5/MWSH0/SI2266.riff,0.9243,0.7232,hv,dcl,i126664,M,MWSH0,uh,0.308071267530771,DR5,/Users/emd/0/_data/TIMIT/timit/TIMIT/TRAIN/DR5/MWSH0/SA1.riff,0.5681,0.3472,hv,dcl,i126711,M,MWSH0,ae
t00000074962,/Users/emd/0/_data/TIMIT/timit/TIMIT/TRAIN/DR7/MBOM0/SA1.riff,0.3358,0.57,i148558,hv,dcl,MBOM0,M,DR7,ae,0.388029008842199,DR5,/Users/emd/0/_data/TIMIT/timit/TIMIT/TRAIN/DR5/MWSH0/SI2266.riff,0.9243,0.7232,hv,dcl,i126664,M,MWSH0,uh,0.314534645822742,DR5,/Users/emd/0/_data/TIMIT/timit/TIMIT/TRAIN/DR5/MWSH0/SA1.riff,0.5681,0.3472,hv,dcl,i126711,M,MWSH0,ae
t00000089319,/Users/emd/0/_data/TIMIT/timit/TIMIT/TRAIN/DR7/MBML0/SA2.riff,1.6025,1.9347,i152943,r,g,MBML0,M,DR7,ae,0.532689708355099,DR1,/Users/emd/0/_data/TIMIT/timit/TIMIT/TRAIN/DR1/FKFB0/SX438.riff,4.3806,4.0895,r,g,i167505,F,FKFB0,uw,0.471908218447249,DR1,/Users/emd/0/_data/TIMIT/timit/TIMIT/TRAIN/DR1/FKFB0/SA2.riff,2.3363,1.9282,r,g,i167472,F,FKFB0,ae
t00000104098,/Users/emd/0/_data/TIMIT/timit/TIMIT/TEST/DR5/MBPM0/SI1584.riff,2.1713,2.4101,i30835,t,s,MBPM0,M,DR5,ae,0.45677570098677,DR3,/Users/emd/0/_data/TIMIT/timit/TIMIT/TEST/DR3/MLNT0/SI642.riff,1.3028,0.8041,t,s,i16400,M,MLNT0,uw,0.37980232875093,DR3,/Users/emd/0/_data/TIMIT/timit/TIMIT/TEST/DR3/MLNT0/SX102.riff,1.0052,0.5925,t,s,i16357,M,MLNT0,ae
t00000089322,/Users/emd/0/_data/TIMIT/timit/TIMIT/TRAIN/DR7/MBTH0/SA2.riff,1.6325,1.9641,i139749,r,g,MBTH0,M,DR7,ae,0.45227342884869,DR1,/Users/emd/0/_data/TIMIT/timit/TIMIT/TRAIN/DR1/FKFB0/SX438.riff,4.3806,4.0895,r,g,i167505,F,FKFB0,uw,0.409331553055109,DR1,/Users/emd/0/_data/TIMIT/timit/TIMIT/TRAIN/DR1/FKFB0/SA2.riff,2.3363,1.9282,r,g,i167472,F,FKFB0,ae
t00000089334,/Users/emd/0/_data/TIMIT/timit/TIMIT/TRAIN/DR1/MCPM0/SA2.riff,1.4201,1.7519,i176392,r,g,MCPM0,M,DR1,ae,0.479945236700025,DR1,/Users/emd/0/_data/TIMIT/timit/TIMIT/TRAIN/DR1/FKFB0/SX438.riff,4.3806,4.0895,r,g,i167505,F,FKFB0,uw,0.384602294554709,DR1,/Users/emd/0/_data/TIMIT/timit/TIMIT/TRAIN/DR1/FKFB0/SA2.riff,2.3363,1.9282,r,g,i167472,F,FKFB0,ae
t00000089383,/Users/emd/0/_data/TIMIT/timit/TIMIT/TRAIN/DR3/MDWM0/SA2.riff,1.7180000000000002,2.0987,i75220,r,g,MDWM0,M,DR3,ae,0.470768799099208,DR1,/Users/emd/0/_data/TIMIT/timit/TIMIT/TRAIN/DR1/FKFB0/SX438.riff,4.3806,4.0895,r,g,i167505,F,FKFB0,uw,0.39908511135267,DR1,/Users/emd/0/_data/TIMIT/timit/TIMIT/TRAIN/DR1/FKFB0/SA2.riff,2.3363,1.9282,r,g,i167472,F,FKFB0,ae
t00000089519,/Users/emd/0/_data/TIMIT/timit/TIMIT/TRAIN/DR2/MRAB0/SA2.riff,1.4178,1.7415,i106936,r,g,MRAB0,M,DR2,ae,0.531358731024365,DR1,/Users/emd/0/_data/TIMIT/timit/TIMIT/TRAIN/DR1/FKFB0/SX438.riff,4.3806,4.0895,r,g,i167505,F,FKFB0,uw,0.423444194984744,DR1,/Users/emd/0/_data/TIMIT/timit/TIMIT/TRAIN/DR1/FKFB0/SA2.riff,2.3363,1.9282,r,g,i167472,F,FKFB0,ae
t00000099273,/Users/emd/0/_data/TIMIT/timit/TIMIT/TEST/DR4/MKCL0/SI1721.riff,0.145,0.3075,i3438,k,m,MKCL0,M,DR4,ah,0.41836310012074,DR6,/Users/emd/0/_data/TIMIT/timit/TIMIT/TRAIN/DR6/FRJB0/SI1470.riff,0.6806,0.4308,k,m,i164186,F,FRJB0,aa,0.452051179957004,DR6,/Users/emd/0/_data/TIMIT/timit/TIMIT/TRAIN/DR6/FRJB0/SX167.riff,2.2437,2.0174,k,m,i164323,F,FRJB0,ah
t00000097686,/Users/emd/0/_data/TIMIT/timit/TIMIT/TRAIN/DR4/MSTF0/SX136.riff,1.3625,1.6119,i60574,k,m,MSTF0,M,DR4,ah,0.3862909704261,DR6,/Users/emd/0/_data/TIMIT/timit/TIMIT/TEST/DR6/MRJS0/SX94.riff,1.1151,0.8775,k,m,i39801,M,MRJS0,aa,0.396110114278198,DR6,/Users/emd/0/_data/TIMIT/timit/TIMIT/TEST/DR6/MRJS0/SI2074.riff,0.4475,0.2525,k,m,i39868,M,MRJS0,ah
t00000103680,/Users/emd/0/_data/TIMIT/timit/TIMIT/TRAIN/DR7/MTPR0/SX340.riff,1.7981,1.9622,i152361,k,l,MTPR0,M,DR7,ah,0.377986413053746,DR5,/Users/emd/0/_data/TIMIT/timit/TIMIT/TRAIN/DR5/MSEM1/SX180.riff,1.201,0.9325,k,l,i115412,M,MSEM1,aa,0.372271787881923,DR5,/Users/emd/0/_data/TIMIT/timit/TIMIT/TRAIN/DR5/MSEM1/SX90.riff,1.8025,1.6051,k,l,i115399,M,MSEM1,ah
t00000098246,/Users/emd/0/_data/TIMIT/timit/TIMIT/TEST/DR8/MDAW1/SI1453.riff,2.2325,2.4675,i47527,k,m,MDAW1,M,DR8,ah,0.367613528427637,DR8,/Users/emd/0/_data/TIMIT/timit/TIMIT/TEST/DR8/MJTH0/SX36.riff,1.0704,0.8275,k,m,i47946,M,MJTH0,aa,0.467243989788987,DR8,/Users/emd/0/_data/TIMIT/timit/TIMIT/TEST/DR8/MJTH0/SX306.riff,1.4969,1.2725,k,m,i48103,M,MJTH0,ah
t00000096875,/Users/emd/0/_data/TIMIT/timit/TIMIT/TEST/DR8/MJTH0/SX306.riff,1.2725,1.4969,i48103,k,m,MJTH0,M,DR8,ah,0.427857483005307,DR4,/Users/emd/0/_data/TIMIT/timit/TIMIT/TRAIN/DR4/MMDM0/SX51.riff,2.0625,1.8275,k,m,i48847,M,MMDM0,aa,0.420694149324339,DR4,/Users/emd/0/_data/TIMIT/timit/TIMIT/TRAIN/DR4/MMDM0/SX141.riff,2.5125,2.2125,k,m,i48890,M,MMDM0,ah
t00000074657,/Users/emd/0/_data/TIMIT/timit/TIMIT/TRAIN/DR4/MSMC0/SI509.riff,1.8525,1.9475,i68611,b,dx,MSMC0,M,DR4,ah,0.301097441699593,DR1,/Users/emd/0/_data/TIMIT/timit/TIMIT/TRAIN/DR1/MWAR0/SI1675.riff,0.5136,0.2,b,dx,i169695,M,MWAR0,aa,0.34833153096114,DR1,/Users/emd/0/_data/TIMIT/timit/TIMIT/TRAIN/DR1/MWAR0/SI1045.riff,3.4722,3.36,b,dx,i169965,M,MWAR0,ah
t00000001209,/Users/emd/0/_data/TIMIT/timit/TIMIT/TEST/DR8/MSLB0/SX113.riff,0.1514,0.389,i47832,m,s,MSLB0,M,DR8,ah,0.419456314817892,DR3,/Users/emd/0/_data/TIMIT/timit/TIMIT/TRAIN/DR3/FALK0/SX96.riff,0.3968,0.1225,m,s,i74025,F,FALK0,ae,0.441648323100538,DR3,/Users/emd/0/_data/TIMIT/timit/TIMIT/TRAIN/DR3/FALK0/SI1086.riff,1.9325,1.6825,m,s,i74192,F,FALK0,ah
t00000094110,/Users/emd/0/_data/TIMIT/timit/TIMIT/TEST/DR1/MWBT0/SX383.riff,3.1302,3.5475,i43317,r,g,MWBT0,M,DR1,ah,0.433492970748703,DR1,/Users/emd/0/_data/TIMIT/timit/TIMIT/TRAIN/DR1/FKFB0/SA2.riff,2.3363,1.9282,r,g,i167472,F,FKFB0,ae,0.418643675772356,DR1,/Users/emd/0/_data/TIMIT/timit/TIMIT/TRAIN/DR1/FKFB0/SX78.riff,1.48,1.2644,r,g,i167354,F,FKFB0,ah
t00000014382,/Users/emd/0/_data/TIMIT/timit/TIMIT/TEST/DR4/MLLL0/SI1363.riff,1.7775,2.1044,i2724,s,m,MLLL0,M,DR4,ah,0.406332603183422,DR7,/Users/emd/0/_data/TIMIT/timit/TIMIT/TRAIN/DR7/MRMH0/SI2281.riff,0.4336,0.1567,s,m,i138162,M,MRMH0,ae,0.351438899252061,DR7,/Users/emd/0/_data/TIMIT/timit/TIMIT/TRAIN/DR7/MRMH0/SI1349.riff,0.9725,0.7415,s,m,i138195,M,MRMH0,ah
t00000094164,/Users/emd/0/_data/TIMIT/timit/TIMIT/TRAIN/DR3/MRTC0/SI828.riff,0.1906,0.3756,i71188,r,g,MRTC0,M,DR3,ah,0.444184975046962,DR3,/Users/emd/0/_data/TIMIT/timit/TIMIT/TEST/DR3/MCTW0/SA2.riff,1.8281,1.4621,r,g,i10594,M,MCTW0,ae,0.405795154429474,DR3,/Users/emd/0/_data/TIMIT/timit/TIMIT/TEST/DR3/MCTW0/SX383.riff,2.9625,2.5763,r,g,i10551,M,MCTW0,ah
t00000013853,/Users/emd/0/_data/TIMIT/timit/TIMIT/TRAIN/DR8/MEJS0/SI1240.riff,1.4856,1.7232,i178446,m,n,MEJS0,M,DR8,ah,0.459538740713849,DR6,/Users/emd/0/_data/TIMIT/timit/TIMIT/TEST/DR6/FLNH0/SI941.riff,2.7575,2.4425,m,n,i40147,F,FLNH0,ae,0.432962304277006,DR6,/Users/emd/0/_data/TIMIT/timit/TIMIT/TEST/DR6/FLNH0/SX134.riff,2.0757,1.8825,m,n,i40058,F,FLNH0,ah
t00000087088,/Users/emd/0/_data/TIMIT/timit/TIMIT/TRAIN/DR3/MRTC0/SI828.riff,0.1906,0.3756,i71188,r,g,MRTC0,M,DR3,ah,0.417194030815638,DR8,/Users/emd/0/_data/TIMIT/timit/TIMIT/TRAIN/DR8/FCEG0/SA2.riff,1.7803,1.5012,r,g,i178923,F,FCEG0,ae,0.435541103472726,DR8,/Users/emd/0/_data/TIMIT/timit/TIMIT/TRAIN/DR8/FCEG0/SX78.riff,1.1904,1.0213,r,g,i178846,F,FCEG0,ah
t00000050383,/Users/emd/0/_data/TIMIT/timit/TIMIT/TEST/DR3/MJMP0/SI1791.riff,2.1827,2.44,i9706,w,n,MJMP0,M,DR3,ah,0.450086482115368,DR5,/Users/emd/0/_data/TIMIT/timit/TIMIT/TRAIN/DR5/MEWM0/SX178.riff,2.4623,2.2454,w,n,i124179,M,MEWM0,iy,0.407881927618353,DR5,/Users/emd/0/_data/TIMIT/timit/TIMIT/TRAIN/DR5/MEWM0/SX88.riff,2.4554,2.3479,w,n,i124294,M,MEWM0,ah
t00000022515,/Users/emd/0/_data/TIMIT/timit/TIMIT/TRAIN/DR3/MMJB1/SX58.riff,1.6494,1.8302,i81342,r,s,MMJB1,M,DR3,ah,0.418446144880727,DR2,/Users/emd/0/_data/TIMIT/timit/TIMIT/TRAIN/DR2/MRJT0/SI868.riff,3.48,3.2585,r,s,i94741,M,MRJT0,iy,0.405722834399492,DR2,/Users/emd/0/_data/TIMIT/timit/TIMIT/TRAIN/DR2/MRJT0/SX58.riff,1.9921,1.8016,r,s,i94835,M,MRJT0,ah
t00000015274,/Users/emd/0/_data/TIMIT/timit/TIMIT/TRAIN/DR6/MBMA1/SI2214.riff,1.6473,1.8144,i163871,r,k,MBMA1,M,DR6,ah,0.449969627487626,DR1,/Users/emd/0/_data/TIMIT/timit/TIMIT/TRAIN/DR1/MRSO0/SX219.riff,2.7268,2.5381,r,k,i176567,M,MRSO0,iy,0.396932242870712,DR1,/Users/emd/0/_data/TIMIT/timit/TIMIT/TRAIN/DR1/MRSO0/SX129.riff,0.8056,0.483,r,k,i176764,M,MRSO0,ah
t00000096470,/Users/emd/0/_data/TIMIT/timit/TIMIT/TEST/DR3/MTAA0/SX295.riff,0.5275,0.7681,i12713,k,m,MTAA0,M,DR3,ah,0.436402125033011,DR7,/Users/emd/0/_data/TIMIT/timit/TIMIT/TRAIN/DR7/MPAR0/SI2206.riff,0.8024,0.5992,k,m,i148935,M,MPAR0,iy,0.385872646834807,DR7,/Users/emd/0/_data/TIMIT/timit/TIMIT/TRAIN/DR7/MPAR0/SX136.riff,1.3776,1.1914,k,m,i148695,M,MPAR0,ah
t00000074468,/Users/emd/0/_data/TIMIT/timit/TIMIT/TEST/DR5/FHEW0/SI763.riff,2.3222,2.5778,i31577,b,dx,FHEW0,F,DR5,ah,0.432986248197906,DR8,/Users/emd/0/_data/TIMIT/timit/TIMIT/TRAIN/DR8/MKRG0/SX31.riff,1.4222,1.2306,b,dx,i182822,M,MKRG0,iy,0.476871776299201,DR8,/Users/emd/0/_data/TIMIT/timit/TIMIT/TRAIN/DR8/MKRG0/SX411.riff,0.2361,0.1331,b,dx,i182966,M,MKRG0,ah
t00000050535,/Users/emd/0/_data/TIMIT/timit/TIMIT/TRAIN/DR4/MRAB1/SX398.riff,2.4471,2.6381,i62392,w,n,MRAB1,M,DR4,ah,0.338258920676865,DR2,/Users/emd/0/_data/TIMIT/timit/TIMIT/TRAIN/DR2/MRJM1/SI1298.riff,0.4595,0.2976,w,n,i111894,M,MRJM1,iy,0.301566258506171,DR2,/Users/emd/0/_data/TIMIT/timit/TIMIT/TRAIN/DR2/MRJM1/SX398.riff,2.9925,2.7911,w,n,i112025,M,MRJM1,ah
t00000074711,/Users/emd/0/_data/TIMIT/timit/TIMIT/TRAIN/DR7/MTWH1/SX252.riff,0.5706,0.7675,i139020,b,dx,MTWH1,M,DR7,ah,0.377773476878666,DR7,/Users/emd/0/_data/TIMIT/timit/TIMIT/TRAIN/DR7/MJFR0/SI1605.riff,0.484,0.3,b,dx,i137042,M,MJFR0,uh,0.386070224455558,DR7,/Users/emd/0/_data/TIMIT/timit/TIMIT/TRAIN/DR7/MJFR0/SI975.riff,0.2518,0.1475,b,dx,i137100,M,MJFR0,ah
t00000103066,/Users/emd/0/_data/TIMIT/timit/TIMIT/TEST/DR5/MDWA0/SI1146.riff,0.7154,0.9994,i30154,w,z,MDWA0,M,DR5,ah,0.345522273971019,DR3,/Users/emd/0/_data/TIMIT/timit/TIMIT/TRAIN/DR3/MPRD0/SX171.riff,3.3544,3.1758,w,z,i69428,M,MPRD0,uh,0.333799455691901,DR3,/Users/emd/0/_data/TIMIT/timit/TIMIT/TRAIN/DR3/MPRD0/SX171.riff,1.2369,1.06,w,z,i69412,M,MPRD0,ah
t00000101207,/Users/emd/0/_data/TIMIT/timit/TIMIT/TRAIN/DR7/MTKD0/SI630.riff,0.222,0.3678,i155770,w,dx,MTKD0,M,DR7,ah,0.41650095377892,DR4,/Users/emd/0/_data/TIMIT/timit/TIMIT/TRAIN/DR4/FKLC0/SX265.riff,2.42,2.1514,w,dx,i67789,F,FKLC0,uh,0.395499072205369,DR4,/Users/emd/0/_data/TIMIT/timit/TIMIT/TRAIN/DR4/FKLC0/SX445.riff,0.2425,0.135,w,dx,i67504,F,FKLC0,ah
t00000103083,/Users/emd/0/_data/TIMIT/timit/TIMIT/TRAIN/DR7/MRMH0/SI1021.riff,2.6951,2.8912,i138311,w,z,MRMH0,M,DR7,ah,0.271148081423505,DR3,/Users/emd/0/_data/TIMIT/timit/TIMIT/TRAIN/DR3/MPRD0/SX171.riff,3.3544,3.1758,w,z,i69428,M,MPRD0,uh,0.30419971429989,DR3,/Users/emd/0/_data/TIMIT/timit/TIMIT/TRAIN/DR3/MPRD0/SX171.riff,1.2369,1.06,w,z,i69412,M,MPRD0,ah
t00000074700,/Users/emd/0/_data/TIMIT/timit/TIMIT/TRAIN/DR7/MNTW0/SI1698.riff,0.992,1.1381,i146676,b,dx,MNTW0,M,DR7,ah,0.347411746860061,DR7,/Users/emd/0/_data/TIMIT/timit/TIMIT/TRAIN/DR7/MJFR0/SI1605.riff,0.484,0.3,b,dx,i137042,M,MJFR0,uh,0.350585846776546,DR7,/Users/emd/0/_data/TIMIT/timit/TIMIT/TRAIN/DR7/MJFR0/SI975.riff,0.2518,0.1475,b,dx,i137100,M,MJFR0,ah
t00000100597,/Users/emd/0/_data/TIMIT/timit/TIMIT/TRAIN/DR3/FDFB0/SI1318.riff,0.2089,0.3238,i80598,w,dx,FDFB0,F,DR3,ah,0.334376214993064,DR4,/Users/emd/0/_data/TIMIT/timit/TIMIT/TRAIN/DR4/MJMM0/SX265.riff,1.8875,1.715,w,dx,i63145,M,MJMM0,uh,0.38514611855056,DR4,/Users/emd/0/_data/TIMIT/timit/TIMIT/TRAIN/DR4/MJMM0/SX445.riff,0.2428,0.1358,w,dx,i62921,M,MJMM0,ah
t00000014662,/Users/emd/0/_data/TIMIT/timit/TIMIT/TRAIN/DR3/MMJB1/SI1408.riff,1.6269,1.8919,i81409,s,m,MMJB1,M,DR3,ah,0.345770310288196,DR1,/Users/emd/0/_data/TIMIT/timit/TIMIT/TRAIN/DR1/MRSO0/SX399.riff,0.76,0.3498,s,m,i176649,M,MRSO0,uw,0.35830378883673,DR1,/Users/emd/0/_data/TIMIT/timit/TIMIT/TRAIN/DR1/MRSO0/SI1659.riff,0.4621,0.1356,s,m,i176519,M,MRSO0,ah
t00000014280,/Users/emd/0/_data/TIMIT/timit/TIMIT/TEST/DR5/MDRB0/SI2109.riff,1.9375,2.1575,i24596,s,m,MDRB0,M,DR5,ah,0.418049052972143,DR4,/Users/emd/0/_data/TIMIT/timit/TIMIT/TEST/DR4/MKCL0/SI1091.riff,2.0313,1.81,s,m,i3396,M,MKCL0,uw,0.27738989418261,DR4,/Users/emd/0/_data/TIMIT/timit/TIMIT/TEST/DR4/MKCL0/SI461.riff,1.2297,0.9762,s,m,i3252,M,MKCL0,ah
t00000008436,/Users/emd/0/_data/TIMIT/timit/TIMIT/TRAIN/DR2/MDLB0/SX136.riff,1.9765,2.1774,i106184,r,m,MDLB0,M,DR2,ah,0.436653939842747,DR5,/Users/emd/0/_data/TIMIT/timit/TIMIT/TEST/DR5/MRPP0/SI554.riff,4.1025,3.7222,r,m,i31939,M,MRPP0,uw,0.426205722153197,DR5,/Users/emd/0/_data/TIMIT/timit/TIMIT/TEST/DR5/MRPP0/SX104.riff,1.3825,1.2402,r,m,i32054,M,MRPP0,ah
t00000094079,/Users/emd/0/_data/TIMIT/timit/TIMIT/TRAIN/DR8/MMWS0/SX78.riff,1.0856,1.3054,i179357,r,g,MMWS0,M,DR8,ah,0.460375827654671,DR1,/Users/emd/0/_data/TIMIT/timit/TIMIT/TRAIN/DR1/MRCG0/SX438.riff,3.5421,3.3456,r,g,i173560,M,MRCG0,uw,0.493559569596272,DR1,/Users/emd/0/_data/TIMIT/timit/TIMIT/TRAIN/DR1/MRCG0/SX78.riff,1.5613,1.3181,r,g,i173398,M,MRCG0,ah
t00000014306,/Users/emd/0/_data/TIMIT/timit/TIMIT/TEST/DR2/MMDB1/SI2255.riff,2.156,2.3912,i21431,s,m,MMDB1,M,DR2,ah,0.367447243185631,DR4,/Users/emd/0/_data/TIMIT/timit/TIMIT/TEST/DR4/MKCL0/SI1091.riff,2.0313,1.81,s,m,i3396,M,MKCL0,uw,0.239207316385701,DR4,/Users/emd/0/_data/TIMIT/timit/TIMIT/TEST/DR4/MKCL0/SI461.riff,1.2297,0.9762,s,m,i3252,M,MKCL0,ah
t00000008447,/Users/emd/0/_data/TIMIT/timit/TIMIT/TRAIN/DR6/MSJK0/SX66.riff,0.9229,1.1294,i158595,r,m,MSJK0,M,DR6,ah,0.320056314627056,DR5,/Users/emd/0/_data/TIMIT/timit/TIMIT/TEST/DR5/MRPP0/SI554.riff,4.1025,3.7222,r,m,i31939,M,MRPP0,uw,0.311899631384532,DR5,/Users/emd/0/_data/TIMIT/timit/TIMIT/TEST/DR5/MRPP0/SX104.riff,1.3825,1.2402,r,m,i32054,M,MRPP0,ah
t00000061434,/Users/emd/0/_data/TIMIT/timit/TIMIT/TRAIN/DR8/MMEA0/SA2.riff,1.2089,1.3942,i179820,l,r,MMEA0,M,DR8,iy,0.475828587951239,DR2,/Users/emd/0/_data/TIMIT/timit/TIMIT/TEST/DR2/FCMR0/SX205.riff,2.0966,1.8198,l,r,i20646,F,FCMR0,aa,0.370533782914026,DR2,/Users/emd/0/_data/TIMIT/timit/TIMIT/TEST/DR2/FCMR0/SA2.riff,2.2898,2.0183,l,r,i20691,F,FCMR0,iy
t00000028598,/Users/emd/0/_data/TIMIT/timit/TIMIT/TEST/DR7/MPAB0/SA1.riff,2.2846,2.5404,i35919,r,s,MPAB0,M,DR7,iy,0.416568096591872,DR4,/Users/emd/0/_data/TIMIT/timit/TIMIT/TRAIN/DR4/FEEH0/SX302.riff,1.6225,1.3875,r,s,i50225,F,FEEH0,aa,0.38756188851796203,DR4,/Users/emd/0/_data/TIMIT/timit/TIMIT/TRAIN/DR4/FEEH0/SA1.riff,1.9225,1.6975,r,s,i50195,F,FEEH0,iy
t00000028948,/Users/emd/0/_data/TIMIT/timit/TIMIT/TRAIN/DR3/FLJD0/SA1.riff,1.4025,1.6256,i89662,r,s,FLJD0,F,DR3,iy,0.404590622089983,DR6,/Users/emd/0/_data/TIMIT/timit/TIMIT/TRAIN/DR6/MSVS0/SX308.riff,2.8583,2.5531,r,s,i158720,M,MSVS0,aa,0.358087022493332,DR6,/Users/emd/0/_data/TIMIT/timit/TIMIT/TRAIN/DR6/MSVS0/SI938.riff,4.2974,4.0475,r,s,i159016,M,MSVS0,iy
t00000041801,/Users/emd/0/_data/TIMIT/timit/TIMIT/TRAIN/DR3/MJRH1/SA1.riff,1.7076,1.9725,i76563,r,s,MJRH1,M,DR3,iy,0.424831499151448,DR2,/Users/emd/0/_data/TIMIT/timit/TIMIT/TRAIN/DR2/FJKL0/SX392.riff,1.6846,1.4619,r,s,i90980,F,FJKL0,aa,0.423227023930064,DR2,/Users/emd/0/_data/TIMIT/timit/TIMIT/TRAIN/DR2/FJKL0/SI932.riff,3.6681,3.4244,r,s,i90932,F,FJKL0,iy
t00000057265,/Users/emd/0/_data/TIMIT/timit/TIMIT/TEST/DR4/MLLL0/SA2.riff,1.9425,2.2075,i2789,l,r,MLLL0,M,DR4,iy,0.38324548437795,DR7,/Users/emd/0/_data/TIMIT/timit/TIMIT/TEST/DR7/FSXA0/SX118.riff,2.2075,1.9216,l,r,i37456,F,FSXA0,aa,0.339749975189722,DR7,/Users/emd/0/_data/TIMIT/timit/TIMIT/TEST/DR7/FSXA0/SA2.riff,1.8275,1.6175,l,r,i37528,F,FSXA0,iy
t00000054226,/Users/emd/0/_data/TIMIT/timit/TIMIT/TRAIN/DR2/MTDB0/SA2.riff,1.3551,1.5874,i107539,l,r,MTDB0,M,DR2,iy,0.364374233039264,DR2,/Users/emd/0/_data/TIMIT/timit/TIMIT/TEST/DR2/MTAS1/SX118.riff,2.2825,2.0444,l,r,i18798,M,MTAS1,aa,0.28810242067897,DR2,/Users/emd/0/_data/TIMIT/timit/TIMIT/TEST/DR2/MTAS1/SA2.riff,2.1932,1.9451,l,r,i18861,M,MTAS1,iy
t00000048033,/Users/emd/0/_data/TIMIT/timit/TIMIT/TRAIN/DR2/MRJT0/SX148.riff,0.5381,0.7262,i94923,r,s,MRJT0,M,DR2,iy,0.420829392273522,DR2,/Users/emd/0/_data/TIMIT/timit/TIMIT/TRAIN/DR2/MPPC0/SI1412.riff,4.525,4.2287,r,s,i111772,M,MPPC0,ae,0.315172647480072,DR2,/Users/emd/0/_data/TIMIT/timit/TIMIT/TRAIN/DR2/MPPC0/SX422.riff,1.1181,0.895,r,s,i111704,M,MPPC0,iy
t00000006333,/Users/emd/0/_data/TIMIT/timit/TIMIT/TEST/DR3/MJBR0/SA2.riff,0.5577,0.7465,i10815,m,dx,MJBR0,M,DR3,iy,0.440883360853604,DR2,/Users/emd/0/_data/TIMIT/timit/TIMIT/TRAIN/DR2/MRJM1/SI1298.riff,3.3775,3.1703,m,dx,i111936,M,MRJM1,ae,0.334355213762777,DR2,/Users/emd/0/_data/TIMIT/timit/TIMIT/TRAIN/DR2/MRJM1/SI1928.riff,0.812,0.624,m,dx,i112160,M,MRJM1,iy
t00000005507,/Users/emd/0/_data/TIMIT/timit/TIMIT/TRAIN/DR6/MJRK0/SA2.riff,0.725,0.8425,i159517,m,dx,MJRK0,M,DR6,iy,0.427764067373799,DR7,/Users/emd/0/_data/TIMIT/timit/TIMIT/TRAIN/DR7/MKAG0/SI979.riff,4.2294,4.0179,m,dx,i136216,M,MKAG0,ae,0.320581567805979,DR7,/Users/emd/0/_data/TIMIT/timit/TIMIT/TRAIN/DR7/MKAG0/SA2.riff,0.6472,0.5375,m,dx,i136268,M,MKAG0,iy
t00000006108,/Users/emd/0/_data/TIMIT/timit/TIMIT/TEST/DR4/FMCM0/SA2.riff,0.5075,0.6025,i4227,m,dx,FMCM0,F,DR4,iy,0.445211725580703,DR2,/Users/emd/0/_data/TIMIT/timit/TIMIT/TRAIN/DR2/MRJM1/SI1298.riff,3.3775,3.1703,m,dx,i111936,M,MRJM1,ae,0.381840137502745,DR2,/Users/emd/0/_data/TIMIT/timit/TIMIT/TRAIN/DR2/MRJM1/SI1928.riff,0.812,0.624,m,dx,i112160,M,MRJM1,iy
t00000021644,/Users/emd/0/_data/TIMIT/timit/TIMIT/TRAIN/DR5/MJDM0/SA1.riff,1.6902,1.9806,i132522,r,s,MJDM0,M,DR5,iy,0.446181610306769,DR2,/Users/emd/0/_data/TIMIT/timit/TIMIT/TRAIN/DR2/MRLR0/SI566.riff,0.7541,0.5125,r,s,i95405,M,MRLR0,ae,0.308364867754589,DR2,/Users/emd/0/_data/TIMIT/timit/TIMIT/TRAIN/DR2/MRLR0/SA1.riff,1.7493,1.5222,r,s,i95560,M,MRLR0,iy
t00000049742,/Users/emd/0/_data/TIMIT/timit/TIMIT/TRAIN/DR1/MMRP0/SA1.riff,2.0117,2.2523,i172534,r,s,MMRP0,M,DR1,iy,0.419206980116186,DR7,/Users/emd/0/_data/TIMIT/timit/TIMIT/TRAIN/DR7/MRPC1/SI2112.riff,1.49,1.2624,r,s,i136847,M,MRPC1,ae,0.217821088632651,DR7,/Users/emd/0/_data/TIMIT/timit/TIMIT/TRAIN/DR7/MRPC1/SA1.riff,1.5362,1.3233,r,s,i136819,M,MRPC1,iy
t00000035729,/Users/emd/0/_data/TIMIT/timit/TIMIT/TRAIN/DR2/FCYL0/SA1.riff,1.5138,1.7473,i102785,r,s,FCYL0,F,DR2,iy,0.410644036156224,DR7,/Users/emd/0/_data/TIMIT/timit/TIMIT/TRAIN/DR7/MKDB0/SI872.riff,2.1975,1.8981,r,s,i141065,M,MKDB0,ah,0.402507413807369,DR7,/Users/emd/0/_data/TIMIT/timit/TIMIT/TRAIN/DR7/MKDB0/SA1.riff,1.8762,1.6375,r,s,i141032,M,MKDB0,iy
t00000048324,/Users/emd/0/_data/TIMIT/timit/TIMIT/TRAIN/DR2/FLMA0/SA1.riff,1.3002,1.5366,i96937,r,s,FLMA0,F,DR2,iy,0.382448332398328,DR7,/Users/emd/0/_data/TIMIT/timit/TIMIT/TRAIN/DR7/FMAH1/SX249.riff,1.9325,1.6945,r,s,i147230,F,FMAH1,ah,0.238182361608954,DR7,/Users/emd/0/_data/TIMIT/timit/TIMIT/TRAIN/DR7/FMAH1/SA1.riff,1.8975,1.6862,r,s,i147153,F,FMAH1,iy
t00000039293,/Users/emd/0/_data/TIMIT/timit/TIMIT/TRAIN/DR7/MTML0/SA1.riff,1.4632,1.7112,i146073,r,s,MTML0,M,DR7,iy,0.436519817212493,DR2,/Users/emd/0/_data/TIMIT/timit/TIMIT/TRAIN/DR2/MRJT0/SX58.riff,1.9921,1.8016,r,s,i94835,M,MRJT0,ah,0.268620250078141,DR2,/Users/emd/0/_data/TIMIT/timit/TIMIT/TRAIN/DR2/MRJT0/SX58.riff,3.9294,3.4047,r,s,i94856,M,MRJT0,iy
t00000044330,/Users/emd/0/_data/TIMIT/timit/TIMIT/TRAIN/DR7/FBLV0/SA1.riff,1.5817,1.8106,i136029,r,s,FBLV0,F,DR7,iy,0.371562593668003,DR4,/Users/emd/0/_data/TIMIT/timit/TIMIT/TRAIN/DR4/FSSB0/SI1082.riff,1.7125,1.4356,r,s,i57799,F,FSSB0,ah,0.213793869138864,DR4,/Users/emd/0/_data/TIMIT/timit/TIMIT/TRAIN/DR4/FSSB0/SA1.riff,1.9765,1.6831,r,s,i57753,F,FSSB0,iy
t00000104574,/Users/emd/0/_data/TIMIT/timit/TIMIT/TEST/DR6/MCMJ0/SA1.riff,1.8875,2.154,i41094,s,w,MCMJ0,M,DR6,iy,0.319009711990046,DR7,/Users/emd/0/_data/TIMIT/timit/TIMIT/TRAIN/DR7/MAEO0/SX246.riff,1.2584,0.9373,s,w,i148127,M,MAEO0,ah,0.282569313240352,DR7,/Users/emd/0/_data/TIMIT/timit/TIMIT/TRAIN/DR7/MAEO0/SA1.riff,1.8041,1.524,s,w,i148334,M,MAEO0,iy
t00000024724,/Users/emd/0/_data/TIMIT/timit/TIMIT/TRAIN/DR2/MDLC2/SA1.riff,1.3663,1.5587,i109264,r,s,MDLC2,M,DR2,iy,0.430252743385575,DR2,/Users/emd/0/_data/TIMIT/timit/TIMIT/TRAIN/DR2/MRJM0/SX58.riff,2.1525,1.9662,r,s,i111064,M,MRJM0,ah,0.362877014130359,DR2,/Users/emd/0/_data/TIMIT/timit/TIMIT/TRAIN/DR2/MRJM0/SX148.riff,0.7975,0.5675,r,s,i111146,M,MRJM0,iy
t00000015136,/Users/emd/0/_data/TIMIT/timit/TIMIT/TRAIN/DR5/MWSH0/SX346.riff,0.8511,1.1575,i126538,r,k,MWSH0,M,DR5,iy,0.396671051121135,DR7,/Users/emd/0/_data/TIMIT/timit/TIMIT/TRAIN/DR7/MDLM0/SX424.riff,1.6762,1.5613,r,k,i137357,M,MDLM0,uh,0.379301610341389,DR7,/Users/emd/0/_data/TIMIT/timit/TIMIT/TRAIN/DR7/MDLM0/SX244.riff,1.3369,1.1619,r,k,i137229,M,MDLM0,iy
t00000025789,/Users/emd/0/_data/TIMIT/timit/TIMIT/TRAIN/DR3/MREE0/SA1.riff,1.6225,1.8475,i87601,r,s,MREE0,M,DR3,iy,0.419195819114151,DR8,/Users/emd/0/_data/TIMIT/timit/TIMIT/TEST/DR8/MJTC0/SI1460.riff,4.3581,4.1381,r,s,i45616,M,MJTC0,uh,0.25238492296563,DR8,/Users/emd/0/_data/TIMIT/timit/TIMIT/TEST/DR8/MJTC0/SA1.riff,2.0356,1.7556,r,s,i45790,M,MJTC0,iy
t00000104906,/Users/emd/0/_data/TIMIT/timit/TIMIT/TRAIN/DR2/FMMH0/SA1.riff,1.7306,1.9712,i93048,s,w,FMMH0,F,DR2,iy,0.407604307701076,DR2,/Users/emd/0/_data/TIMIT/timit/TIMIT/TRAIN/DR2/MKAJ0/SI2044.riff,0.7975,0.5525,s,w,i101785,M,MKAJ0,uh,0.337987659732432,DR2,/Users/emd/0/_data/TIMIT/timit/TIMIT/TRAIN/DR2/MKAJ0/SA1.riff,1.8377,1.5181,s,w,i101967,M,MKAJ0,iy
t00000025515,/Users/emd/0/_data/TIMIT/timit/TIMIT/TRAIN/DR7/FVKB0/SA1.riff,1.9242,2.1975,i143954,r,s,FVKB0,F,DR7,iy,0.401356811044987,DR8,/Users/emd/0/_data/TIMIT/timit/TIMIT/TEST/DR8/MJTC0/SI1460.riff,4.3581,4.1381,r,s,i45616,M,MJTC0,uh,0.348480465145521,DR8,/Users/emd/0/_data/TIMIT/timit/TIMIT/TEST/DR8/MJTC0/SA1.riff,2.0356,1.7556,r,s,i45790,M,MJTC0,iy
t00000104821,/Users/emd/0/_data/TIMIT/timit/TIMIT/TRAIN/DR4/FBAS0/SA1.riff,1.9225,2.1958,i63762,s,w,FBAS0,F,DR4,iy,0.397364123350846,DR2,/Users/emd/0/_data/TIMIT/timit/TIMIT/TRAIN/DR2/MKAJ0/SI2044.riff,0.7975,0.5525,s,w,i101785,M,MKAJ0,uh,0.296039710382409,DR2,/Users/emd/0/_data/TIMIT/timit/TIMIT/TRAIN/DR2/MKAJ0/SA1.riff,1.8377,1.5181,s,w,i101967,M,MKAJ0,iy
t00000015037,/Users/emd/0/_data/TIMIT/timit/TIMIT/TRAIN/DR3/MJRH1/SX244.riff,1.7125,1.9008,i76307,r,k,MJRH1,M,DR3,iy,0.376820826566314,DR4,/Users/emd/0/_data/TIMIT/timit/TIMIT/TRAIN/DR4/MLJH0/SX424.riff,2.4781,2.3003,r,k,i60899,M,MLJH0,uh,0.331504367200407,DR4,/Users/emd/0/_data/TIMIT/timit/TIMIT/TRAIN/DR4/MLJH0/SX244.riff,2.4413,2.2538,r,k,i60817,M,MLJH0,iy
t00000020237,/Users/emd/0/_data/TIMIT/timit/TIMIT/TEST/DR4/FLBW0/SX229.riff,0.4325,0.6425,i6919,l,k,FLBW0,F,DR4,uh,0.460577217926461,DR3,/Users/emd/0/_data/TIMIT/timit/TIMIT/TRAIN/DR3/MPRD0/SI1431.riff,3.6255,3.2437,l,k,i69515,M,MPRD0,aa,0.495084700814407,DR3,/Users/emd/0/_data/TIMIT/timit/TIMIT/TRAIN/DR3/MPRD0/SX441.riff,0.6344,0.4525,l,k,i69264,M,MPRD0,uh
t00000100654,/Users/emd/0/_data/TIMIT/timit/TIMIT/TRAIN/DR7/MGAW0/SX265.riff,1.7825,2.0026,i140753,w,dx,MGAW0,M,DR7,uh,0.367238203962588,DR2,/Users/emd/0/_data/TIMIT/timit/TIMIT/TRAIN/DR2/MWSB0/SA1.riff,2.354,2.2,w,dx,i106652,M,MWSB0,aa,0.309312930272213,DR2,/Users/emd/0/_data/TIMIT/timit/TIMIT/TRAIN/DR2/MWSB0/SX186.riff,0.2144,0.1102,w,dx,i106445,M,MWSB0,uh
t00000100155,/Users/emd/0/_data/TIMIT/timit/TIMIT/TRAIN/DR6/MCAE0/SA1.riff,2.6746,2.8782,i160355,w,dx,MCAE0,M,DR6,uh,0.372019706094203,DR8,/Users/emd/0/_data/TIMIT/timit/TIMIT/TRAIN/DR8/MRDM0/SX155.riff,0.3879,0.2054,w,dx,i183190,M,MRDM0,aa,0.343133589390154,DR8,/Users/emd/0/_data/TIMIT/timit/TIMIT/TRAIN/DR8/MRDM0/SI1595.riff,1.8811,1.7076,w,dx,i183239,M,MRDM0,uh
t00000100662,/Users/emd/0/_data/TIMIT/timit/TIMIT/TRAIN/DR5/MRKM0/SA1.riff,2.8728,3.0346,i115933,w,dx,MRKM0,M,DR5,uh,0.344424987980407,DR2,/Users/emd/0/_data/TIMIT/timit/TIMIT/TRAIN/DR2/MWSB0/SA1.riff,2.354,2.2,w,dx,i106652,M,MWSB0,aa,0.320359089309001,DR2,/Users/emd/0/_data/TIMIT/timit/TIMIT/TRAIN/DR2/MWSB0/SX186.riff,0.2144,0.1102,w,dx,i106445,M,MWSB0,uh
t00000100658,/Users/emd/0/_data/TIMIT/timit/TIMIT/TRAIN/DR4/MNET0/SX186.riff,0.14,0.2725,i66928,w,dx,MNET0,M,DR4,uh,0.396059135856163,DR2,/Users/emd/0/_data/TIMIT/timit/TIMIT/TRAIN/DR2/MWSB0/SA1.riff,2.354,2.2,w,dx,i106652,M,MWSB0,aa,0.282594545130776,DR2,/Users/emd/0/_data/TIMIT/timit/TIMIT/TRAIN/DR2/MWSB0/SX186.riff,0.2144,0.1102,w,dx,i106445,M,MWSB0,uh
t00000105251,/Users/emd/0/_data/TIMIT/timit/TIMIT/TRAIN/DR5/MDWH0/SI665.riff,1.5222,1.8094,i129752,w,l,MDWH0,M,DR5,uh,0.445986402198558,DR4,/Users/emd/0/_data/TIMIT/timit/TIMIT/TEST/DR4/MJRF0/SI2081.riff,0.6319,0.4557,w,l,i2111,M,MJRF0,aa,0.300807185500649,DR4,/Users/emd/0/_data/TIMIT/timit/TIMIT/TEST/DR4/MJRF0/SX11.riff,0.5525,0.3658,w,l,i2313,M,MJRF0,uh
t00000103774,/Users/emd/0/_data/TIMIT/timit/TIMIT/TEST/DR4/FJMG0/SI1181.riff,1.6281,1.9556,i3715,b,k,FJMG0,F,DR4,uh,0.355470070318379,DR6,/Users/emd/0/_data/TIMIT/timit/TIMIT/TRAIN/DR6/MTXS0/SI1690.riff,0.973,0.6725,b,k,i164174,M,MTXS0,ae,0.504275790726499,DR6,/Users/emd/0/_data/TIMIT/timit/TIMIT/TRAIN/DR6/MTXS0/SX160.riff,2.51,2.1192,b,k,i164125,M,MTXS0,uh
t00000103866,/Users/emd/0/_data/TIMIT/timit/TIMIT/TRAIN/DR4/MGAG0/SI645.riff,1.0496,1.275,i60455,b,k,MGAG0,M,DR4,uh,0.445962714992701,DR1,/Users/emd/0/_data/TIMIT/timit/TIMIT/TEST/DR1/MWBT0/SX113.riff,3.1825,2.6025,b,k,i43461,M,MWBT0,ae,0.39156514318119,DR1,/Users/emd/0/_data/TIMIT/timit/TIMIT/TEST/DR1/MWBT0/SX293.riff,1.8726,1.605,b,k,i43219,M,MWBT0,uh
t00000103860,/Users/emd/0/_data/TIMIT/timit/TIMIT/TRAIN/DR7/MCTH0/SX309.riff,2.5586,2.885,i144675,b,k,MCTH0,M,DR7,uh,0.415672499806329,DR1,/Users/emd/0/_data/TIMIT/timit/TIMIT/TEST/DR1/MWBT0/SX113.riff,3.1825,2.6025,b,k,i43461,M,MWBT0,ae,0.358780608272379,DR1,/Users/emd/0/_data/TIMIT/timit/TIMIT/TEST/DR1/MWBT0/SX293.riff,1.8726,1.605,b,k,i43219,M,MWBT0,uh
t00000103871,/Users/emd/0/_data/TIMIT/timit/TIMIT/TRAIN/DR6/MTXS0/SX160.riff,2.1192,2.51,i164125,b,k,MTXS0,M,DR6,uh,0.424242417590405,DR1,/Users/emd/0/_data/TIMIT/timit/TIMIT/TEST/DR1/MWBT0/SX113.riff,3.1825,2.6025,b,k,i43461,M,MWBT0,ae,0.324440023088642,DR1,/Users/emd/0/_data/TIMIT/timit/TIMIT/TEST/DR1/MWBT0/SI2183.riff,0.375,0.1342,b,k,i43195,M,MWBT0,uh
t00000103854,/Users/emd/0/_data/TIMIT/timit/TIMIT/TEST/DR4/FJMG0/SI1181.riff,1.6281,1.9556,i3715,b,k,FJMG0,F,DR4,uh,0.37160660916512,DR1,/Users/emd/0/_data/TIMIT/timit/TIMIT/TEST/DR1/MWBT0/SX113.riff,3.1825,2.6025,b,k,i43461,M,MWBT0,ae,0.512547520648949,DR1,/Users/emd/0/_data/TIMIT/timit/TIMIT/TEST/DR1/MWBT0/SI2183.riff,0.375,0.1342,b,k,i43195,M,MWBT0,uh
t00000075965,/Users/emd/0/_data/TIMIT/timit/TIMIT/TRAIN/DR5/MTDP0/SI1521.riff,0.2376,0.4919,i125529,l,kcl,MTDP0,M,DR5,uh,0.464478069186853,DR3,/Users/emd/0/_data/TIMIT/timit/TIMIT/TEST/DR3/FPKT0/SX368.riff,1.5188,1.2369,l,kcl,i15721,F,FPKT0,ae,0.373328079591977,DR3,/Users/emd/0/_data/TIMIT/timit/TIMIT/TEST/DR3/FPKT0/SI2168.riff,1.5913,1.3325,l,kcl,i15576,F,FPKT0,uh
t00000101594,/Users/emd/0/_data/TIMIT/timit/TIMIT/TRAIN/DR4/FKLC0/SX265.riff,2.1514,2.42,i67789,w,dx,FKLC0,F,DR4,uh,0.397920211250748,DR7,/Users/emd/0/_data/TIMIT/timit/TIMIT/TRAIN/DR7/MGAW0/SX445.riff,0.2298,0.1305,w,dx,i140453,M,MGAW0,ah,0.28331882215161,DR7,/Users/emd/0/_data/TIMIT/timit/TIMIT/TRAIN/DR7/MGAW0/SX265.riff,2.0026,1.7825,w,dx,i140753,M,MGAW0,uh
t00000101603,/Users/emd/0/_data/TIMIT/timit/TIMIT/TEST/DR5/MCTT0/SI1144.riff,0.2558,0.389,i25208,w,dx,MCTT0,M,DR5,uh,0.30769974040323,DR7,/Users/emd/0/_data/TIMIT/timit/TIMIT/TRAIN/DR7/MGAW0/SX445.riff,0.2298,0.1305,w,dx,i140453,M,MGAW0,ah,0.361034292432697,DR7,/Users/emd/0/_data/TIMIT/timit/TIMIT/TRAIN/DR7/MGAW0/SX265.riff,2.0026,1.7825,w,dx,i140753,M,MGAW0,uh
t00000103030,/Users/emd/0/_data/TIMIT/timit/TIMIT/TRAIN/DR6/MESJ0/SI2039.riff,2.6503,2.83,i156276,w,z,MESJ0,M,DR6,uh,0.316104541213853,DR3,/Users/emd/0/_data/TIMIT/timit/TIMIT/TRAIN/DR3/MPRD0/SX171.riff,1.2369,1.06,w,z,i69412,M,MPRD0,ah,0.282679512482638,DR3,/Users/emd/0/_data/TIMIT/timit/TIMIT/TRAIN/DR3/MPRD0/SX171.riff,3.3544,3.1758,w,z,i69428,M,MPRD0,uh
t00000101386,/Users/emd/0/_data/TIMIT/timit/TIMIT/TRAIN/DR2/MWSB0/SX186.riff,0.1102,0.2144,i106445,w,dx,MWSB0,M,DR2,uh,0.279018186092603,DR4,/Users/emd/0/_data/TIMIT/timit/TIMIT/TRAIN/DR4/FKLC0/SX445.riff,0.2425,0.135,w,dx,i67504,F,FKLC0,ah,0.352987610791226,DR4,/Users/emd/0/_data/TIMIT/timit/TIMIT/TRAIN/DR4/FKLC0/SX265.riff,2.42,2.1514,w,dx,i67789,F,FKLC0,uh
t00000103029,/Users/emd/0/_data/TIMIT/timit/TIMIT/TRAIN/DR5/MEGJ0/SX3.riff,0.436,0.6531,i128169,w,z,MEGJ0,M,DR5,uh,0.289236622912357,DR3,/Users/emd/0/_data/TIMIT/timit/TIMIT/TRAIN/DR3/MPRD0/SX171.riff,1.2369,1.06,w,z,i69412,M,MPRD0,ah,0.277477985857198,DR3,/Users/emd/0/_data/TIMIT/timit/TIMIT/TRAIN/DR3/MPRD0/SX171.riff,3.3544,3.1758,w,z,i69428,M,MPRD0,uh
t00000074514,/Users/emd/0/_data/TIMIT/timit/TIMIT/TRAIN/DR6/MSVS0/SI2198.riff,0.1331,0.2425,i158904,b,dx,MSVS0,M,DR6,uh,0.352681198572934,DR7,/Users/emd/0/_data/TIMIT/timit/TIMIT/TRAIN/DR7/MJFR0/SI975.riff,0.2518,0.1475,b,dx,i137100,M,MJFR0,ah,0.358225691402959,DR7,/Users/emd/0/_data/TIMIT/timit/TIMIT/TRAIN/DR7/MJFR0/SI1605.riff,0.484,0.3,b,dx,i137042,M,MJFR0,uh
t00000099683,/Users/emd/0/_data/TIMIT/timit/TIMIT/TRAIN/DR3/MTLB0/SI504.riff,0.4325,0.6814,i73053,p,tcl,MTLB0,M,DR3,uh,0.367274192193747,DR2,/Users/emd/0/_data/TIMIT/timit/TIMIT/TEST/DR2/MTMR0/SX133.riff,0.2558,0.1382,p,tcl,i17324,M,MTMR0,iy,0.323862321229881,DR2,/Users/emd/0/_data/TIMIT/timit/TIMIT/TEST/DR2/MTMR0/SX223.riff,0.2825,0.1425,p,tcl,i17453,M,MTMR0,uh
t00000020164,/Users/emd/0/_data/TIMIT/timit/TIMIT/TEST/DR4/FNMR0/SX229.riff,0.3211,0.5456,i816,l,k,FNMR0,F,DR4,uh,0.390185070838003,DR8,/Users/emd/0/_data/TIMIT/timit/TIMIT/TRAIN/DR8/MBSB0/SI1353.riff,1.4194,1.2519,l,k,i177706,M,MBSB0,iy,0.417314320986572,DR8,/Users/emd/0/_data/TIMIT/timit/TIMIT/TRAIN/DR8/MBSB0/SX273.riff,1.5248,1.3263,l,k,i177848,M,MBSB0,uh
t00000015229,/Users/emd/0/_data/TIMIT/timit/TIMIT/TRAIN/DR3/FDJH0/SI935.riff,0.2112,0.4094,i88825,r,k,FDJH0,F,DR3,uh,0.446937244203576,DR7,/Users/emd/0/_data/TIMIT/timit/TIMIT/TRAIN/DR7/MDLM0/SX244.riff,1.3369,1.1619,r,k,i137229,M,MDLM0,iy,0.365247074528938,DR7,/Users/emd/0/_data/TIMIT/timit/TIMIT/TRAIN/DR7/MDLM0/SX424.riff,1.6762,1.5613,r,k,i137357,M,MDLM0,uh
t00000099557,/Users/emd/0/_data/TIMIT/timit/TIMIT/TRAIN/DR3/MVJH0/SI926.riff,0.4025,0.5744,i79579,p,tcl,MVJH0,M,DR3,uh,0.480457103892252,DR7,/Users/emd/0/_data/TIMIT/timit/TIMIT/TEST/DR7/MRPC0/SX133.riff,0.2765,0.1275,p,tcl,i33866,M,MRPC0,iy,0.403509602874377,DR7,/Users/emd/0/_data/TIMIT/timit/TIMIT/TEST/DR7/MRPC0/SX223.riff,0.2725,0.1305,p,tcl,i33941,M,MRPC0,uh
t00000099548,/Users/emd/0/_data/TIMIT/timit/TIMIT/TEST/DR6/MJFC0/SX223.riff,0.1381,0.2975,i39264,p,tcl,MJFC0,M,DR6,uh,0.461167527812931,DR7,/Users/emd/0/_data/TIMIT/timit/TIMIT/TEST/DR7/MRPC0/SX133.riff,0.2765,0.1275,p,tcl,i33866,M,MRPC0,iy,0.271595327192844,DR7,/Users/emd/0/_data/TIMIT/timit/TIMIT/TEST/DR7/MRPC0/SX223.riff,0.2725,0.1305,p,tcl,i33941,M,MRPC0,uh
t00000099494,/Users/emd/0/_data/TIMIT/timit/TIMIT/TRAIN/DR3/MTLB0/SI504.riff,0.4325,0.6814,i73053,p,tcl,MTLB0,M,DR3,uh,0.442230306802646,DR6,/Users/emd/0/_data/TIMIT/timit/TIMIT/TEST/DR6/MJFC0/SX133.riff,0.2756,0.1388,p,tcl,i39212,M,MJFC0,iy,0.389050172751308,DR6,/Users/emd/0/_data/TIMIT/timit/TIMIT/TEST/DR6/MJFC0/SX223.riff,0.2975,0.1381,p,tcl,i39264,M,MJFC0,uh
t00000000009,/Users/emd/0/_data/TIMIT/timit/TIMIT/TRAIN/DR2/MSAT0/SX86.riff,1.5075,1.6825,i109407,f,l,MSAT0,M,DR2,uh,0.315479363518032,DR3,/Users/emd/0/_data/TIMIT/timit/TIMIT/TEST/DR3/MWJG0/SI1754.riff,1.8675,1.4625,f,l,i14521,M,MWJG0,uw,0.306539675430716,DR3,/Users/emd/0/_data/TIMIT/timit/TIMIT/TEST/DR3/MWJG0/SI1124.riff,1.6292,1.3275,f,l,i14632,M,MWJG0,uh
t00000000005,/Users/emd/0/_data/TIMIT/timit/TIMIT/TRAIN/DR4/MLJC0/SX325.riff,0.2675,0.5878,i54357,f,l,MLJC0,M,DR4,uh,0.370279702010514,DR3,/Users/emd/0/_data/TIMIT/timit/TIMIT/TEST/DR3/MWJG0/SI1754.riff,1.8675,1.4625,f,l,i14521,M,MWJG0,uw,0.294076865205616,DR3,/Users/emd/0/_data/TIMIT/timit/TIMIT/TEST/DR3/MWJG0/SI1124.riff,1.6292,1.3275,f,l,i14632,M,MWJG0,uh
t00000000002,/Users/emd/0/_data/TIMIT/timit/TIMIT/TEST/DR1/FDAC1/SX124.riff,2.0975,2.3994,i44123,f,l,FDAC1,F,DR1,uh,0.387182783994697,DR3,/Users/emd/0/_data/TIMIT/timit/TIMIT/TEST/DR3/MWJG0/SI1754.riff,1.8675,1.4625,f,l,i14521,M,MWJG0,uw,0.345114232241173,DR3,/Users/emd/0/_data/TIMIT/timit/TIMIT/TEST/DR3/MWJG0/SI1124.riff,1.6292,1.3275,f,l,i14632,M,MWJG0,uh
t00000000006,/Users/emd/0/_data/TIMIT/timit/TIMIT/TRAIN/DR3/MLNS0/SI777.riff,1.1326,1.3694,i83173,f,l,MLNS0,M,DR3,uh,0.33459901232816,DR3,/Users/emd/0/_data/TIMIT/timit/TIMIT/TEST/DR3/MWJG0/SI1754.riff,1.8675,1.4625,f,l,i14521,M,MWJG0,uw,0.324707859368018,DR3,/Users/emd/0/_data/TIMIT/timit/TIMIT/TEST/DR3/MWJG0/SI1124.riff,1.6292,1.3275,f,l,i14632,M,MWJG0,uh
t00000000004,/Users/emd/0/_data/TIMIT/timit/TIMIT/TRAIN/DR2/MJMA0/SX325.riff,0.2075,0.4595,i95019,f,l,MJMA0,M,DR2,uh,0.272724685028553,DR3,/Users/emd/0/_data/TIMIT/timit/TIMIT/TEST/DR3/MWJG0/SI1754.riff,1.8675,1.4625,f,l,i14521,M,MWJG0,uw,0.306429980328272,DR3,/Users/emd/0/_data/TIMIT/timit/TIMIT/TEST/DR3/MWJG0/SI1124.riff,1.6292,1.3275,f,l,i14632,M,MWJG0,uh
t00000000007,/Users/emd/0/_data/TIMIT/timit/TIMIT/TRAIN/DR6/MRMB0/SI2211.riff,0.5248,0.8382,i158068,f,l,MRMB0,M,DR6,uh,0.359969591087882,DR3,/Users/emd/0/_data/TIMIT/timit/TIMIT/TEST/DR3/MWJG0/SI1754.riff,1.8675,1.4625,f,l,i14521,M,MWJG0,uw,0.313785472549821,DR3,/Users/emd/0/_data/TIMIT/timit/TIMIT/TEST/DR3/MWJG0/SI1124.riff,1.6292,1.3275,f,l,i14632,M,MWJG0,uh
t00000076038,/Users/emd/0/_data/TIMIT/timit/TIMIT/TRAIN/DR7/MAFM0/SX309.riff,0.3025,0.4782,i134332,r,f,MAFM0,M,DR7,uw,0.41693120464285,DR2,/Users/emd/0/_data/TIMIT/timit/TIMIT/TRAIN/DR2/FCAJ0/SX219.riff,0.7023,0.5091,r,f,i96493,F,FCAJ0,aa,0.392510616815234,DR2,/Users/emd/0/_data/TIMIT/timit/TIMIT/TRAIN/DR2/FCAJ0/SX309.riff,0.5326,0.3202,r,f,i96459,F,FCAJ0,uw
t00000076213,/Users/emd/0/_data/TIMIT/timit/TIMIT/TEST/DR7/FTLH0/SX289.riff,0.4875,0.653,i38586,r,f,FTLH0,F,DR7,uw,0.432748568995232,DR7,/Users/emd/0/_data/TIMIT/timit/TIMIT/TRAIN/DR7/MAFM0/SX219.riff,0.5962,0.4044,r,f,i134365,M,MAFM0,aa,0.336487490051806,DR7,/Users/emd/0/_data/TIMIT/timit/TIMIT/TRAIN/DR7/MAFM0/SX309.riff,0.4782,0.3025,r,f,i134332,M,MAFM0,uw
t00000076043,/Users/emd/0/_data/TIMIT/timit/TIMIT/TRAIN/DR3/MHMR0/SX309.riff,0.3325,0.5143,i73383,r,f,MHMR0,M,DR3,uw,0.396489957331462,DR2,/Users/emd/0/_data/TIMIT/timit/TIMIT/TRAIN/DR2/FCAJ0/SX219.riff,0.7023,0.5091,r,f,i96493,F,FCAJ0,aa,0.406262222958621,DR2,/Users/emd/0/_data/TIMIT/timit/TIMIT/TRAIN/DR2/FCAJ0/SX309.riff,0.5326,0.3202,r,f,i96459,F,FCAJ0,uw
t00000076246,/Users/emd/0/_data/TIMIT/timit/TIMIT/TRAIN/DR7/MAFM0/SX309.riff,0.3025,0.4782,i134332,r,f,MAFM0,M,DR7,uw,0.427118058663377,DR1,/Users/emd/0/_data/TIMIT/timit/TIMIT/TRAIN/DR1/MRSO0/SX219.riff,0.7644,0.525,r,f,i176548,M,MRSO0,aa,0.337389539747344,DR1,/Users/emd/0/_data/TIMIT/timit/TIMIT/TRAIN/DR1/MRSO0/SX309.riff,0.6788,0.415,r,f,i176491,M,MRSO0,uw
t00000076044,/Users/emd/0/_data/TIMIT/timit/TIMIT/TRAIN/DR2/MJAE0/SX264.riff,2.1566,2.7175,i108433,r,f,MJAE0,M,DR2,uw,0.38294642063623,DR2,/Users/emd/0/_data/TIMIT/timit/TIMIT/TRAIN/DR2/FCAJ0/SX219.riff,0.7023,0.5091,r,f,i96493,F,FCAJ0,aa,0.357420036210503,DR2,/Users/emd/0/_data/TIMIT/timit/TIMIT/TRAIN/DR2/FCAJ0/SX309.riff,0.5326,0.3202,r,f,i96459,F,FCAJ0,uw
t00000076042,/Users/emd/0/_data/TIMIT/timit/TIMIT/TRAIN/DR7/MGSL0/SX264.riff,2.3133,2.7425,i140112,r,f,MGSL0,M,DR7,uw,0.415855301098838,DR2,/Users/emd/0/_data/TIMIT/timit/TIMIT/TRAIN/DR2/FCAJ0/SX219.riff,0.7023,0.5091,r,f,i96493,F,FCAJ0,aa,0.44807169167691,DR2,/Users/emd/0/_data/TIMIT/timit/TIMIT/TRAIN/DR2/FCAJ0/SX309.riff,0.5326,0.3202,r,f,i96459,F,FCAJ0,uw
t00000013296,/Users/emd/0/_data/TIMIT/timit/TIMIT/TRAIN/DR6/MRXB0/SX325.riff,0.5525,0.945,i159023,m,n,MRXB0,M,DR6,uw,0.421501149975228,DR2,/Users/emd/0/_data/TIMIT/timit/TIMIT/TRAIN/DR2/FLMA0/SI1873.riff,2.6579,2.4275,m,n,i97014,F,FLMA0,ae,0.318822476905172,DR2,/Users/emd/0/_data/TIMIT/timit/TIMIT/TRAIN/DR2/FLMA0/SI1873.riff,0.9974,0.7533,m,n,i96988,F,FLMA0,uw
t00000052670,/Users/emd/0/_data/TIMIT/timit/TIMIT/TRAIN/DR3/MPRD0/SX441.riff,0.8688,1.1075,i69270,r,pcl,MPRD0,M,DR3,uw,0.431443487452897,DR1,/Users/emd/0/_data/TIMIT/timit/TIMIT/TRAIN/DR1/MRCG0/SX438.riff,1.9679,1.7311,r,pcl,i173541,M,MRCG0,ae,0.417317625361149,DR1,/Users/emd/0/_data/TIMIT/timit/TIMIT/TRAIN/DR1/MRCG0/SX438.riff,3.7441,3.5421,r,pcl,i173563,M,MRCG0,uw
t00000013294,/Users/emd/0/_data/TIMIT/timit/TIMIT/TRAIN/DR3/MCEF0/SX325.riff,0.5232,0.8475,i79275,m,n,MCEF0,M,DR3,uw,0.536970130570043,DR2,/Users/emd/0/_data/TIMIT/timit/TIMIT/TRAIN/DR2/FLMA0/SI1873.riff,2.6579,2.4275,m,n,i97014,F,FLMA0,ae,0.375296694121165,DR2,/Users/emd/0/_data/TIMIT/timit/TIMIT/TRAIN/DR2/FLMA0/SI1873.riff,0.9974,0.7533,m,n,i96988,F,FLMA0,uw
t00000013293,/Users/emd/0/_data/TIMIT/timit/TIMIT/TRAIN/DR7/FREH0/SX325.riff,0.3775,0.6575,i142809,m,n,FREH0,F,DR7,uw,0.446282739267592,DR2,/Users/emd/0/_data/TIMIT/timit/TIMIT/TRAIN/DR2/FLMA0/SI1873.riff,2.6579,2.4275,m,n,i97014,F,FLMA0,ae,0.402941931796746,DR2,/Users/emd/0/_data/TIMIT/timit/TIMIT/TRAIN/DR2/FLMA0/SI1873.riff,0.9974,0.7533,m,n,i96988,F,FLMA0,uw
t00000013295,/Users/emd/0/_data/TIMIT/timit/TIMIT/TRAIN/DR2/MJMA0/SX325.riff,0.4595,0.7885,i95022,m,n,MJMA0,M,DR2,uw,0.505774462792696,DR2,/Users/emd/0/_data/TIMIT/timit/TIMIT/TRAIN/DR2/FLMA0/SI1873.riff,2.6579,2.4275,m,n,i97014,F,FLMA0,ae,0.410055164347356,DR2,/Users/emd/0/_data/TIMIT/timit/TIMIT/TRAIN/DR2/FLMA0/SI1873.riff,0.9974,0.7533,m,n,i96988,F,FLMA0,uw
t00000013297,/Users/emd/0/_data/TIMIT/timit/TIMIT/TRAIN/DR6/MSMR0/SX325.riff,0.436,0.7444,i165316,m,n,MSMR0,M,DR6,uw,0.455965009766584,DR2,/Users/emd/0/_data/TIMIT/timit/TIMIT/TRAIN/DR2/FLMA0/SI1873.riff,2.6579,2.4275,m,n,i97014,F,FLMA0,ae,0.365222334360132,DR2,/Users/emd/0/_data/TIMIT/timit/TIMIT/TRAIN/DR2/FLMA0/SI1873.riff,0.9974,0.7533,m,n,i96988,F,FLMA0,uw
t00000014247,/Users/emd/0/_data/TIMIT/timit/TIMIT/TRAIN/DR1/MRSO0/SX399.riff,0.3498,0.76,i176649,s,m,MRSO0,M,DR1,uw,0.318060578786333,DR4,/Users/emd/0/_data/TIMIT/timit/TIMIT/TEST/DR4/MKCL0/SI461.riff,1.2297,0.9762,s,m,i3252,M,MKCL0,ah,0.362817221831363,DR4,/Users/emd/0/_data/TIMIT/timit/TIMIT/TEST/DR4/MKCL0/SI1091.riff,2.0313,1.81,s,m,i3396,M,MKCL0,uw
t00000008306,/Users/emd/0/_data/TIMIT/timit/TIMIT/TEST/DR2/MGWT0/SI2169.riff,4.8172,5.1581,i19434,r,m,MGWT0,M,DR2,uw,0.321324409742474,DR5,/Users/emd/0/_data/TIMIT/timit/TIMIT/TEST/DR5/MRPP0/SX104.riff,1.3825,1.2402,r,m,i32054,M,MRPP0,ah,0.365698990169543,DR5,/Users/emd/0/_data/TIMIT/timit/TIMIT/TEST/DR5/MRPP0/SI554.riff,4.1025,3.7222,r,m,i31939,M,MRPP0,uw
t00000011709,/Users/emd/0/_data/TIMIT/timit/TIMIT/TEST/DR5/MLIH0/SA1.riff,0.985,1.2793,i31429,s,q,MLIH0,M,DR5,uw,0.485437239703947,DR5,/Users/emd/0/_data/TIMIT/timit/TIMIT/TRAIN/DR5/FEXM0/SX111.riff,0.7806,0.4542,s,q,i124024,F,FEXM0,ah,0.354335151295722,DR5,/Users/emd/0/_data/TIMIT/timit/TIMIT/TRAIN/DR5/FEXM0/SA1.riff,2.2089,1.6892,s,q,i123967,F,FEXM0,uw
t00000008314,/Users/emd/0/_data/TIMIT/timit/TIMIT/TEST/DR2/MPGL0/SI1729.riff,1.6292,1.8375,i20813,r,m,MPGL0,M,DR2,uw,0.38644615872864,DR5,/Users/emd/0/_data/TIMIT/timit/TIMIT/TEST/DR5/MRPP0/SX104.riff,1.3825,1.2402,r,m,i32054,M,MRPP0,ah,0.40742920572181,DR5,/Users/emd/0/_data/TIMIT/timit/TIMIT/TEST/DR5/MRPP0/SI554.riff,4.1025,3.7222,r,m,i31939,M,MRPP0,uw
t00000011712,/Users/emd/0/_data/TIMIT/timit/TIMIT/TRAIN/DR5/MWEM0/SA1.riff,1.1411,1.5825,i114966,s,q,MWEM0,M,DR5,uw,0.452606624319483,DR5,/Users/emd/0/_data/TIMIT/timit/TIMIT/TRAIN/DR5/FEXM0/SX111.riff,0.7806,0.4542,s,q,i124024,F,FEXM0,ah,0.306262153338568,DR5,/Users/emd/0/_data/TIMIT/timit/TIMIT/TRAIN/DR5/FEXM0/SA1.riff,2.2089,1.6892,s,q,i123967,F,FEXM0,uw
t00000014562,/Users/emd/0/_data/TIMIT/timit/TIMIT/TRAIN/DR3/MKLS1/SX375.riff,2.5946,2.8742,i90707,s,m,MKLS1,M,DR3,uw,0.295136544787422,DR1,/Users/emd/0/_data/TIMIT/timit/TIMIT/TRAIN/DR1/MRSO0/SI1659.riff,0.4621,0.1356,s,m,i176519,M,MRSO0,ah,0.214334150899413,DR1,/Users/emd/0/_data/TIMIT/timit/TIMIT/TRAIN/DR1/MRSO0/SX399.riff,0.76,0.3498,s,m,i176649,M,MRSO0,uw
t00000000011,/Users/emd/0/_data/TIMIT/timit/TIMIT/TEST/DR1/FAKS0/SI2203.riff,2.5231,2.8612,i42931,f,l,FAKS0,F,DR1,uw,0.34458695439416,DR3,/Users/emd/0/_data/TIMIT/timit/TIMIT/TEST/DR3/MWJG0/SI1124.riff,1.6292,1.3275,f,l,i14632,M,MWJG0,uh,0.345732925875414,DR3,/Users/emd/0/_data/TIMIT/timit/TIMIT/TEST/DR3/MWJG0/SI1754.riff,1.8675,1.4625,f,l,i14521,M,MWJG0,uw
t00000000012,/Users/emd/0/_data/TIMIT/timit/TIMIT/TRAIN/DR1/FSAH0/SI1874.riff,1.8525,2.1932,i169387,f,l,FSAH0,F,DR1,uw,0.384810980135532,DR3,/Users/emd/0/_data/TIMIT/timit/TIMIT/TEST/DR3/MWJG0/SI1124.riff,1.6292,1.3275,f,l,i14632,M,MWJG0,uh,0.407105326821413,DR3,/Users/emd/0/_data/TIMIT/timit/TIMIT/TEST/DR3/MWJG0/SI1754.riff,1.8675,1.4625,f,l,i14521,M,MWJG0,uw
t00000000015,/Users/emd/0/_data/TIMIT/timit/TIMIT/TEST/DR3/MMJR0/SI2166.riff,1.857,2.2325,i11783,f,l,MMJR0,M,DR3,uw,0.362302522520796,DR3,/Users/emd/0/_data/TIMIT/timit/TIMIT/TEST/DR3/MWJG0/SI1124.riff,1.6292,1.3275,f,l,i14632,M,MWJG0,uh,0.311438771116624,DR3,/Users/emd/0/_data/TIMIT/timit/TIMIT/TEST/DR3/MWJG0/SI1754.riff,1.8675,1.4625,f,l,i14521,M,MWJG0,uw
t00000000014,/Users/emd/0/_data/TIMIT/timit/TIMIT/TRAIN/DR7/MJRA0/SI1236.riff,0.8746,1.1436,i142431,f,l,MJRA0,M,DR7,uw,0.331724653453423,DR3,/Users/emd/0/_data/TIMIT/timit/TIMIT/TEST/DR3/MWJG0/SI1124.riff,1.6292,1.3275,f,l,i14632,M,MWJG0,uh,0.366574638042587,DR3,/Users/emd/0/_data/TIMIT/timit/TIMIT/TEST/DR3/MWJG0/SI1754.riff,1.8675,1.4625,f,l,i14521,M,MWJG0,uw
t00000000013,/Users/emd/0/_data/TIMIT/timit/TIMIT/TRAIN/DR4/MJJJ0/SI533.riff,0.7775,1.0925,i59850,f,l,MJJJ0,M,DR4,uw,0.28444529184931,DR3,/Users/emd/0/_data/TIMIT/timit/TIMIT/TEST/DR3/MWJG0/SI1124.riff,1.6292,1.3275,f,l,i14632,M,MWJG0,uh,0.322251722390365,DR3,/Users/emd/0/_data/TIMIT/timit/TIMIT/TEST/DR3/MWJG0/SI1754.riff,1.8675,1.4625,f,l,i14521,M,MWJG0,uw
t00000000016,/Users/emd/0/_data/TIMIT/timit/TIMIT/TRAIN/DR4/MTRT0/SI1857.riff,1.6925,1.985,i65224,f,l,MTRT0,M,DR4,uw,0.358660997934134,DR3,/Users/emd/0/_data/TIMIT/timit/TIMIT/TEST/DR3/MWJG0/SI1124.riff,1.6292,1.3275,f,l,i14632,M,MWJG0,uh,0.39589453170327,DR3,/Users/emd/0/_data/TIMIT/timit/TIMIT/TEST/DR3/MWJG0/SI1754.riff,1.8675,1.4625,f,l,i14521,M,MWJG0,uw
