m_pos_vars_CORRECT,d_coef_econ,d_coef_loc,d_coef_glob,d_id,d_experiment,m_neg_vars_CORRECT,m_stanfile_CORRECT,csv_filename.x,seed.x,m_pos_vars_INCORRECT,m_neg_vars_INCORRECT,m_stanfile_INCORRECT,csv_filename.y,seed.y,elpd_diff,se_diff,elpd_over_se
NA,-1,-1,-1,dinst2,hindi,Econ+Glob+Loc,stan_models/master_neg.stan,hindi/dinst2/econ_-1_loc_-1_glob_-1.csv,4062.7313667186536,Econ+Glob+Loc,NA,stan_models/master_pos.stan,hindi/dinst2/econ_-1_loc_-1_glob_-1.csv,8350.317365060793,-10.995913459014666,4.112077489660207,-2.67405307576616
NA,-1,-1,-1,dinst2,hindi,Econ+Glob+Loc,stan_models/master_neg.stan,hindi/dinst2/econ_-1_loc_-1_glob_-1.csv,4062.7313667186536,Econ+Glob,Loc,stan_models/master_model.stan,hindi/dinst2/econ_-1_loc_-1_glob_-1.csv,1342.292993498966,-1.345272367511635,2.3366456140563185,-0.5757280262864931
NA,-1,-1,-1,dinst2,hindi,Econ+Glob+Loc,stan_models/master_neg.stan,hindi/dinst2/econ_-1_loc_-1_glob_-1.csv,4062.7313667186536,Econ+Loc,Glob,stan_models/master_model.stan,hindi/dinst2/econ_-1_loc_-1_glob_-1.csv,7236.376452721655,-10.897278576021447,4.399551052628773,-2.4769069492920694
NA,-1,-1,-1,dinst2,hindi,Econ+Glob+Loc,stan_models/master_neg.stan,hindi/dinst2/econ_-1_loc_-1_glob_-1.csv,4062.7313667186536,Glob+Loc,Econ,stan_models/master_model.stan,hindi/dinst2/econ_-1_loc_-1_glob_-1.csv,6788.492398326984,-6.632339765405128,2.7576274809891776,-2.405089088764835
NA,-1,-1,-1,dinst2,hindi,Econ+Glob+Loc,stan_models/master_neg.stan,hindi/dinst2/econ_-1_loc_-1_glob_-1.csv,4062.7313667186536,Econ,Glob+Loc,stan_models/master_model.stan,hindi/dinst2/econ_-1_loc_-1_glob_-1.csv,8921.878697789041,1.5466078244990697,1.6746356849982265,0.9235488281743547
NA,-1,-1,-1,dinst2,hindi,Econ+Glob+Loc,stan_models/master_neg.stan,hindi/dinst2/econ_-1_loc_-1_glob_-1.csv,4062.7313667186536,Glob,Econ+Loc,stan_models/master_model.stan,hindi/dinst2/econ_-1_loc_-1_glob_-1.csv,425.5379367165733,-3.065282372760521,2.056619484181129,-1.490447015764321
NA,-1,-1,-1,dinst2,hindi,Econ+Glob+Loc,stan_models/master_neg.stan,hindi/dinst2/econ_-1_loc_-1_glob_-1.csv,4062.7313667186536,Loc,Econ+Glob,stan_models/master_model.stan,hindi/dinst2/econ_-1_loc_-1_glob_-1.csv,5093.994064777391,-4.773058001355194,2.048377346177065,-2.330165391773769
NA,-1,-1,0,dinst2,hindi,Econ+Glob+Loc,stan_models/master_neg.stan,hindi/dinst2/econ_-1_loc_-1_glob_0.csv,3360.681310493732,Econ+Glob+Loc,NA,stan_models/master_pos.stan,hindi/dinst2/econ_-1_loc_-1_glob_0.csv,4842.239127720939,-1.1657539616066295,2.4027053162329506,-0.48518391070709466
NA,-1,-1,0,dinst2,hindi,Econ+Glob+Loc,stan_models/master_neg.stan,hindi/dinst2/econ_-1_loc_-1_glob_0.csv,3360.681310493732,Econ+Glob,Loc,stan_models/master_model.stan,hindi/dinst2/econ_-1_loc_-1_glob_0.csv,592.9177848431282,-0.4759719807781302,2.2536800332350055,-0.21119767391953354
NA,-1,-1,0,dinst2,hindi,Econ+Glob+Loc,stan_models/master_neg.stan,hindi/dinst2/econ_-1_loc_-1_glob_0.csv,3360.681310493732,Econ+Loc,Glob,stan_models/master_model.stan,hindi/dinst2/econ_-1_loc_-1_glob_0.csv,7667.670701162191,0.26189786064676035,1.9533315051605717,0.13407752854794164
NA,-1,-1,0,dinst2,hindi,Econ+Glob+Loc,stan_models/master_neg.stan,hindi/dinst2/econ_-1_loc_-1_glob_0.csv,3360.681310493732,Glob+Loc,Econ,stan_models/master_model.stan,hindi/dinst2/econ_-1_loc_-1_glob_0.csv,3954.2609883523546,-1.8560412330097282,2.0226725439030258,-0.917618246514703
NA,-1,-1,0,dinst2,hindi,Econ+Glob+Loc,stan_models/master_neg.stan,hindi/dinst2/econ_-1_loc_-1_glob_0.csv,3360.681310493732,Econ,Glob+Loc,stan_models/master_model.stan,hindi/dinst2/econ_-1_loc_-1_glob_0.csv,9816.222807764309,0.5675439653548153,1.5866986022332659,0.3576885771223354
NA,-1,-1,0,dinst2,hindi,Econ+Glob+Loc,stan_models/master_neg.stan,hindi/dinst2/econ_-1_loc_-1_glob_0.csv,3360.681310493732,Glob,Econ+Loc,stan_models/master_model.stan,hindi/dinst2/econ_-1_loc_-1_glob_0.csv,8984.993189970031,-2.288518374103628,1.9675323138025396,-1.1631414427348015
NA,-1,-1,0,dinst2,hindi,Econ+Glob+Loc,stan_models/master_neg.stan,hindi/dinst2/econ_-1_loc_-1_glob_0.csv,3360.681310493732,Loc,Econ+Glob,stan_models/master_model.stan,hindi/dinst2/econ_-1_loc_-1_glob_0.csv,3328.097969453549,-0.3266417756357214,1.2528422325207604,-0.26072059765937744
NA,-1,0,-1,dinst2,hindi,Econ+Glob+Loc,stan_models/master_neg.stan,hindi/dinst2/econ_-1_loc_0_glob_-1.csv,8119.931003135163,Econ+Glob+Loc,NA,stan_models/master_pos.stan,hindi/dinst2/econ_-1_loc_0_glob_-1.csv,212.51807498955168,-2.440609029002827,1.8231785991745333,-1.338656031892785
NA,-1,0,-1,dinst2,hindi,Econ+Glob+Loc,stan_models/master_neg.stan,hindi/dinst2/econ_-1_loc_0_glob_-1.csv,8119.931003135163,Econ+Glob,Loc,stan_models/master_model.stan,hindi/dinst2/econ_-1_loc_0_glob_-1.csv,6382.144983461825,-1.5677641926294346,1.3750803480595963,-1.140125516913785
NA,-1,0,-1,dinst2,hindi,Econ+Glob+Loc,stan_models/master_neg.stan,hindi/dinst2/econ_-1_loc_0_glob_-1.csv,8119.931003135163,Econ+Loc,Glob,stan_models/master_model.stan,hindi/dinst2/econ_-1_loc_0_glob_-1.csv,1087.7470779931173,-1.393810733356986,1.788499776692261,-0.7793183714759908
NA,-1,0,-1,dinst2,hindi,Econ+Glob+Loc,stan_models/master_neg.stan,hindi/dinst2/econ_-1_loc_0_glob_-1.csv,8119.931003135163,Glob+Loc,Econ,stan_models/master_model.stan,hindi/dinst2/econ_-1_loc_0_glob_-1.csv,8630.932343399152,-1.76682610152365,1.4705283232197413,-1.2014906980201243
NA,-1,0,-1,dinst2,hindi,Econ+Glob+Loc,stan_models/master_neg.stan,hindi/dinst2/econ_-1_loc_0_glob_-1.csv,8119.931003135163,Econ,Glob+Loc,stan_models/master_model.stan,hindi/dinst2/econ_-1_loc_0_glob_-1.csv,4541.402546275174,-0.6562465192773743,1.0972864288359232,-0.5980630964091715
NA,-1,0,-1,dinst2,hindi,Econ+Glob+Loc,stan_models/master_neg.stan,hindi/dinst2/econ_-1_loc_0_glob_-1.csv,8119.931003135163,Glob,Econ+Loc,stan_models/master_model.stan,hindi/dinst2/econ_-1_loc_0_glob_-1.csv,3106.168784219539,-0.8755078871648685,1.24877118304411,-0.7010955241861496
NA,-1,0,-1,dinst2,hindi,Econ+Glob+Loc,stan_models/master_neg.stan,hindi/dinst2/econ_-1_loc_0_glob_-1.csv,8119.931003135163,Loc,Econ+Glob,stan_models/master_model.stan,hindi/dinst2/econ_-1_loc_0_glob_-1.csv,75.34875803487375,-0.5615903010479926,0.8665059858022652,-0.6481089689507884
Loc,-1,1,-1,dinst2,hindi,Econ+Glob,stan_models/master_model.stan,hindi/dinst2/econ_-1_loc_1_glob_-1.csv,2518.714091084432,Econ+Glob+Loc,NA,stan_models/master_pos.stan,hindi/dinst2/econ_-1_loc_1_glob_-1.csv,2279.6672464553267,-7.063989905697316,3.3853658366355237,-2.0866252708208686
Loc,-1,1,-1,dinst2,hindi,Econ+Glob,stan_models/master_model.stan,hindi/dinst2/econ_-1_loc_1_glob_-1.csv,2518.714091084432,Econ+Glob,Loc,stan_models/master_model.stan,hindi/dinst2/econ_-1_loc_1_glob_-1.csv,3062.1173432844225,-5.201036620961359,2.957325010861675,-1.7586963224735093
Loc,-1,1,-1,dinst2,hindi,Econ+Glob,stan_models/master_model.stan,hindi/dinst2/econ_-1_loc_1_glob_-1.csv,2518.714091084432,Econ+Loc,Glob,stan_models/master_model.stan,hindi/dinst2/econ_-1_loc_1_glob_-1.csv,3193.683035959257,-6.626549652021973,3.6081967224612845,-1.836526708971056
Loc,-1,1,-1,dinst2,hindi,Econ+Glob,stan_models/master_model.stan,hindi/dinst2/econ_-1_loc_1_glob_-1.csv,2518.714091084432,Glob+Loc,Econ,stan_models/master_model.stan,hindi/dinst2/econ_-1_loc_1_glob_-1.csv,4451.1913353386335,-2.387040686782653,1.7904185883066384,-1.3332305095426285
Loc,-1,1,-1,dinst2,hindi,Econ+Glob,stan_models/master_model.stan,hindi/dinst2/econ_-1_loc_1_glob_-1.csv,2518.714091084432,Econ,Glob+Loc,stan_models/master_model.stan,hindi/dinst2/econ_-1_loc_1_glob_-1.csv,1687.8596609763335,-4.405668560842489,2.8389494500942596,-1.551865800462284
Loc,-1,1,-1,dinst2,hindi,Econ+Glob,stan_models/master_model.stan,hindi/dinst2/econ_-1_loc_1_glob_-1.csv,2518.714091084432,Glob,Econ+Loc,stan_models/master_model.stan,hindi/dinst2/econ_-1_loc_1_glob_-1.csv,3120.317833149107,-2.530984414062674,2.1269071105750483,-1.1899835218371977
Loc,-1,1,-1,dinst2,hindi,Econ+Glob,stan_models/master_model.stan,hindi/dinst2/econ_-1_loc_1_glob_-1.csv,2518.714091084432,NA,Econ+Glob+Loc,stan_models/master_neg.stan,hindi/dinst2/econ_-1_loc_1_glob_-1.csv,2493.2297053134535,0.025700781585907606,1.057616025251878,0.024300673375090738
NA,0,-1,-1,dinst2,hindi,Econ+Glob+Loc,stan_models/master_neg.stan,hindi/dinst2/econ_0_loc_-1_glob_-1.csv,5291.324018778047,Econ+Glob+Loc,NA,stan_models/master_pos.stan,hindi/dinst2/econ_0_loc_-1_glob_-1.csv,2631.4835786381736,-6.051508072668888,3.377785249377283,-1.7915609270259332
NA,0,-1,-1,dinst2,hindi,Econ+Glob+Loc,stan_models/master_neg.stan,hindi/dinst2/econ_0_loc_-1_glob_-1.csv,5291.324018778047,Econ+Glob,Loc,stan_models/master_model.stan,hindi/dinst2/econ_0_loc_-1_glob_-1.csv,6780.732132797362,-2.0194902831971806,2.170316998932106,-0.9305047530802464
NA,0,-1,-1,dinst2,hindi,Econ+Glob+Loc,stan_models/master_neg.stan,hindi/dinst2/econ_0_loc_-1_glob_-1.csv,5291.324018778047,Econ+Loc,Glob,stan_models/master_model.stan,hindi/dinst2/econ_0_loc_-1_glob_-1.csv,5972.426985958125,-9.204255123531837,4.1173358038269114,-2.235488083089269
NA,0,-1,-1,dinst2,hindi,Econ+Glob+Loc,stan_models/master_neg.stan,hindi/dinst2/econ_0_loc_-1_glob_-1.csv,5291.324018778047,Glob+Loc,Econ,stan_models/master_model.stan,hindi/dinst2/econ_0_loc_-1_glob_-1.csv,8628.441958829528,-1.9557905573149057,1.6242794232258804,-1.2040973550170522
NA,0,-1,-1,dinst2,hindi,Econ+Glob+Loc,stan_models/master_neg.stan,hindi/dinst2/econ_0_loc_-1_glob_-1.csv,5291.324018778047,Econ,Glob+Loc,stan_models/master_model.stan,hindi/dinst2/econ_0_loc_-1_glob_-1.csv,6091.23496797285,-0.9307477451494268,2.0196210795581564,-0.46085265922905283
NA,0,-1,-1,dinst2,hindi,Econ+Glob+Loc,stan_models/master_neg.stan,hindi/dinst2/econ_0_loc_-1_glob_-1.csv,5291.324018778047,Glob,Econ+Loc,stan_models/master_model.stan,hindi/dinst2/econ_0_loc_-1_glob_-1.csv,6220.891307376325,-0.6815976221587405,1.3511725941949984,-0.5044489690562609
NA,0,-1,-1,dinst2,hindi,Econ+Glob+Loc,stan_models/master_neg.stan,hindi/dinst2/econ_0_loc_-1_glob_-1.csv,5291.324018778047,Loc,Econ+Glob,stan_models/master_model.stan,hindi/dinst2/econ_0_loc_-1_glob_-1.csv,2175.529815826332,-1.156810049608552,0.894324298189881,-1.2935017554034305
NA,0,-1,0,dinst2,hindi,Econ+Glob+Loc,stan_models/master_neg.stan,hindi/dinst2/econ_0_loc_-1_glob_0.csv,6836.911072539398,Econ+Glob+Loc,NA,stan_models/master_pos.stan,hindi/dinst2/econ_0_loc_-1_glob_0.csv,8872.690502126934,-1.0674412215081013,2.38074310493272,-0.4483647224668817
NA,0,-1,0,dinst2,hindi,Econ+Glob+Loc,stan_models/master_neg.stan,hindi/dinst2/econ_0_loc_-1_glob_0.csv,6836.911072539398,Econ+Glob,Loc,stan_models/master_model.stan,hindi/dinst2/econ_0_loc_-1_glob_0.csv,3425.989946862217,-0.8520483928520584,2.1718136706786773,-0.3923211297338408
NA,0,-1,0,dinst2,hindi,Econ+Glob+Loc,stan_models/master_neg.stan,hindi/dinst2/econ_0_loc_-1_glob_0.csv,6836.911072539398,Econ+Loc,Glob,stan_models/master_model.stan,hindi/dinst2/econ_0_loc_-1_glob_0.csv,3807.9549276924226,0.03691729869203719,2.001846153955783,0.01844162630534126
NA,0,-1,0,dinst2,hindi,Econ+Glob+Loc,stan_models/master_neg.stan,hindi/dinst2/econ_0_loc_-1_glob_0.csv,6836.911072539398,Glob+Loc,Econ,stan_models/master_model.stan,hindi/dinst2/econ_0_loc_-1_glob_0.csv,6725.0160234004725,-2.034389575501619,2.0909883699963183,-0.9729320376397889
NA,0,-1,0,dinst2,hindi,Econ+Glob+Loc,stan_models/master_neg.stan,hindi/dinst2/econ_0_loc_-1_glob_0.csv,6836.911072539398,Econ,Glob+Loc,stan_models/master_model.stan,hindi/dinst2/econ_0_loc_-1_glob_0.csv,2813.343274001032,0.392134117408629,1.5488719289107358,0.25317401012258156
NA,0,-1,0,dinst2,hindi,Econ+Glob+Loc,stan_models/master_neg.stan,hindi/dinst2/econ_0_loc_-1_glob_0.csv,6836.911072539398,Glob,Econ+Loc,stan_models/master_model.stan,hindi/dinst2/econ_0_loc_-1_glob_0.csv,7089.169415935874,-2.476880112939231,1.8990569403725452,-1.3042684820463213
NA,0,-1,0,dinst2,hindi,Econ+Glob+Loc,stan_models/master_neg.stan,hindi/dinst2/econ_0_loc_-1_glob_0.csv,6836.911072539398,Loc,Econ+Glob,stan_models/master_model.stan,hindi/dinst2/econ_0_loc_-1_glob_0.csv,8381.098048442975,-0.3394541584823738,1.3285066620891781,-0.2555155861608976
NA,0,0,-1,dinst2,hindi,Econ+Glob+Loc,stan_models/master_neg.stan,hindi/dinst2/econ_0_loc_0_glob_-1.csv,7646.690444052685,Econ+Glob+Loc,NA,stan_models/master_pos.stan,hindi/dinst2/econ_0_loc_0_glob_-1.csv,9700.411189180566,-5.185501921336732,3.430502192910834,-1.511586825990848
NA,0,0,-1,dinst2,hindi,Econ+Glob+Loc,stan_models/master_neg.stan,hindi/dinst2/econ_0_loc_0_glob_-1.csv,7646.690444052685,Econ+Glob,Loc,stan_models/master_model.stan,hindi/dinst2/econ_0_loc_0_glob_-1.csv,2538.7916190286633,-4.257330964364357,2.739804252143493,-1.5538814355199364
NA,0,0,-1,dinst2,hindi,Econ+Glob+Loc,stan_models/master_neg.stan,hindi/dinst2/econ_0_loc_0_glob_-1.csv,7646.690444052685,Econ+Loc,Glob,stan_models/master_model.stan,hindi/dinst2/econ_0_loc_0_glob_-1.csv,8287.587126084603,-8.4779045904920185,4.201107681691605,-2.0180164929927082
NA,0,0,-1,dinst2,hindi,Econ+Glob+Loc,stan_models/master_neg.stan,hindi/dinst2/econ_0_loc_0_glob_-1.csv,7646.690444052685,Glob+Loc,Econ,stan_models/master_model.stan,hindi/dinst2/econ_0_loc_0_glob_-1.csv,766.0816992504988,0.0775015491242641,1.8868341446166594,0.04107491341800462
NA,0,0,-1,dinst2,hindi,Econ+Glob+Loc,stan_models/master_neg.stan,hindi/dinst2/econ_0_loc_0_glob_-1.csv,7646.690444052685,Econ,Glob+Loc,stan_models/master_model.stan,hindi/dinst2/econ_0_loc_0_glob_-1.csv,3992.5098105880897,-5.886671978830021,2.6781400053807802,-2.198044899446192
NA,0,0,-1,dinst2,hindi,Econ+Glob+Loc,stan_models/master_neg.stan,hindi/dinst2/econ_0_loc_0_glob_-1.csv,7646.690444052685,Glob,Econ+Loc,stan_models/master_model.stan,hindi/dinst2/econ_0_loc_0_glob_-1.csv,1600.726896689972,-0.6613720244510741,1.3304765492919255,-0.4970940861776585
NA,0,0,-1,dinst2,hindi,Econ+Glob+Loc,stan_models/master_neg.stan,hindi/dinst2/econ_0_loc_0_glob_-1.csv,7646.690444052685,Loc,Econ+Glob,stan_models/master_model.stan,hindi/dinst2/econ_0_loc_0_glob_-1.csv,228.22357382485643,0.7081773925116988,1.3682549750693274,0.5175770637894567
Glob,0,0,1,dinst2,hindi,Econ+Loc,stan_models/master_model.stan,hindi/dinst2/econ_0_loc_0_glob_1.csv,7376.52044942975,Econ+Glob+Loc,NA,stan_models/master_pos.stan,hindi/dinst2/econ_0_loc_0_glob_1.csv,425.2344653378241,2.318303100582826,3.0605611235881836,0.7574764910641161
Glob,0,0,1,dinst2,hindi,Econ+Loc,stan_models/master_model.stan,hindi/dinst2/econ_0_loc_0_glob_1.csv,7376.52044942975,Econ+Glob,Loc,stan_models/master_model.stan,hindi/dinst2/econ_0_loc_0_glob_1.csv,2524.2114551006816,3.3996842453890253,3.0017950557127944,1.1325504180969976
Glob,0,0,1,dinst2,hindi,Econ+Loc,stan_models/master_model.stan,hindi/dinst2/econ_0_loc_0_glob_1.csv,7376.52044942975,Econ+Loc,Glob,stan_models/master_model.stan,hindi/dinst2/econ_0_loc_0_glob_1.csv,3899.0151451677084,4.852278182981593,3.6075812872375717,1.3450225501909954
Glob,0,0,1,dinst2,hindi,Econ+Loc,stan_models/master_model.stan,hindi/dinst2/econ_0_loc_0_glob_1.csv,7376.52044942975,Glob+Loc,Econ,stan_models/master_model.stan,hindi/dinst2/econ_0_loc_0_glob_1.csv,1138.1430433208589,0.35340912283330894,1.7991729735267727,0.19642865251613342
Glob,0,0,1,dinst2,hindi,Econ+Loc,stan_models/master_model.stan,hindi/dinst2/econ_0_loc_0_glob_1.csv,7376.52044942975,Econ,Glob+Loc,stan_models/master_model.stan,hindi/dinst2/econ_0_loc_0_glob_1.csv,4629.1708257663995,6.226635389783333,3.54868844718736,1.754630050637011
Glob,0,0,1,dinst2,hindi,Econ+Loc,stan_models/master_model.stan,hindi/dinst2/econ_0_loc_0_glob_1.csv,7376.52044942975,Loc,Econ+Glob,stan_models/master_model.stan,hindi/dinst2/econ_0_loc_0_glob_1.csv,6497.39880492189,4.967086302658593,3.1730307526263895,1.5654075519271988
Glob,0,0,1,dinst2,hindi,Econ+Loc,stan_models/master_model.stan,hindi/dinst2/econ_0_loc_0_glob_1.csv,7376.52044942975,NA,Econ+Glob+Loc,stan_models/master_neg.stan,hindi/dinst2/econ_0_loc_0_glob_1.csv,4910.760282170493,6.3679714202693045,3.1902314678043084,1.9960844485845695
Loc,0,1,-1,dinst2,hindi,Econ+Glob,stan_models/master_model.stan,hindi/dinst2/econ_0_loc_1_glob_-1.csv,3708.847828561673,Econ+Glob+Loc,NA,stan_models/master_pos.stan,hindi/dinst2/econ_0_loc_1_glob_-1.csv,1979.48848315957,-5.407554129134686,3.214156426315233,-1.6824178452739478
Loc,0,1,-1,dinst2,hindi,Econ+Glob,stan_models/master_model.stan,hindi/dinst2/econ_0_loc_1_glob_-1.csv,3708.847828561673,Econ+Glob,Loc,stan_models/master_model.stan,hindi/dinst2/econ_0_loc_1_glob_-1.csv,9598.80466557038,-3.0879156303498227,2.6706451852847275,-1.1562433105544152
Loc,0,1,-1,dinst2,hindi,Econ+Glob,stan_models/master_model.stan,hindi/dinst2/econ_0_loc_1_glob_-1.csv,3708.847828561673,Econ+Loc,Glob,stan_models/master_model.stan,hindi/dinst2/econ_0_loc_1_glob_-1.csv,9426.10537878098,-7.219213926962169,3.8832632556132256,-1.859058593703853
Loc,0,1,-1,dinst2,hindi,Econ+Glob,stan_models/master_model.stan,hindi/dinst2/econ_0_loc_1_glob_-1.csv,3708.847828561673,Glob+Loc,Econ,stan_models/master_model.stan,hindi/dinst2/econ_0_loc_1_glob_-1.csv,4808.659908962436,-0.9548818747855901,1.2893958621258534,-0.7405653320550112
Loc,0,1,-1,dinst2,hindi,Econ+Glob,stan_models/master_model.stan,hindi/dinst2/econ_0_loc_1_glob_-1.csv,3708.847828561673,Econ,Glob+Loc,stan_models/master_model.stan,hindi/dinst2/econ_0_loc_1_glob_-1.csv,5302.486037523719,-2.7950039285326707,2.670431166452924,-1.0466489320693533
Loc,0,1,-1,dinst2,hindi,Econ+Glob,stan_models/master_model.stan,hindi/dinst2/econ_0_loc_1_glob_-1.csv,3708.847828561673,Glob,Econ+Loc,stan_models/master_model.stan,hindi/dinst2/econ_0_loc_1_glob_-1.csv,799.3510420997627,-0.504448402615898,1.5908585663054309,-0.31709192338035175
Loc,0,1,-1,dinst2,hindi,Econ+Glob,stan_models/master_model.stan,hindi/dinst2/econ_0_loc_1_glob_-1.csv,3708.847828561673,NA,Econ+Glob+Loc,stan_models/master_neg.stan,hindi/dinst2/econ_0_loc_1_glob_-1.csv,4981.530879539903,0.42344366312694603,0.8819941384422565,0.4800980467679929
Loc,0,1,0,dinst2,hindi,Econ+Glob,stan_models/master_model.stan,hindi/dinst2/econ_0_loc_1_glob_0.csv,2650.6388169426937,Econ+Glob+Loc,NA,stan_models/master_pos.stan,hindi/dinst2/econ_0_loc_1_glob_0.csv,2942.377838490065,-2.6146720651481257,2.3678956505502966,-1.1042176054255086
Loc,0,1,0,dinst2,hindi,Econ+Glob,stan_models/master_model.stan,hindi/dinst2/econ_0_loc_1_glob_0.csv,2650.6388169426937,Econ+Glob,Loc,stan_models/master_model.stan,hindi/dinst2/econ_0_loc_1_glob_0.csv,1020.4881538350601,-2.6056417401218592,2.801466629258233,-0.930099153389443
Loc,0,1,0,dinst2,hindi,Econ+Glob,stan_models/master_model.stan,hindi/dinst2/econ_0_loc_1_glob_0.csv,2650.6388169426937,Econ+Loc,Glob,stan_models/master_model.stan,hindi/dinst2/econ_0_loc_1_glob_0.csv,4076.8737852945924,0.2258372892937679,1.1372071170035134,0.19858940901534136
Loc,0,1,0,dinst2,hindi,Econ+Glob,stan_models/master_model.stan,hindi/dinst2/econ_0_loc_1_glob_0.csv,2650.6388169426937,Glob+Loc,Econ,stan_models/master_model.stan,hindi/dinst2/econ_0_loc_1_glob_0.csv,4765.370846947189,-3.6722601370076227,2.280921056722819,-1.6099900196825976
Loc,0,1,0,dinst2,hindi,Econ+Glob,stan_models/master_model.stan,hindi/dinst2/econ_0_loc_1_glob_0.csv,2650.6388169426937,Econ,Glob+Loc,stan_models/master_model.stan,hindi/dinst2/econ_0_loc_1_glob_0.csv,172.78033560723998,0.4716058534502974,1.583776584359272,0.29777296754332866
Loc,0,1,0,dinst2,hindi,Econ+Glob,stan_models/master_model.stan,hindi/dinst2/econ_0_loc_1_glob_0.csv,2650.6388169426937,Glob,Econ+Loc,stan_models/master_model.stan,hindi/dinst2/econ_0_loc_1_glob_0.csv,6674.789707124466,-8.450152664703808,4.249001527314557,-1.9887384389914426
Loc,0,1,0,dinst2,hindi,Econ+Glob,stan_models/master_model.stan,hindi/dinst2/econ_0_loc_1_glob_0.csv,2650.6388169426937,NA,Econ+Glob+Loc,stan_models/master_neg.stan,hindi/dinst2/econ_0_loc_1_glob_0.csv,2501.729900149163,0.6321898899725689,1.8066545721965428,0.34992294581467676
Econ,1,-1,-1,dinst2,hindi,Glob+Loc,stan_models/master_model.stan,hindi/dinst2/econ_1_loc_-1_glob_-1.csv,5189.76597497263,Econ+Glob+Loc,NA,stan_models/master_pos.stan,hindi/dinst2/econ_1_loc_-1_glob_-1.csv,4622.515287036542,-1.2817381130061474,2.3325198666598377,-0.5495079083041607
Econ,1,-1,-1,dinst2,hindi,Glob+Loc,stan_models/master_model.stan,hindi/dinst2/econ_1_loc_-1_glob_-1.csv,5189.76597497263,Econ+Glob,Loc,stan_models/master_model.stan,hindi/dinst2/econ_1_loc_-1_glob_-1.csv,2667.301580067491,0.2679991349170212,1.7249976676936731,0.15536202740223806
Econ,1,-1,-1,dinst2,hindi,Glob+Loc,stan_models/master_model.stan,hindi/dinst2/econ_1_loc_-1_glob_-1.csv,5189.76597497263,Econ+Loc,Glob,stan_models/master_model.stan,hindi/dinst2/econ_1_loc_-1_glob_-1.csv,4658.820740517462,-2.495868094566571,1.8437504963202482,-1.353690805533513
Econ,1,-1,-1,dinst2,hindi,Glob+Loc,stan_models/master_model.stan,hindi/dinst2/econ_1_loc_-1_glob_-1.csv,5189.76597497263,Glob+Loc,Econ,stan_models/master_model.stan,hindi/dinst2/econ_1_loc_-1_glob_-1.csv,9371.865475248778,3.3344355513033666,3.010172550687206,1.1077223963596814
Econ,1,-1,-1,dinst2,hindi,Glob+Loc,stan_models/master_model.stan,hindi/dinst2/econ_1_loc_-1_glob_-1.csv,5189.76597497263,Glob,Econ+Loc,stan_models/master_model.stan,hindi/dinst2/econ_1_loc_-1_glob_-1.csv,7849.260421469342,3.3255778006060552,2.451953742766474,1.3562971203746668
Econ,1,-1,-1,dinst2,hindi,Glob+Loc,stan_models/master_model.stan,hindi/dinst2/econ_1_loc_-1_glob_-1.csv,5189.76597497263,Loc,Econ+Glob,stan_models/master_model.stan,hindi/dinst2/econ_1_loc_-1_glob_-1.csv,6015.256884344155,4.412165355726547,2.8791411118989,1.5324588772297307
Econ,1,-1,-1,dinst2,hindi,Glob+Loc,stan_models/master_model.stan,hindi/dinst2/econ_1_loc_-1_glob_-1.csv,5189.76597497263,NA,Econ+Glob+Loc,stan_models/master_neg.stan,hindi/dinst2/econ_1_loc_-1_glob_-1.csv,1268.9526172657497,4.168537279985353,2.2661141191742873,1.8395089835565117
Econ,1,-1,0,dinst2,hindi,Glob+Loc,stan_models/master_model.stan,hindi/dinst2/econ_1_loc_-1_glob_0.csv,6446.351090732031,Econ+Glob+Loc,NA,stan_models/master_pos.stan,hindi/dinst2/econ_1_loc_-1_glob_0.csv,3349.014109087875,-2.297714964052293,1.562650136870789,-1.4703962901468612
Econ,1,-1,0,dinst2,hindi,Glob+Loc,stan_models/master_model.stan,hindi/dinst2/econ_1_loc_-1_glob_0.csv,6446.351090732031,Econ+Glob,Loc,stan_models/master_model.stan,hindi/dinst2/econ_1_loc_-1_glob_0.csv,7664.141872376436,-1.6890465369045078,1.3687705170384727,-1.2339881052953985
Econ,1,-1,0,dinst2,hindi,Glob+Loc,stan_models/master_model.stan,hindi/dinst2/econ_1_loc_-1_glob_0.csv,6446.351090732031,Econ+Loc,Glob,stan_models/master_model.stan,hindi/dinst2/econ_1_loc_-1_glob_0.csv,8737.318467308301,-0.793535117265602,0.8256003806965471,-0.9611612782883021
Econ,1,-1,0,dinst2,hindi,Glob+Loc,stan_models/master_model.stan,hindi/dinst2/econ_1_loc_-1_glob_0.csv,6446.351090732031,Glob+Loc,Econ,stan_models/master_model.stan,hindi/dinst2/econ_1_loc_-1_glob_0.csv,5553.664729801239,-3.0483855929318455,2.107992813731099,-1.4461081523026036
Econ,1,-1,0,dinst2,hindi,Glob+Loc,stan_models/master_model.stan,hindi/dinst2/econ_1_loc_-1_glob_0.csv,6446.351090732031,Glob,Econ+Loc,stan_models/master_model.stan,hindi/dinst2/econ_1_loc_-1_glob_0.csv,9070.498747209553,-3.064771822344049,2.769323696462445,-1.1066860209440348
Econ,1,-1,0,dinst2,hindi,Glob+Loc,stan_models/master_model.stan,hindi/dinst2/econ_1_loc_-1_glob_0.csv,6446.351090732031,Loc,Econ+Glob,stan_models/master_model.stan,hindi/dinst2/econ_1_loc_-1_glob_0.csv,1358.7099749089684,-1.1663673317897416,1.2244045142796218,-0.9525996663577916
Econ,1,-1,0,dinst2,hindi,Glob+Loc,stan_models/master_model.stan,hindi/dinst2/econ_1_loc_-1_glob_0.csv,6446.351090732031,NA,Econ+Glob+Loc,stan_models/master_neg.stan,hindi/dinst2/econ_1_loc_-1_glob_0.csv,5988.526054948801,-0.3767920095320605,1.4021379047270226,-0.26872678376483716
Econ,1,0,-1,dinst2,hindi,Glob+Loc,stan_models/master_model.stan,hindi/dinst2/econ_1_loc_0_glob_-1.csv,3981.3413710154127,Econ+Glob+Loc,NA,stan_models/master_pos.stan,hindi/dinst2/econ_1_loc_0_glob_-1.csv,7044.612750435248,-3.758774889732905,2.534174987485669,-1.483234152453792
Econ,1,0,-1,dinst2,hindi,Glob+Loc,stan_models/master_model.stan,hindi/dinst2/econ_1_loc_0_glob_-1.csv,3981.3413710154127,Econ+Glob,Loc,stan_models/master_model.stan,hindi/dinst2/econ_1_loc_0_glob_-1.csv,408.38478118320927,-0.9987126487279951,1.419627365680227,-0.7035033790359861
Econ,1,0,-1,dinst2,hindi,Glob+Loc,stan_models/master_model.stan,hindi/dinst2/econ_1_loc_0_glob_-1.csv,3981.3413710154127,Econ+Loc,Glob,stan_models/master_model.stan,hindi/dinst2/econ_1_loc_0_glob_-1.csv,96.6013066333253,-4.197431894668249,2.652353497260994,-1.5825310988911587
Econ,1,0,-1,dinst2,hindi,Glob+Loc,stan_models/master_model.stan,hindi/dinst2/econ_1_loc_0_glob_-1.csv,3981.3413710154127,Glob+Loc,Econ,stan_models/master_model.stan,hindi/dinst2/econ_1_loc_0_glob_-1.csv,1080.03282916639,2.303798470383917,2.9463229108107076,0.7819232786504063
Econ,1,0,-1,dinst2,hindi,Glob+Loc,stan_models/master_model.stan,hindi/dinst2/econ_1_loc_0_glob_-1.csv,3981.3413710154127,Glob,Econ+Loc,stan_models/master_model.stan,hindi/dinst2/econ_1_loc_0_glob_-1.csv,2343.5264079002663,2.4921728465493587,2.334473692856671,1.0675523370322124
Econ,1,0,-1,dinst2,hindi,Glob+Loc,stan_models/master_model.stan,hindi/dinst2/econ_1_loc_0_glob_-1.csv,3981.3413710154127,Loc,Econ+Glob,stan_models/master_model.stan,hindi/dinst2/econ_1_loc_0_glob_-1.csv,8267.183162643574,4.045869087293044,2.9301212674294868,1.3807855436790066
Econ,1,0,-1,dinst2,hindi,Glob+Loc,stan_models/master_model.stan,hindi/dinst2/econ_1_loc_0_glob_-1.csv,3981.3413710154127,NA,Econ+Glob+Loc,stan_models/master_neg.stan,hindi/dinst2/econ_1_loc_0_glob_-1.csv,8757.368184085237,4.243774597107413,2.254540087423824,1.882323858768291
Econ,1,0,0,dinst2,hindi,Glob+Loc,stan_models/master_model.stan,hindi/dinst2/econ_1_loc_0_glob_0.csv,8687.039760063868,Econ+Glob,Loc,stan_models/master_model.stan,hindi/dinst2/econ_1_loc_0_glob_0.csv,6717.605059706606,-3.0313098212756753,1.852919575229395,-1.6359640546732275
Econ,1,0,0,dinst2,hindi,Glob+Loc,stan_models/master_model.stan,hindi/dinst2/econ_1_loc_0_glob_0.csv,8687.039760063868,Econ+Loc,Glob,stan_models/master_model.stan,hindi/dinst2/econ_1_loc_0_glob_0.csv,346.1291479484644,-1.1403445356928508,1.0291888368832003,-1.1080032107093922
Econ,1,0,0,dinst2,hindi,Glob+Loc,stan_models/master_model.stan,hindi/dinst2/econ_1_loc_0_glob_0.csv,8687.039760063868,Glob+Loc,Econ,stan_models/master_model.stan,hindi/dinst2/econ_1_loc_0_glob_0.csv,4201.924100911012,-2.992621720803937,2.332095223236235,-1.2832330734124542
Econ,1,0,0,dinst2,hindi,Glob+Loc,stan_models/master_model.stan,hindi/dinst2/econ_1_loc_0_glob_0.csv,8687.039760063868,Glob,Econ+Loc,stan_models/master_model.stan,hindi/dinst2/econ_1_loc_0_glob_0.csv,8582.45971608092,-2.4872185648522773,2.611112315951413,-0.9525513512604331
Econ,1,0,0,dinst2,hindi,Glob+Loc,stan_models/master_model.stan,hindi/dinst2/econ_1_loc_0_glob_0.csv,8687.039760063868,Loc,Econ+Glob,stan_models/master_model.stan,hindi/dinst2/econ_1_loc_0_glob_0.csv,8200.526560016908,1.0764549347645804,1.7110170198488157,0.6291316347394926
Econ,1,0,0,dinst2,hindi,Glob+Loc,stan_models/master_model.stan,hindi/dinst2/econ_1_loc_0_glob_0.csv,8687.039760063868,NA,Econ+Glob+Loc,stan_models/master_neg.stan,hindi/dinst2/econ_1_loc_0_glob_0.csv,588.5227520389017,1.8035647479801344,1.4052651695777643,1.2834337511702834
Econ+Loc,1,1,-1,dinst2,hindi,Glob,stan_models/master_model.stan,hindi/dinst2/econ_1_loc_1_glob_-1.csv,2866.0081239913125,Econ+Glob+Loc,NA,stan_models/master_pos.stan,hindi/dinst2/econ_1_loc_1_glob_-1.csv,7162.025950959651,-1.4962660252074453,1.1737402315216348,-1.2747846457198528
Econ+Loc,1,1,-1,dinst2,hindi,Glob,stan_models/master_model.stan,hindi/dinst2/econ_1_loc_1_glob_-1.csv,2866.0081239913125,Econ+Glob,Loc,stan_models/master_model.stan,hindi/dinst2/econ_1_loc_1_glob_-1.csv,7448.310123770963,-0.533623308950169,1.5739011987895901,-0.33904498539079353
Econ+Loc,1,1,-1,dinst2,hindi,Glob,stan_models/master_model.stan,hindi/dinst2/econ_1_loc_1_glob_-1.csv,2866.0081239913125,Glob+Loc,Econ,stan_models/master_model.stan,hindi/dinst2/econ_1_loc_1_glob_-1.csv,9183.755300354678,-1.9440796503674136,1.892581016405291,-1.027210794949184
Econ+Loc,1,1,-1,dinst2,hindi,Glob,stan_models/master_model.stan,hindi/dinst2/econ_1_loc_1_glob_-1.csv,2866.0081239913125,Econ,Glob+Loc,stan_models/master_model.stan,hindi/dinst2/econ_1_loc_1_glob_-1.csv,194.78832779428922,1.3378315930267295,1.037072743171048,1.2900074771380587
Econ+Loc,1,1,-1,dinst2,hindi,Glob,stan_models/master_model.stan,hindi/dinst2/econ_1_loc_1_glob_-1.csv,2866.0081239913125,Glob,Econ+Loc,stan_models/master_model.stan,hindi/dinst2/econ_1_loc_1_glob_-1.csv,5012.544472717913,-0.8227746138165131,2.700943933803658,-0.3046248400490951
Econ+Loc,1,1,-1,dinst2,hindi,Glob,stan_models/master_model.stan,hindi/dinst2/econ_1_loc_1_glob_-1.csv,2866.0081239913125,Loc,Econ+Glob,stan_models/master_model.stan,hindi/dinst2/econ_1_loc_1_glob_-1.csv,2987.5174699181225,0.30234347644946347,1.1118192030025036,0.27193582880469697
Econ+Loc,1,1,-1,dinst2,hindi,Glob,stan_models/master_model.stan,hindi/dinst2/econ_1_loc_1_glob_-1.csv,2866.0081239913125,NA,Econ+Glob+Loc,stan_models/master_neg.stan,hindi/dinst2/econ_1_loc_1_glob_-1.csv,9616.250087464228,1.5070033151389737,1.7481810455133426,0.8620407588828716
NA,-1,-1,-1,dinst1,hk,Econ+Glob+Loc,stan_models/master_neg.stan,hk/dinst1/econ_-1_loc_-1_glob_-1.csv,602.6430702120997,Econ+Glob+Loc,NA,stan_models/master_pos.stan,hk/dinst1/econ_-1_loc_-1_glob_-1.csv,1773.2646221553441,-12.852915358316846,4.598720308321152,-2.794889555483543
NA,-1,-1,-1,dinst1,hk,Econ+Glob+Loc,stan_models/master_neg.stan,hk/dinst1/econ_-1_loc_-1_glob_-1.csv,602.6430702120997,Econ+Glob,Loc,stan_models/master_model.stan,hk/dinst1/econ_-1_loc_-1_glob_-1.csv,9097.408167787362,-7.825321092816495,3.628634446653715,-2.1565470999794196
NA,-1,-1,-1,dinst1,hk,Econ+Glob+Loc,stan_models/master_neg.stan,hk/dinst1/econ_-1_loc_-1_glob_-1.csv,602.6430702120997,Econ+Loc,Glob,stan_models/master_model.stan,hk/dinst1/econ_-1_loc_-1_glob_-1.csv,2262.009851131588,-12.547697541343926,4.682602087441405,-2.6796420680280444
NA,-1,-1,-1,dinst1,hk,Econ+Glob+Loc,stan_models/master_neg.stan,hk/dinst1/econ_-1_loc_-1_glob_-1.csv,602.6430702120997,Glob+Loc,Econ,stan_models/master_model.stan,hk/dinst1/econ_-1_loc_-1_glob_-1.csv,4685.706596334232,-6.320492954291183,2.9690936630187603,-2.128761727194878
NA,-1,-1,-1,dinst1,hk,Econ+Glob+Loc,stan_models/master_neg.stan,hk/dinst1/econ_-1_loc_-1_glob_-1.csv,602.6430702120997,Econ,Glob+Loc,stan_models/master_model.stan,hk/dinst1/econ_-1_loc_-1_glob_-1.csv,9302.70129057276,-7.017720882228469,3.6554851201801393,-1.9197782651301398
NA,-1,-1,-1,dinst1,hk,Econ+Glob+Loc,stan_models/master_neg.stan,hk/dinst1/econ_-1_loc_-1_glob_-1.csv,602.6430702120997,Glob,Econ+Loc,stan_models/master_model.stan,hk/dinst1/econ_-1_loc_-1_glob_-1.csv,148.5198646923527,-3.6813863531336786,2.2724179812916447,-1.6200304624597164
NA,-1,-1,-1,dinst1,hk,Econ+Glob+Loc,stan_models/master_neg.stan,hk/dinst1/econ_-1_loc_-1_glob_-1.csv,602.6430702120997,Loc,Econ+Glob,stan_models/master_model.stan,hk/dinst1/econ_-1_loc_-1_glob_-1.csv,1100.968699224526,-2.601877394700111,1.8219477081200133,-1.4280746824423804
NA,-1,0,-1,dinst1,hk,Econ+Glob+Loc,stan_models/master_neg.stan,hk/dinst1/econ_-1_loc_0_glob_-1.csv,7469.634819370462,Econ+Glob+Loc,NA,stan_models/master_pos.stan,hk/dinst1/econ_-1_loc_0_glob_-1.csv,1553.5731091010384,-13.800028450101104,4.822030706791341,-2.861870711579079
NA,-1,0,-1,dinst1,hk,Econ+Glob+Loc,stan_models/master_neg.stan,hk/dinst1/econ_-1_loc_0_glob_-1.csv,7469.634819370462,Econ+Glob,Loc,stan_models/master_model.stan,hk/dinst1/econ_-1_loc_0_glob_-1.csv,294.42198828514665,-6.5331321433839005,3.4788583828389603,-1.877952886961862
NA,-1,0,-1,dinst1,hk,Econ+Glob+Loc,stan_models/master_neg.stan,hk/dinst1/econ_-1_loc_0_glob_-1.csv,7469.634819370462,Econ+Loc,Glob,stan_models/master_model.stan,hk/dinst1/econ_-1_loc_0_glob_-1.csv,4703.19056879892,-13.480027488339498,4.956574296256193,-2.7196258307922982
NA,-1,0,-1,dinst1,hk,Econ+Glob+Loc,stan_models/master_neg.stan,hk/dinst1/econ_-1_loc_0_glob_-1.csv,7469.634819370462,Glob+Loc,Econ,stan_models/master_model.stan,hk/dinst1/econ_-1_loc_0_glob_-1.csv,7589.4261983009055,-6.533748109763472,3.1577096824657325,-2.069141487592844
NA,-1,0,-1,dinst1,hk,Econ+Glob+Loc,stan_models/master_neg.stan,hk/dinst1/econ_-1_loc_0_glob_-1.csv,7469.634819370462,Econ,Glob+Loc,stan_models/master_model.stan,hk/dinst1/econ_-1_loc_0_glob_-1.csv,2844.261646640487,-6.158833093904427,3.5735134328982805,-1.7234671730083118
NA,-1,0,-1,dinst1,hk,Econ+Glob+Loc,stan_models/master_neg.stan,hk/dinst1/econ_-1_loc_0_glob_-1.csv,7469.634819370462,Glob,Econ+Loc,stan_models/master_model.stan,hk/dinst1/econ_-1_loc_0_glob_-1.csv,3848.343498675851,-2.600791239650018,2.011269646236513,-1.2931091783325113
NA,-1,0,-1,dinst1,hk,Econ+Glob+Loc,stan_models/master_neg.stan,hk/dinst1/econ_-1_loc_0_glob_-1.csv,7469.634819370462,Loc,Econ+Glob,stan_models/master_model.stan,hk/dinst1/econ_-1_loc_0_glob_-1.csv,4885.4039846812375,-3.4651681931668072,2.257994259910459,-1.5346222329653836
Loc,-1,1,-1,dinst1,hk,Econ+Glob,stan_models/master_model.stan,hk/dinst1/econ_-1_loc_1_glob_-1.csv,4841.105993767036,Econ+Glob+Loc,NA,stan_models/master_pos.stan,hk/dinst1/econ_-1_loc_1_glob_-1.csv,953.2783171089832,-11.771582919315703,4.580206513101355,-2.570098724946993
Loc,-1,1,-1,dinst1,hk,Econ+Glob,stan_models/master_model.stan,hk/dinst1/econ_-1_loc_1_glob_-1.csv,4841.105993767036,Econ+Glob,Loc,stan_models/master_model.stan,hk/dinst1/econ_-1_loc_1_glob_-1.csv,4067.3576959636994,-5.2915479803822265,4.837248291958125,-1.0939169670449562
Loc,-1,1,-1,dinst1,hk,Econ+Glob,stan_models/master_model.stan,hk/dinst1/econ_-1_loc_1_glob_-1.csv,4841.105993767036,Econ+Loc,Glob,stan_models/master_model.stan,hk/dinst1/econ_-1_loc_1_glob_-1.csv,499.64708708785474,-11.375559416312049,4.722454992265156,-2.4088232571710946
Loc,-1,1,-1,dinst1,hk,Econ+Glob,stan_models/master_model.stan,hk/dinst1/econ_-1_loc_1_glob_-1.csv,4841.105993767036,Glob+Loc,Econ,stan_models/master_model.stan,hk/dinst1/econ_-1_loc_1_glob_-1.csv,3432.0807182160206,-3.654358805257532,2.411057401672118,-1.5156664468971826
Loc,-1,1,-1,dinst1,hk,Econ+Glob,stan_models/master_model.stan,hk/dinst1/econ_-1_loc_1_glob_-1.csv,4841.105993767036,Econ,Glob+Loc,stan_models/master_model.stan,hk/dinst1/econ_-1_loc_1_glob_-1.csv,4809.8169755130075,-4.763217835145435,4.928594758126991,-0.9664454208354504
Loc,-1,1,-1,dinst1,hk,Econ+Glob,stan_models/master_model.stan,hk/dinst1/econ_-1_loc_1_glob_-1.csv,4841.105993767036,Glob,Econ+Loc,stan_models/master_model.stan,hk/dinst1/econ_-1_loc_1_glob_-1.csv,5128.7548414207995,-0.636873091336918,3.0909182086260176,-0.20604656880261557
Loc,-1,1,-1,dinst1,hk,Econ+Glob,stan_models/master_model.stan,hk/dinst1/econ_-1_loc_1_glob_-1.csv,4841.105993767036,NA,Econ+Glob+Loc,stan_models/master_neg.stan,hk/dinst1/econ_-1_loc_1_glob_-1.csv,9444.284632756142,2.717146281571601,1.9592172088643645,1.3868530090885434
NA,0,-1,-1,dinst1,hk,Econ+Glob+Loc,stan_models/master_neg.stan,hk/dinst1/econ_0_loc_-1_glob_-1.csv,2853.215832125861,Econ+Glob+Loc,NA,stan_models/master_pos.stan,hk/dinst1/econ_0_loc_-1_glob_-1.csv,8565.662841947982,-6.631446070423321,3.37358998216927,-1.965694143471223
NA,0,-1,-1,dinst1,hk,Econ+Glob+Loc,stan_models/master_neg.stan,hk/dinst1/econ_0_loc_-1_glob_-1.csv,2853.215832125861,Econ+Glob,Loc,stan_models/master_model.stan,hk/dinst1/econ_0_loc_-1_glob_-1.csv,5077.828494364163,-21.7568925816957,43.29586937891645,-0.5025165886215125
NA,0,-1,-1,dinst1,hk,Econ+Glob+Loc,stan_models/master_neg.stan,hk/dinst1/econ_0_loc_-1_glob_-1.csv,2853.215832125861,Econ+Loc,Glob,stan_models/master_model.stan,hk/dinst1/econ_0_loc_-1_glob_-1.csv,5719.18873775634,-27.34545056908823,43.288800934405366,-0.6316980368785042
NA,0,-1,-1,dinst1,hk,Econ+Glob+Loc,stan_models/master_neg.stan,hk/dinst1/econ_0_loc_-1_glob_-1.csv,2853.215832125861,Glob+Loc,Econ,stan_models/master_model.stan,hk/dinst1/econ_0_loc_-1_glob_-1.csv,6818.764146194328,-25.05875491849951,43.324313298548034,-0.5783993561725842
NA,0,-1,-1,dinst1,hk,Econ+Glob+Loc,stan_models/master_neg.stan,hk/dinst1/econ_0_loc_-1_glob_-1.csv,2853.215832125861,Econ,Glob+Loc,stan_models/master_model.stan,hk/dinst1/econ_0_loc_-1_glob_-1.csv,2351.910971976118,-21.410419605780667,43.27013942753313,-0.4948081954216456
NA,0,-1,-1,dinst1,hk,Econ+Glob+Loc,stan_models/master_neg.stan,hk/dinst1/econ_0_loc_-1_glob_-1.csv,2853.215832125861,Glob,Econ+Loc,stan_models/master_model.stan,hk/dinst1/econ_0_loc_-1_glob_-1.csv,4042.067438938422,-20.620073129474537,43.30331832236904,-0.4761776678629938
NA,0,-1,-1,dinst1,hk,Econ+Glob+Loc,stan_models/master_neg.stan,hk/dinst1/econ_0_loc_-1_glob_-1.csv,2853.215832125861,Loc,Econ+Glob,stan_models/master_model.stan,hk/dinst1/econ_0_loc_-1_glob_-1.csv,7484.8208109086845,-23.879761208176394,43.326745112515695,-0.5511552078551661
Glob,0,-1,1,dinst1,hk,Econ+Loc,stan_models/master_model.stan,hk/dinst1/econ_0_loc_-1_glob_1.csv,3737.650510766078,Econ+Glob,Loc,stan_models/master_model.stan,hk/dinst1/econ_0_loc_-1_glob_1.csv,5702.830004747957,0.1916257265078709,1.686489422364616,0.11362403105926018
Glob,0,-1,1,dinst1,hk,Econ+Loc,stan_models/master_model.stan,hk/dinst1/econ_0_loc_-1_glob_1.csv,3737.650510766078,Econ+Loc,Glob,stan_models/master_model.stan,hk/dinst1/econ_0_loc_-1_glob_1.csv,4702.567485507112,6.6087206541063495,4.092688982358962,1.6147624905269948
Glob,0,-1,1,dinst1,hk,Econ+Loc,stan_models/master_model.stan,hk/dinst1/econ_0_loc_-1_glob_1.csv,3737.650510766078,Glob+Loc,Econ,stan_models/master_model.stan,hk/dinst1/econ_0_loc_-1_glob_1.csv,6070.070229654666,-0.6304096831923189,0.9502521483211593,-0.6634130575827518
Glob,0,-1,1,dinst1,hk,Econ+Loc,stan_models/master_model.stan,hk/dinst1/econ_0_loc_-1_glob_1.csv,3737.650510766078,Econ,Glob+Loc,stan_models/master_model.stan,hk/dinst1/econ_0_loc_-1_glob_1.csv,8647.230872424087,7.290986626306356,3.975113452607864,1.8341581223356334
Glob,0,-1,1,dinst1,hk,Econ+Loc,stan_models/master_model.stan,hk/dinst1/econ_0_loc_-1_glob_1.csv,3737.650510766078,Loc,Econ+Glob,stan_models/master_model.stan,hk/dinst1/econ_0_loc_-1_glob_1.csv,2730.3871296374127,8.34389446221388,4.13435656076195,2.0181845323655696
NA,0,0,-1,dinst1,hk,Econ+Glob+Loc,stan_models/master_neg.stan,hk/dinst1/econ_0_loc_0_glob_-1.csv,5014.7719246544875,Econ+Glob+Loc,NA,stan_models/master_pos.stan,hk/dinst1/econ_0_loc_0_glob_-1.csv,2401.1293371440843,-9.7180768900076,3.9191927024635564,-2.4796119067834903
NA,0,0,-1,dinst1,hk,Econ+Glob+Loc,stan_models/master_neg.stan,hk/dinst1/econ_0_loc_0_glob_-1.csv,5014.7719246544875,Econ+Glob,Loc,stan_models/master_model.stan,hk/dinst1/econ_0_loc_0_glob_-1.csv,2429.9551278071012,-7.2744710370371735,3.3020353969329306,-2.203026364827587
NA,0,0,-1,dinst1,hk,Econ+Glob+Loc,stan_models/master_neg.stan,hk/dinst1/econ_0_loc_0_glob_-1.csv,5014.7719246544875,Econ+Loc,Glob,stan_models/master_model.stan,hk/dinst1/econ_0_loc_0_glob_-1.csv,7042.001680857968,-8.965746367447375,3.9006537958043577,-2.298524000538361
NA,0,0,-1,dinst1,hk,Econ+Glob+Loc,stan_models/master_neg.stan,hk/dinst1/econ_0_loc_0_glob_-1.csv,5014.7719246544875,Glob+Loc,Econ,stan_models/master_model.stan,hk/dinst1/econ_0_loc_0_glob_-1.csv,2910.9934250919614,-5.513099465914117,2.7373057790111326,-2.0140605073013638
NA,0,0,-1,dinst1,hk,Econ+Glob+Loc,stan_models/master_neg.stan,hk/dinst1/econ_0_loc_0_glob_-1.csv,5014.7719246544875,Econ,Glob+Loc,stan_models/master_model.stan,hk/dinst1/econ_0_loc_0_glob_-1.csv,4302.697451211046,-6.375409630304052,3.2264038031762925,-1.976011069670716
NA,0,0,-1,dinst1,hk,Econ+Glob+Loc,stan_models/master_neg.stan,hk/dinst1/econ_0_loc_0_glob_-1.csv,5014.7719246544875,Glob,Econ+Loc,stan_models/master_model.stan,hk/dinst1/econ_0_loc_0_glob_-1.csv,1811.212017060956,-4.0433069612034345,2.3243788713530797,-1.7395214743325056
NA,0,0,-1,dinst1,hk,Econ+Glob+Loc,stan_models/master_neg.stan,hk/dinst1/econ_0_loc_0_glob_-1.csv,5014.7719246544875,Loc,Econ+Glob,stan_models/master_model.stan,hk/dinst1/econ_0_loc_0_glob_-1.csv,144.3111150257755,-1.1087377151613822,1.3644771036122194,-0.8125733383331893
Loc,0,1,-1,dinst1,hk,Econ+Glob,stan_models/master_model.stan,hk/dinst1/econ_0_loc_1_glob_-1.csv,519.5485661060084,Econ+Glob+Loc,NA,stan_models/master_pos.stan,hk/dinst1/econ_0_loc_1_glob_-1.csv,1138.2571980820503,-7.975002477662034,3.6458953905300504,-2.187392018535838
Loc,0,1,-1,dinst1,hk,Econ+Glob,stan_models/master_model.stan,hk/dinst1/econ_0_loc_1_glob_-1.csv,519.5485661060084,Econ+Glob,Loc,stan_models/master_model.stan,hk/dinst1/econ_0_loc_1_glob_-1.csv,9078.359154825332,-6.701540833434054,3.5975622560576874,-1.8628005178089109
Loc,0,1,-1,dinst1,hk,Econ+Glob,stan_models/master_model.stan,hk/dinst1/econ_0_loc_1_glob_-1.csv,519.5485661060084,Econ+Loc,Glob,stan_models/master_model.stan,hk/dinst1/econ_0_loc_1_glob_-1.csv,5655.015300343046,-8.144128741342685,3.9784483566121156,-2.0470615705761963
Loc,0,1,-1,dinst1,hk,Econ+Glob,stan_models/master_model.stan,hk/dinst1/econ_0_loc_1_glob_-1.csv,519.5485661060084,Glob+Loc,Econ,stan_models/master_model.stan,hk/dinst1/econ_0_loc_1_glob_-1.csv,88.67044452601112,-1.6053168688737411,1.5533905059748103,-1.0334277586345522
Loc,0,1,-1,dinst1,hk,Econ+Glob,stan_models/master_model.stan,hk/dinst1/econ_0_loc_1_glob_-1.csv,519.5485661060084,Econ,Glob+Loc,stan_models/master_model.stan,hk/dinst1/econ_0_loc_1_glob_-1.csv,7598.167721246602,-6.808280457343063,3.87892285229089,-1.7551987282557309
Loc,0,1,-1,dinst1,hk,Econ+Glob,stan_models/master_model.stan,hk/dinst1/econ_0_loc_1_glob_-1.csv,519.5485661060084,Glob,Econ+Loc,stan_models/master_model.stan,hk/dinst1/econ_0_loc_1_glob_-1.csv,2423.904310852522,-1.0543539468243335,1.8935672591842538,-0.556808289597565
Loc,0,1,-1,dinst1,hk,Econ+Glob,stan_models/master_model.stan,hk/dinst1/econ_0_loc_1_glob_-1.csv,519.5485661060084,NA,Econ+Glob+Loc,stan_models/master_neg.stan,hk/dinst1/econ_0_loc_1_glob_-1.csv,6969.838241283549,0.7155217305550394,1.1490006825236665,0.6227339473667384
Econ,1,-1,-1,dinst1,hk,Glob+Loc,stan_models/master_model.stan,hk/dinst1/econ_1_loc_-1_glob_-1.csv,4380.147685200209,Econ+Glob+Loc,NA,stan_models/master_pos.stan,hk/dinst1/econ_1_loc_-1_glob_-1.csv,2652.0004350245,-26.243411389619062,42.970284842251225,-0.6107339405815343
Econ,1,-1,-1,dinst1,hk,Glob+Loc,stan_models/master_model.stan,hk/dinst1/econ_1_loc_-1_glob_-1.csv,4380.147685200209,Econ+Glob,Loc,stan_models/master_model.stan,hk/dinst1/econ_1_loc_-1_glob_-1.csv,2333.4856289804447,-0.2523399397494881,1.408080598175775,-0.17920844877516573
Econ,1,-1,-1,dinst1,hk,Glob+Loc,stan_models/master_model.stan,hk/dinst1/econ_1_loc_-1_glob_-1.csv,4380.147685200209,Econ+Loc,Glob,stan_models/master_model.stan,hk/dinst1/econ_1_loc_-1_glob_-1.csv,5079.442943567643,-3.095545046044913,2.1696364802993013,-1.4267574656644244
Econ,1,-1,-1,dinst1,hk,Glob+Loc,stan_models/master_model.stan,hk/dinst1/econ_1_loc_-1_glob_-1.csv,4380.147685200209,Glob+Loc,Econ,stan_models/master_model.stan,hk/dinst1/econ_1_loc_-1_glob_-1.csv,6228.793997464934,-0.0040233417835811025,3.3817424841696075,-0.0011897244696823924
Econ,1,-1,-1,dinst1,hk,Glob+Loc,stan_models/master_model.stan,hk/dinst1/econ_1_loc_-1_glob_-1.csv,4380.147685200209,Glob,Econ+Loc,stan_models/master_model.stan,hk/dinst1/econ_1_loc_-1_glob_-1.csv,745.2999243843369,2.303908017518957,2.773734678454672,0.8306158607796369
Econ,1,-1,-1,dinst1,hk,Glob+Loc,stan_models/master_model.stan,hk/dinst1/econ_1_loc_-1_glob_-1.csv,4380.147685200209,Loc,Econ+Glob,stan_models/master_model.stan,hk/dinst1/econ_1_loc_-1_glob_-1.csv,3147.2556445845403,1.8640913784423834,3.3411861716322417,0.5579130532351433
Econ,1,-1,-1,dinst1,hk,Glob+Loc,stan_models/master_model.stan,hk/dinst1/econ_1_loc_-1_glob_-1.csv,4380.147685200209,NA,Econ+Glob+Loc,stan_models/master_neg.stan,hk/dinst1/econ_1_loc_-1_glob_-1.csv,3237.2924292623065,-17.70354650310728,42.89083776647918,-0.41275823520852917
Econ,1,0,-1,dinst1,hk,Glob+Loc,stan_models/master_model.stan,hk/dinst1/econ_1_loc_0_glob_-1.csv,9352.85260562948,Econ+Glob+Loc,NA,stan_models/master_pos.stan,hk/dinst1/econ_1_loc_0_glob_-1.csv,5006.285346721299,-4.035723323982991,3.8366085130815755,-1.0518986522139278
Econ,1,0,-1,dinst1,hk,Glob+Loc,stan_models/master_model.stan,hk/dinst1/econ_1_loc_0_glob_-1.csv,9352.85260562948,Econ+Glob,Loc,stan_models/master_model.stan,hk/dinst1/econ_1_loc_0_glob_-1.csv,4331.265589311952,1.6740802543281053,2.306592558524061,0.7257806534324871
Econ,1,0,-1,dinst1,hk,Glob+Loc,stan_models/master_model.stan,hk/dinst1/econ_1_loc_0_glob_-1.csv,9352.85260562948,Econ+Loc,Glob,stan_models/master_model.stan,hk/dinst1/econ_1_loc_0_glob_-1.csv,5385.429517166922,-6.1940427084621135,3.187882554268555,-1.9429958924202926
Econ,1,0,-1,dinst1,hk,Glob+Loc,stan_models/master_model.stan,hk/dinst1/econ_1_loc_0_glob_-1.csv,9352.85260562948,Glob+Loc,Econ,stan_models/master_model.stan,hk/dinst1/econ_1_loc_0_glob_-1.csv,9071.759857697645,8.59559928747995,5.625053812640011,1.5280919212123538
Econ,1,0,-1,dinst1,hk,Glob+Loc,stan_models/master_model.stan,hk/dinst1/econ_1_loc_0_glob_-1.csv,9352.85260562948,Glob,Econ+Loc,stan_models/master_model.stan,hk/dinst1/econ_1_loc_0_glob_-1.csv,8289.223263621796,10.95720011482361,4.920613382418851,2.226795576741151
Econ,1,0,-1,dinst1,hk,Glob+Loc,stan_models/master_model.stan,hk/dinst1/econ_1_loc_0_glob_-1.csv,9352.85260562948,Loc,Econ+Glob,stan_models/master_model.stan,hk/dinst1/econ_1_loc_0_glob_-1.csv,1295.4022642590571,10.176294821553048,5.6142620182578975,1.8125792470068482
Econ,1,0,-1,dinst1,hk,Glob+Loc,stan_models/master_model.stan,hk/dinst1/econ_1_loc_0_glob_-1.csv,9352.85260562948,NA,Econ+Glob+Loc,stan_models/master_neg.stan,hk/dinst1/econ_1_loc_0_glob_-1.csv,9972.023974827724,12.172145446978586,4.920841697128368,2.4735901287135142
Econ+Loc,1,1,-1,dinst1,hk,Glob,stan_models/master_model.stan,hk/dinst1/econ_1_loc_1_glob_-1.csv,6979.126949993428,Econ+Glob+Loc,NA,stan_models/master_pos.stan,hk/dinst1/econ_1_loc_1_glob_-1.csv,3604.5311362650245,-3.00430539335448,1.8837435234557818,-1.594859043147761
Econ+Loc,1,1,-1,dinst1,hk,Glob,stan_models/master_model.stan,hk/dinst1/econ_1_loc_1_glob_-1.csv,6979.126949993428,Econ+Glob,Loc,stan_models/master_model.stan,hk/dinst1/econ_1_loc_1_glob_-1.csv,6420.304093381157,-1.9047328607841756,2.256593598413048,-0.844074388105896
Econ+Loc,1,1,-1,dinst1,hk,Glob,stan_models/master_model.stan,hk/dinst1/econ_1_loc_1_glob_-1.csv,6979.126949993428,Glob+Loc,Econ,stan_models/master_model.stan,hk/dinst1/econ_1_loc_1_glob_-1.csv,684.6205762424506,-2.44899979027303,2.6500669652256112,-0.924127511647441
Econ+Loc,1,1,-1,dinst1,hk,Glob,stan_models/master_model.stan,hk/dinst1/econ_1_loc_1_glob_-1.csv,6979.126949993428,Econ,Glob+Loc,stan_models/master_model.stan,hk/dinst1/econ_1_loc_1_glob_-1.csv,4423.028424057644,1.4261821128206176,1.3407709596457893,1.0637030154631277
Econ+Loc,1,1,-1,dinst1,hk,Glob,stan_models/master_model.stan,hk/dinst1/econ_1_loc_1_glob_-1.csv,6979.126949993428,Glob,Econ+Loc,stan_models/master_model.stan,hk/dinst1/econ_1_loc_1_glob_-1.csv,1934.9114097657148,-1.113093274363404,2.9434971052057914,-0.37815334433141334
Econ+Loc,1,1,-1,dinst1,hk,Glob,stan_models/master_model.stan,hk/dinst1/econ_1_loc_1_glob_-1.csv,6979.126949993428,Loc,Econ+Glob,stan_models/master_model.stan,hk/dinst1/econ_1_loc_1_glob_-1.csv,7553.1435715816915,2.6296687057111665,2.0481374281149827,1.283931766303104
