model_name,coef_econ,coef_loc,coef_glob,model_pos_vars,model_neg_vars,data_pos_vars,data_neg_vars,modelcorrect,stanfile,model_data_name,csv_filename,seed
econ_glob_loc,-1,-1,-1,Econ+Glob+Loc,,,Econ+Glob+Loc,no,stan_models/master_pos.stan,econ_-1_loc_-1_glob_-1_mod_econ_glob_loc,econ_-1_loc_-1_glob_-1.csv,4067.8374001863413
econ_glob,-1,-1,-1,Econ+Glob,Loc,,Econ+Glob+Loc,no,stan_models/master_model.stan,econ_-1_loc_-1_glob_-1_mod_econ_glob,econ_-1_loc_-1_glob_-1.csv,3943.4863214774523
econ_loc,-1,-1,-1,Econ+Loc,Glob,,Econ+Glob+Loc,no,stan_models/master_model.stan,econ_-1_loc_-1_glob_-1_mod_econ_loc,econ_-1_loc_-1_glob_-1.csv,7507.723046432715
glob_loc,-1,-1,-1,Glob+Loc,Econ,,Econ+Glob+Loc,no,stan_models/master_model.stan,econ_-1_loc_-1_glob_-1_mod_glob_loc,econ_-1_loc_-1_glob_-1.csv,3022.699797833571
econ,-1,-1,-1,Econ,Glob+Loc,,Econ+Glob+Loc,no,stan_models/master_model.stan,econ_-1_loc_-1_glob_-1_mod_econ,econ_-1_loc_-1_glob_-1.csv,9584.925500901649
glob,-1,-1,-1,Glob,Econ+Loc,,Econ+Glob+Loc,no,stan_models/master_model.stan,econ_-1_loc_-1_glob_-1_mod_glob,econ_-1_loc_-1_glob_-1.csv,7351.053621989908
loc,-1,-1,-1,Loc,Econ+Glob,,Econ+Glob+Loc,no,stan_models/master_model.stan,econ_-1_loc_-1_glob_-1_mod_loc,econ_-1_loc_-1_glob_-1.csv,5486.339928144356
none,-1,-1,-1,,Econ+Glob+Loc,,Econ+Glob+Loc,yes,stan_models/master_neg.stan,econ_-1_loc_-1_glob_-1_mod_none,econ_-1_loc_-1_glob_-1.csv,2837.8798660859466
econ_glob_loc,0,-1,-1,Econ+Glob+Loc,,,Econ+Glob+Loc,no,stan_models/master_pos.stan,econ_0_loc_-1_glob_-1_mod_econ_glob_loc,econ_0_loc_-1_glob_-1.csv,1325.88657223084
econ_glob,0,-1,-1,Econ+Glob,Loc,,Econ+Glob+Loc,no,stan_models/master_model.stan,econ_0_loc_-1_glob_-1_mod_econ_glob,econ_0_loc_-1_glob_-1.csv,8001.23085516179
econ_loc,0,-1,-1,Econ+Loc,Glob,,Econ+Glob+Loc,no,stan_models/master_model.stan,econ_0_loc_-1_glob_-1_mod_econ_loc,econ_0_loc_-1_glob_-1.csv,6200.996831203578
glob_loc,0,-1,-1,Glob+Loc,Econ,,Econ+Glob+Loc,no,stan_models/master_model.stan,econ_0_loc_-1_glob_-1_mod_glob_loc,econ_0_loc_-1_glob_-1.csv,6663.590983970324
econ,0,-1,-1,Econ,Glob+Loc,,Econ+Glob+Loc,no,stan_models/master_model.stan,econ_0_loc_-1_glob_-1_mod_econ,econ_0_loc_-1_glob_-1.csv,1013.0012460520957
glob,0,-1,-1,Glob,Econ+Loc,,Econ+Glob+Loc,no,stan_models/master_model.stan,econ_0_loc_-1_glob_-1_mod_glob,econ_0_loc_-1_glob_-1.csv,7828.522521478357
loc,0,-1,-1,Loc,Econ+Glob,,Econ+Glob+Loc,no,stan_models/master_model.stan,econ_0_loc_-1_glob_-1_mod_loc,econ_0_loc_-1_glob_-1.csv,1297.2770921988413
none,0,-1,-1,,Econ+Glob+Loc,,Econ+Glob+Loc,yes,stan_models/master_neg.stan,econ_0_loc_-1_glob_-1_mod_none,econ_0_loc_-1_glob_-1.csv,8842.486631573644
econ_glob_loc,1,-1,-1,Econ+Glob+Loc,,Econ,Glob+Loc,no,stan_models/master_pos.stan,econ_1_loc_-1_glob_-1_mod_econ_glob_loc,econ_1_loc_-1_glob_-1.csv,3982.769497503992
econ_glob,1,-1,-1,Econ+Glob,Loc,Econ,Glob+Loc,no,stan_models/master_model.stan,econ_1_loc_-1_glob_-1_mod_econ_glob,econ_1_loc_-1_glob_-1.csv,1307.2646909332834
econ_loc,1,-1,-1,Econ+Loc,Glob,Econ,Glob+Loc,no,stan_models/master_model.stan,econ_1_loc_-1_glob_-1_mod_econ_loc,econ_1_loc_-1_glob_-1.csv,2329.8910903171636
glob_loc,1,-1,-1,Glob+Loc,Econ,Econ,Glob+Loc,no,stan_models/master_model.stan,econ_1_loc_-1_glob_-1_mod_glob_loc,econ_1_loc_-1_glob_-1.csv,8546.302942692768
econ,1,-1,-1,Econ,Glob+Loc,Econ,Glob+Loc,yes,stan_models/master_model.stan,econ_1_loc_-1_glob_-1_mod_econ,econ_1_loc_-1_glob_-1.csv,8739.222109815106
glob,1,-1,-1,Glob,Econ+Loc,Econ,Glob+Loc,no,stan_models/master_model.stan,econ_1_loc_-1_glob_-1_mod_glob,econ_1_loc_-1_glob_-1.csv,4162.047768978868
loc,1,-1,-1,Loc,Econ+Glob,Econ,Glob+Loc,no,stan_models/master_model.stan,econ_1_loc_-1_glob_-1_mod_loc,econ_1_loc_-1_glob_-1.csv,7604.132434398867
none,1,-1,-1,,Econ+Glob+Loc,Econ,Glob+Loc,no,stan_models/master_neg.stan,econ_1_loc_-1_glob_-1_mod_none,econ_1_loc_-1_glob_-1.csv,1071.1641840895172
econ_glob_loc,-1,0,-1,Econ+Glob+Loc,,,Econ+Glob+Loc,no,stan_models/master_pos.stan,econ_-1_loc_0_glob_-1_mod_econ_glob_loc,econ_-1_loc_0_glob_-1.csv,2405.8259555874392
econ_glob,-1,0,-1,Econ+Glob,Loc,,Econ+Glob+Loc,no,stan_models/master_model.stan,econ_-1_loc_0_glob_-1_mod_econ_glob,econ_-1_loc_0_glob_-1.csv,3790.5707527589984
econ_loc,-1,0,-1,Econ+Loc,Glob,,Econ+Glob+Loc,no,stan_models/master_model.stan,econ_-1_loc_0_glob_-1_mod_econ_loc,econ_-1_loc_0_glob_-1.csv,9913.32643426396
glob_loc,-1,0,-1,Glob+Loc,Econ,,Econ+Glob+Loc,no,stan_models/master_model.stan,econ_-1_loc_0_glob_-1_mod_glob_loc,econ_-1_loc_0_glob_-1.csv,381.98211238719523
econ,-1,0,-1,Econ,Glob+Loc,,Econ+Glob+Loc,no,stan_models/master_model.stan,econ_-1_loc_0_glob_-1_mod_econ,econ_-1_loc_0_glob_-1.csv,3932.4718397404067
glob,-1,0,-1,Glob,Econ+Loc,,Econ+Glob+Loc,no,stan_models/master_model.stan,econ_-1_loc_0_glob_-1_mod_glob,econ_-1_loc_0_glob_-1.csv,4009.6713076091837
loc,-1,0,-1,Loc,Econ+Glob,,Econ+Glob+Loc,no,stan_models/master_model.stan,econ_-1_loc_0_glob_-1_mod_loc,econ_-1_loc_0_glob_-1.csv,5870.259098615497
none,-1,0,-1,,Econ+Glob+Loc,,Econ+Glob+Loc,yes,stan_models/master_neg.stan,econ_-1_loc_0_glob_-1_mod_none,econ_-1_loc_0_glob_-1.csv,570.3200450502336
econ_glob_loc,0,0,-1,Econ+Glob+Loc,,,Econ+Glob+Loc,no,stan_models/master_pos.stan,econ_0_loc_0_glob_-1_mod_econ_glob_loc,econ_0_loc_0_glob_-1.csv,8321.532809237484
econ_glob,0,0,-1,Econ+Glob,Loc,,Econ+Glob+Loc,no,stan_models/master_model.stan,econ_0_loc_0_glob_-1_mod_econ_glob,econ_0_loc_0_glob_-1.csv,6905.911258398322
econ_loc,0,0,-1,Econ+Loc,Glob,,Econ+Glob+Loc,no,stan_models/master_model.stan,econ_0_loc_0_glob_-1_mod_econ_loc,econ_0_loc_0_glob_-1.csv,5313.835098359035
glob_loc,0,0,-1,Glob+Loc,Econ,,Econ+Glob+Loc,no,stan_models/master_model.stan,econ_0_loc_0_glob_-1_mod_glob_loc,econ_0_loc_0_glob_-1.csv,8566.637434089324
econ,0,0,-1,Econ,Glob+Loc,,Econ+Glob+Loc,no,stan_models/master_model.stan,econ_0_loc_0_glob_-1_mod_econ,econ_0_loc_0_glob_-1.csv,5864.058693619445
glob,0,0,-1,Glob,Econ+Loc,,Econ+Glob+Loc,no,stan_models/master_model.stan,econ_0_loc_0_glob_-1_mod_glob,econ_0_loc_0_glob_-1.csv,2583.802191368304
loc,0,0,-1,Loc,Econ+Glob,,Econ+Glob+Loc,no,stan_models/master_model.stan,econ_0_loc_0_glob_-1_mod_loc,econ_0_loc_0_glob_-1.csv,4692.357881673612
none,0,0,-1,,Econ+Glob+Loc,,Econ+Glob+Loc,yes,stan_models/master_neg.stan,econ_0_loc_0_glob_-1_mod_none,econ_0_loc_0_glob_-1.csv,3413.1807275735773
econ_glob_loc,1,0,-1,Econ+Glob+Loc,,Econ,Glob+Loc,no,stan_models/master_pos.stan,econ_1_loc_0_glob_-1_mod_econ_glob_loc,econ_1_loc_0_glob_-1.csv,2000.8788281066809
econ_glob,1,0,-1,Econ+Glob,Loc,Econ,Glob+Loc,no,stan_models/master_model.stan,econ_1_loc_0_glob_-1_mod_econ_glob,econ_1_loc_0_glob_-1.csv,2948.1199528845027
econ_loc,1,0,-1,Econ+Loc,Glob,Econ,Glob+Loc,no,stan_models/master_model.stan,econ_1_loc_0_glob_-1_mod_econ_loc,econ_1_loc_0_glob_-1.csv,3314.5893619325943
glob_loc,1,0,-1,Glob+Loc,Econ,Econ,Glob+Loc,no,stan_models/master_model.stan,econ_1_loc_0_glob_-1_mod_glob_loc,econ_1_loc_0_glob_-1.csv,7027.99200438289
econ,1,0,-1,Econ,Glob+Loc,Econ,Glob+Loc,yes,stan_models/master_model.stan,econ_1_loc_0_glob_-1_mod_econ,econ_1_loc_0_glob_-1.csv,83.43048396799713
glob,1,0,-1,Glob,Econ+Loc,Econ,Glob+Loc,no,stan_models/master_model.stan,econ_1_loc_0_glob_-1_mod_glob,econ_1_loc_0_glob_-1.csv,7610.347641286906
loc,1,0,-1,Loc,Econ+Glob,Econ,Glob+Loc,no,stan_models/master_model.stan,econ_1_loc_0_glob_-1_mod_loc,econ_1_loc_0_glob_-1.csv,7918.928000845015
none,1,0,-1,,Econ+Glob+Loc,Econ,Glob+Loc,no,stan_models/master_neg.stan,econ_1_loc_0_glob_-1_mod_none,econ_1_loc_0_glob_-1.csv,3016.1663688924164
econ_glob_loc,-1,1,-1,Econ+Glob+Loc,,Loc,Econ+Glob,no,stan_models/master_pos.stan,econ_-1_loc_1_glob_-1_mod_econ_glob_loc,econ_-1_loc_1_glob_-1.csv,8156.507537506754
econ_glob,-1,1,-1,Econ+Glob,Loc,Loc,Econ+Glob,no,stan_models/master_model.stan,econ_-1_loc_1_glob_-1_mod_econ_glob,econ_-1_loc_1_glob_-1.csv,6623.625130623812
econ_loc,-1,1,-1,Econ+Loc,Glob,Loc,Econ+Glob,no,stan_models/master_model.stan,econ_-1_loc_1_glob_-1_mod_econ_loc,econ_-1_loc_1_glob_-1.csv,8759.862563629169
glob_loc,-1,1,-1,Glob+Loc,Econ,Loc,Econ+Glob,no,stan_models/master_model.stan,econ_-1_loc_1_glob_-1_mod_glob_loc,econ_-1_loc_1_glob_-1.csv,1369.2114330339245
econ,-1,1,-1,Econ,Glob+Loc,Loc,Econ+Glob,no,stan_models/master_model.stan,econ_-1_loc_1_glob_-1_mod_econ,econ_-1_loc_1_glob_-1.csv,4015.6723224131856
glob,-1,1,-1,Glob,Econ+Loc,Loc,Econ+Glob,no,stan_models/master_model.stan,econ_-1_loc_1_glob_-1_mod_glob,econ_-1_loc_1_glob_-1.csv,697.0125837882515
loc,-1,1,-1,Loc,Econ+Glob,Loc,Econ+Glob,yes,stan_models/master_model.stan,econ_-1_loc_1_glob_-1_mod_loc,econ_-1_loc_1_glob_-1.csv,5165.95387939387
none,-1,1,-1,,Econ+Glob+Loc,Loc,Econ+Glob,no,stan_models/master_neg.stan,econ_-1_loc_1_glob_-1_mod_none,econ_-1_loc_1_glob_-1.csv,8142.300584730459
econ_glob_loc,0,1,-1,Econ+Glob+Loc,,Loc,Econ+Glob,no,stan_models/master_pos.stan,econ_0_loc_1_glob_-1_mod_econ_glob_loc,econ_0_loc_1_glob_-1.csv,2955.289306771476
econ_glob,0,1,-1,Econ+Glob,Loc,Loc,Econ+Glob,no,stan_models/master_model.stan,econ_0_loc_1_glob_-1_mod_econ_glob,econ_0_loc_1_glob_-1.csv,5395.0039782873355
econ_loc,0,1,-1,Econ+Loc,Glob,Loc,Econ+Glob,no,stan_models/master_model.stan,econ_0_loc_1_glob_-1_mod_econ_loc,econ_0_loc_1_glob_-1.csv,5581.054897578666
glob_loc,0,1,-1,Glob+Loc,Econ,Loc,Econ+Glob,no,stan_models/master_model.stan,econ_0_loc_1_glob_-1_mod_glob_loc,econ_0_loc_1_glob_-1.csv,9125.94321232196
econ,0,1,-1,Econ,Glob+Loc,Loc,Econ+Glob,no,stan_models/master_model.stan,econ_0_loc_1_glob_-1_mod_econ,econ_0_loc_1_glob_-1.csv,2248.6653890963644
glob,0,1,-1,Glob,Econ+Loc,Loc,Econ+Glob,no,stan_models/master_model.stan,econ_0_loc_1_glob_-1_mod_glob,econ_0_loc_1_glob_-1.csv,6863.722248411039
loc,0,1,-1,Loc,Econ+Glob,Loc,Econ+Glob,yes,stan_models/master_model.stan,econ_0_loc_1_glob_-1_mod_loc,econ_0_loc_1_glob_-1.csv,7240.623780895956
none,0,1,-1,,Econ+Glob+Loc,Loc,Econ+Glob,no,stan_models/master_neg.stan,econ_0_loc_1_glob_-1_mod_none,econ_0_loc_1_glob_-1.csv,3579.532298181439
econ_glob_loc,1,1,-1,Econ+Glob+Loc,,Econ+Loc,Glob,no,stan_models/master_pos.stan,econ_1_loc_1_glob_-1_mod_econ_glob_loc,econ_1_loc_1_glob_-1.csv,1610.69979829574
econ_glob,1,1,-1,Econ+Glob,Loc,Econ+Loc,Glob,no,stan_models/master_model.stan,econ_1_loc_1_glob_-1_mod_econ_glob,econ_1_loc_1_glob_-1.csv,8185.899841601029
econ_loc,1,1,-1,Econ+Loc,Glob,Econ+Loc,Glob,yes,stan_models/master_model.stan,econ_1_loc_1_glob_-1_mod_econ_loc,econ_1_loc_1_glob_-1.csv,1268.064669039799
glob_loc,1,1,-1,Glob+Loc,Econ,Econ+Loc,Glob,no,stan_models/master_model.stan,econ_1_loc_1_glob_-1_mod_glob_loc,econ_1_loc_1_glob_-1.csv,7689.222013774561
econ,1,1,-1,Econ,Glob+Loc,Econ+Loc,Glob,no,stan_models/master_model.stan,econ_1_loc_1_glob_-1_mod_econ,econ_1_loc_1_glob_-1.csv,5442.069671571022
glob,1,1,-1,Glob,Econ+Loc,Econ+Loc,Glob,no,stan_models/master_model.stan,econ_1_loc_1_glob_-1_mod_glob,econ_1_loc_1_glob_-1.csv,8183.869949990651
loc,1,1,-1,Loc,Econ+Glob,Econ+Loc,Glob,no,stan_models/master_model.stan,econ_1_loc_1_glob_-1_mod_loc,econ_1_loc_1_glob_-1.csv,8557.5913176334
none,1,1,-1,,Econ+Glob+Loc,Econ+Loc,Glob,no,stan_models/master_neg.stan,econ_1_loc_1_glob_-1_mod_none,econ_1_loc_1_glob_-1.csv,4135.656219062395
econ_glob_loc,-1,-1,0,Econ+Glob+Loc,,,Econ+Glob+Loc,no,stan_models/master_pos.stan,econ_-1_loc_-1_glob_0_mod_econ_glob_loc,econ_-1_loc_-1_glob_0.csv,7394.725870952243
econ_glob,-1,-1,0,Econ+Glob,Loc,,Econ+Glob+Loc,no,stan_models/master_model.stan,econ_-1_loc_-1_glob_0_mod_econ_glob,econ_-1_loc_-1_glob_0.csv,4619.300559613621
econ_loc,-1,-1,0,Econ+Loc,Glob,,Econ+Glob+Loc,no,stan_models/master_model.stan,econ_-1_loc_-1_glob_0_mod_econ_loc,econ_-1_loc_-1_glob_0.csv,2921.8163156835362
glob_loc,-1,-1,0,Glob+Loc,Econ,,Econ+Glob+Loc,no,stan_models/master_model.stan,econ_-1_loc_-1_glob_0_mod_glob_loc,econ_-1_loc_-1_glob_0.csv,7556.800758705707
econ,-1,-1,0,Econ,Glob+Loc,,Econ+Glob+Loc,no,stan_models/master_model.stan,econ_-1_loc_-1_glob_0_mod_econ,econ_-1_loc_-1_glob_0.csv,7919.982534377836
glob,-1,-1,0,Glob,Econ+Loc,,Econ+Glob+Loc,no,stan_models/master_model.stan,econ_-1_loc_-1_glob_0_mod_glob,econ_-1_loc_-1_glob_0.csv,4169.928943011211
loc,-1,-1,0,Loc,Econ+Glob,,Econ+Glob+Loc,no,stan_models/master_model.stan,econ_-1_loc_-1_glob_0_mod_loc,econ_-1_loc_-1_glob_0.csv,2954.4354694799986
none,-1,-1,0,,Econ+Glob+Loc,,Econ+Glob+Loc,yes,stan_models/master_neg.stan,econ_-1_loc_-1_glob_0_mod_none,econ_-1_loc_-1_glob_0.csv,7105.0384875508025
econ_glob_loc,0,-1,0,Econ+Glob+Loc,,,Econ+Glob+Loc,no,stan_models/master_pos.stan,econ_0_loc_-1_glob_0_mod_econ_glob_loc,econ_0_loc_-1_glob_0.csv,7985.001034573186
econ_glob,0,-1,0,Econ+Glob,Loc,,Econ+Glob+Loc,no,stan_models/master_model.stan,econ_0_loc_-1_glob_0_mod_econ_glob,econ_0_loc_-1_glob_0.csv,6189.227799858199
econ_loc,0,-1,0,Econ+Loc,Glob,,Econ+Glob+Loc,no,stan_models/master_model.stan,econ_0_loc_-1_glob_0_mod_econ_loc,econ_0_loc_-1_glob_0.csv,5721.024626336992
glob_loc,0,-1,0,Glob+Loc,Econ,,Econ+Glob+Loc,no,stan_models/master_model.stan,econ_0_loc_-1_glob_0_mod_glob_loc,econ_0_loc_-1_glob_0.csv,7497.701492744731
econ,0,-1,0,Econ,Glob+Loc,,Econ+Glob+Loc,no,stan_models/master_model.stan,econ_0_loc_-1_glob_0_mod_econ,econ_0_loc_-1_glob_0.csv,870.6364999313373
glob,0,-1,0,Glob,Econ+Loc,,Econ+Glob+Loc,no,stan_models/master_model.stan,econ_0_loc_-1_glob_0_mod_glob,econ_0_loc_-1_glob_0.csv,2667.644915050594
loc,0,-1,0,Loc,Econ+Glob,,Econ+Glob+Loc,no,stan_models/master_model.stan,econ_0_loc_-1_glob_0_mod_loc,econ_0_loc_-1_glob_0.csv,3735.035171501804
none,0,-1,0,,Econ+Glob+Loc,,Econ+Glob+Loc,yes,stan_models/master_neg.stan,econ_0_loc_-1_glob_0_mod_none,econ_0_loc_-1_glob_0.csv,9769.844101064838
econ_glob_loc,1,-1,0,Econ+Glob+Loc,,Econ,Glob+Loc,no,stan_models/master_pos.stan,econ_1_loc_-1_glob_0_mod_econ_glob_loc,econ_1_loc_-1_glob_0.csv,757.6336881846655
econ_glob,1,-1,0,Econ+Glob,Loc,Econ,Glob+Loc,no,stan_models/master_model.stan,econ_1_loc_-1_glob_0_mod_econ_glob,econ_1_loc_-1_glob_0.csv,2945.5242648895364
econ_loc,1,-1,0,Econ+Loc,Glob,Econ,Glob+Loc,no,stan_models/master_model.stan,econ_1_loc_-1_glob_0_mod_econ_loc,econ_1_loc_-1_glob_0.csv,9435.012905015144
glob_loc,1,-1,0,Glob+Loc,Econ,Econ,Glob+Loc,no,stan_models/master_model.stan,econ_1_loc_-1_glob_0_mod_glob_loc,econ_1_loc_-1_glob_0.csv,1165.7983111678623
econ,1,-1,0,Econ,Glob+Loc,Econ,Glob+Loc,yes,stan_models/master_model.stan,econ_1_loc_-1_glob_0_mod_econ,econ_1_loc_-1_glob_0.csv,4357.419731594389
glob,1,-1,0,Glob,Econ+Loc,Econ,Glob+Loc,no,stan_models/master_model.stan,econ_1_loc_-1_glob_0_mod_glob,econ_1_loc_-1_glob_0.csv,7486.148427475477
loc,1,-1,0,Loc,Econ+Glob,Econ,Glob+Loc,no,stan_models/master_model.stan,econ_1_loc_-1_glob_0_mod_loc,econ_1_loc_-1_glob_0.csv,3847.263235273538
none,1,-1,0,,Econ+Glob+Loc,Econ,Glob+Loc,no,stan_models/master_neg.stan,econ_1_loc_-1_glob_0_mod_none,econ_1_loc_-1_glob_0.csv,8515.382931089494
econ_glob_loc,-1,0,0,Econ+Glob+Loc,,,Econ+Glob+Loc,no,stan_models/master_pos.stan,econ_-1_loc_0_glob_0_mod_econ_glob_loc,econ_-1_loc_0_glob_0.csv,7974.683182301233
econ_glob,-1,0,0,Econ+Glob,Loc,,Econ+Glob+Loc,no,stan_models/master_model.stan,econ_-1_loc_0_glob_0_mod_econ_glob,econ_-1_loc_0_glob_0.csv,3803.4034343734384
econ_loc,-1,0,0,Econ+Loc,Glob,,Econ+Glob+Loc,no,stan_models/master_model.stan,econ_-1_loc_0_glob_0_mod_econ_loc,econ_-1_loc_0_glob_0.csv,1688.7286540269852
glob_loc,-1,0,0,Glob+Loc,Econ,,Econ+Glob+Loc,no,stan_models/master_model.stan,econ_-1_loc_0_glob_0_mod_glob_loc,econ_-1_loc_0_glob_0.csv,9040.960205171723
econ,-1,0,0,Econ,Glob+Loc,,Econ+Glob+Loc,no,stan_models/master_model.stan,econ_-1_loc_0_glob_0_mod_econ,econ_-1_loc_0_glob_0.csv,5987.564546581125
glob,-1,0,0,Glob,Econ+Loc,,Econ+Glob+Loc,no,stan_models/master_model.stan,econ_-1_loc_0_glob_0_mod_glob,econ_-1_loc_0_glob_0.csv,5002.128876275616
loc,-1,0,0,Loc,Econ+Glob,,Econ+Glob+Loc,no,stan_models/master_model.stan,econ_-1_loc_0_glob_0_mod_loc,econ_-1_loc_0_glob_0.csv,987.5479819690809
none,-1,0,0,,Econ+Glob+Loc,,Econ+Glob+Loc,yes,stan_models/master_neg.stan,econ_-1_loc_0_glob_0_mod_none,econ_-1_loc_0_glob_0.csv,8921.787558363518
econ_glob_loc,0,0,0,Econ+Glob+Loc,,,Econ+Glob+Loc,no,stan_models/master_pos.stan,econ_0_loc_0_glob_0_mod_econ_glob_loc,econ_0_loc_0_glob_0.csv,7592.100628729444
econ_glob,0,0,0,Econ+Glob,Loc,,Econ+Glob+Loc,no,stan_models/master_model.stan,econ_0_loc_0_glob_0_mod_econ_glob,econ_0_loc_0_glob_0.csv,7525.059854380554
econ_loc,0,0,0,Econ+Loc,Glob,,Econ+Glob+Loc,no,stan_models/master_model.stan,econ_0_loc_0_glob_0_mod_econ_loc,econ_0_loc_0_glob_0.csv,8887.80329437484
glob_loc,0,0,0,Glob+Loc,Econ,,Econ+Glob+Loc,no,stan_models/master_model.stan,econ_0_loc_0_glob_0_mod_glob_loc,econ_0_loc_0_glob_0.csv,5810.634644857841
econ,0,0,0,Econ,Glob+Loc,,Econ+Glob+Loc,no,stan_models/master_model.stan,econ_0_loc_0_glob_0_mod_econ,econ_0_loc_0_glob_0.csv,7257.980489216978
glob,0,0,0,Glob,Econ+Loc,,Econ+Glob+Loc,no,stan_models/master_model.stan,econ_0_loc_0_glob_0_mod_glob,econ_0_loc_0_glob_0.csv,5201.289783340879
loc,0,0,0,Loc,Econ+Glob,,Econ+Glob+Loc,no,stan_models/master_model.stan,econ_0_loc_0_glob_0_mod_loc,econ_0_loc_0_glob_0.csv,1964.3484408101067
none,0,0,0,,Econ+Glob+Loc,,Econ+Glob+Loc,yes,stan_models/master_neg.stan,econ_0_loc_0_glob_0_mod_none,econ_0_loc_0_glob_0.csv,6465.703526183264
econ_glob_loc,1,0,0,Econ+Glob+Loc,,Econ,Glob+Loc,no,stan_models/master_pos.stan,econ_1_loc_0_glob_0_mod_econ_glob_loc,econ_1_loc_0_glob_0.csv,5847.752980159363
econ_glob,1,0,0,Econ+Glob,Loc,Econ,Glob+Loc,no,stan_models/master_model.stan,econ_1_loc_0_glob_0_mod_econ_glob,econ_1_loc_0_glob_0.csv,3089.4957542901393
econ_loc,1,0,0,Econ+Loc,Glob,Econ,Glob+Loc,no,stan_models/master_model.stan,econ_1_loc_0_glob_0_mod_econ_loc,econ_1_loc_0_glob_0.csv,4018.5137548737694
glob_loc,1,0,0,Glob+Loc,Econ,Econ,Glob+Loc,no,stan_models/master_model.stan,econ_1_loc_0_glob_0_mod_glob_loc,econ_1_loc_0_glob_0.csv,4481.835772869177
econ,1,0,0,Econ,Glob+Loc,Econ,Glob+Loc,yes,stan_models/master_model.stan,econ_1_loc_0_glob_0_mod_econ,econ_1_loc_0_glob_0.csv,2551.0389903455507
glob,1,0,0,Glob,Econ+Loc,Econ,Glob+Loc,no,stan_models/master_model.stan,econ_1_loc_0_glob_0_mod_glob,econ_1_loc_0_glob_0.csv,410.5729771426413
loc,1,0,0,Loc,Econ+Glob,Econ,Glob+Loc,no,stan_models/master_model.stan,econ_1_loc_0_glob_0_mod_loc,econ_1_loc_0_glob_0.csv,6779.494479978923
none,1,0,0,,Econ+Glob+Loc,Econ,Glob+Loc,no,stan_models/master_neg.stan,econ_1_loc_0_glob_0_mod_none,econ_1_loc_0_glob_0.csv,1681.5494849816896
econ_glob_loc,-1,1,0,Econ+Glob+Loc,,Loc,Econ+Glob,no,stan_models/master_pos.stan,econ_-1_loc_1_glob_0_mod_econ_glob_loc,econ_-1_loc_1_glob_0.csv,470.2921159819234
econ_glob,-1,1,0,Econ+Glob,Loc,Loc,Econ+Glob,no,stan_models/master_model.stan,econ_-1_loc_1_glob_0_mod_econ_glob,econ_-1_loc_1_glob_0.csv,6037.954230766278
econ_loc,-1,1,0,Econ+Loc,Glob,Loc,Econ+Glob,no,stan_models/master_model.stan,econ_-1_loc_1_glob_0_mod_econ_loc,econ_-1_loc_1_glob_0.csv,4156.674174667802
glob_loc,-1,1,0,Glob+Loc,Econ,Loc,Econ+Glob,no,stan_models/master_model.stan,econ_-1_loc_1_glob_0_mod_glob_loc,econ_-1_loc_1_glob_0.csv,220.23548999638297
econ,-1,1,0,Econ,Glob+Loc,Loc,Econ+Glob,no,stan_models/master_model.stan,econ_-1_loc_1_glob_0_mod_econ,econ_-1_loc_1_glob_0.csv,8226.525866779964
glob,-1,1,0,Glob,Econ+Loc,Loc,Econ+Glob,no,stan_models/master_model.stan,econ_-1_loc_1_glob_0_mod_glob,econ_-1_loc_1_glob_0.csv,6057.515953050461
loc,-1,1,0,Loc,Econ+Glob,Loc,Econ+Glob,yes,stan_models/master_model.stan,econ_-1_loc_1_glob_0_mod_loc,econ_-1_loc_1_glob_0.csv,6035.828343368834
none,-1,1,0,,Econ+Glob+Loc,Loc,Econ+Glob,no,stan_models/master_neg.stan,econ_-1_loc_1_glob_0_mod_none,econ_-1_loc_1_glob_0.csv,9083.174644707004
econ_glob_loc,0,1,0,Econ+Glob+Loc,,Loc,Econ+Glob,no,stan_models/master_pos.stan,econ_0_loc_1_glob_0_mod_econ_glob_loc,econ_0_loc_1_glob_0.csv,629.4247330946382
econ_glob,0,1,0,Econ+Glob,Loc,Loc,Econ+Glob,no,stan_models/master_model.stan,econ_0_loc_1_glob_0_mod_econ_glob,econ_0_loc_1_glob_0.csv,3684.2742643398233
econ_loc,0,1,0,Econ+Loc,Glob,Loc,Econ+Glob,no,stan_models/master_model.stan,econ_0_loc_1_glob_0_mod_econ_loc,econ_0_loc_1_glob_0.csv,8452.796620607842
glob_loc,0,1,0,Glob+Loc,Econ,Loc,Econ+Glob,no,stan_models/master_model.stan,econ_0_loc_1_glob_0_mod_glob_loc,econ_0_loc_1_glob_0.csv,5866.5075616524555
econ,0,1,0,Econ,Glob+Loc,Loc,Econ+Glob,no,stan_models/master_model.stan,econ_0_loc_1_glob_0_mod_econ,econ_0_loc_1_glob_0.csv,3526.4755332961213
glob,0,1,0,Glob,Econ+Loc,Loc,Econ+Glob,no,stan_models/master_model.stan,econ_0_loc_1_glob_0_mod_glob,econ_0_loc_1_glob_0.csv,5840.5854701066855
loc,0,1,0,Loc,Econ+Glob,Loc,Econ+Glob,yes,stan_models/master_model.stan,econ_0_loc_1_glob_0_mod_loc,econ_0_loc_1_glob_0.csv,2018.262123028282
none,0,1,0,,Econ+Glob+Loc,Loc,Econ+Glob,no,stan_models/master_neg.stan,econ_0_loc_1_glob_0_mod_none,econ_0_loc_1_glob_0.csv,1280.0607411074452
econ_glob_loc,1,1,0,Econ+Glob+Loc,,Econ+Loc,Glob,no,stan_models/master_pos.stan,econ_1_loc_1_glob_0_mod_econ_glob_loc,econ_1_loc_1_glob_0.csv,8855.204883714207
econ_glob,1,1,0,Econ+Glob,Loc,Econ+Loc,Glob,no,stan_models/master_model.stan,econ_1_loc_1_glob_0_mod_econ_glob,econ_1_loc_1_glob_0.csv,5203.109910863219
econ_loc,1,1,0,Econ+Loc,Glob,Econ+Loc,Glob,yes,stan_models/master_model.stan,econ_1_loc_1_glob_0_mod_econ_loc,econ_1_loc_1_glob_0.csv,8045.916689170292
glob_loc,1,1,0,Glob+Loc,Econ,Econ+Loc,Glob,no,stan_models/master_model.stan,econ_1_loc_1_glob_0_mod_glob_loc,econ_1_loc_1_glob_0.csv,1151.7883320432156
econ,1,1,0,Econ,Glob+Loc,Econ+Loc,Glob,no,stan_models/master_model.stan,econ_1_loc_1_glob_0_mod_econ,econ_1_loc_1_glob_0.csv,5704.33549312246
glob,1,1,0,Glob,Econ+Loc,Econ+Loc,Glob,no,stan_models/master_model.stan,econ_1_loc_1_glob_0_mod_glob,econ_1_loc_1_glob_0.csv,2228.98777530808
loc,1,1,0,Loc,Econ+Glob,Econ+Loc,Glob,no,stan_models/master_model.stan,econ_1_loc_1_glob_0_mod_loc,econ_1_loc_1_glob_0.csv,53.8015544724185
none,1,1,0,,Econ+Glob+Loc,Econ+Loc,Glob,no,stan_models/master_neg.stan,econ_1_loc_1_glob_0_mod_none,econ_1_loc_1_glob_0.csv,4340.704379614908
econ_glob_loc,-1,-1,1,Econ+Glob+Loc,,Glob,Econ+Loc,no,stan_models/master_pos.stan,econ_-1_loc_-1_glob_1_mod_econ_glob_loc,econ_-1_loc_-1_glob_1.csv,421.3293523432221
econ_glob,-1,-1,1,Econ+Glob,Loc,Glob,Econ+Loc,no,stan_models/master_model.stan,econ_-1_loc_-1_glob_1_mod_econ_glob,econ_-1_loc_-1_glob_1.csv,125.84914677613415
econ_loc,-1,-1,1,Econ+Loc,Glob,Glob,Econ+Loc,no,stan_models/master_model.stan,econ_-1_loc_-1_glob_1_mod_econ_loc,econ_-1_loc_-1_glob_1.csv,7085.8632650624495
glob_loc,-1,-1,1,Glob+Loc,Econ,Glob,Econ+Loc,no,stan_models/master_model.stan,econ_-1_loc_-1_glob_1_mod_glob_loc,econ_-1_loc_-1_glob_1.csv,7976.349861836061
econ,-1,-1,1,Econ,Glob+Loc,Glob,Econ+Loc,no,stan_models/master_model.stan,econ_-1_loc_-1_glob_1_mod_econ,econ_-1_loc_-1_glob_1.csv,9500.354260130087
glob,-1,-1,1,Glob,Econ+Loc,Glob,Econ+Loc,yes,stan_models/master_model.stan,econ_-1_loc_-1_glob_1_mod_glob,econ_-1_loc_-1_glob_1.csv,8847.414243808249
loc,-1,-1,1,Loc,Econ+Glob,Glob,Econ+Loc,no,stan_models/master_model.stan,econ_-1_loc_-1_glob_1_mod_loc,econ_-1_loc_-1_glob_1.csv,5606.585537516046
none,-1,-1,1,,Econ+Glob+Loc,Glob,Econ+Loc,no,stan_models/master_neg.stan,econ_-1_loc_-1_glob_1_mod_none,econ_-1_loc_-1_glob_1.csv,2491.6227385385428
econ_glob_loc,0,-1,1,Econ+Glob+Loc,,Glob,Econ+Loc,no,stan_models/master_pos.stan,econ_0_loc_-1_glob_1_mod_econ_glob_loc,econ_0_loc_-1_glob_1.csv,1338.1529895178974
econ_glob,0,-1,1,Econ+Glob,Loc,Glob,Econ+Loc,no,stan_models/master_model.stan,econ_0_loc_-1_glob_1_mod_econ_glob,econ_0_loc_-1_glob_1.csv,5346.515766844386
econ_loc,0,-1,1,Econ+Loc,Glob,Glob,Econ+Loc,no,stan_models/master_model.stan,econ_0_loc_-1_glob_1_mod_econ_loc,econ_0_loc_-1_glob_1.csv,4385.769759463379
glob_loc,0,-1,1,Glob+Loc,Econ,Glob,Econ+Loc,no,stan_models/master_model.stan,econ_0_loc_-1_glob_1_mod_glob_loc,econ_0_loc_-1_glob_1.csv,8972.328162248246
econ,0,-1,1,Econ,Glob+Loc,Glob,Econ+Loc,no,stan_models/master_model.stan,econ_0_loc_-1_glob_1_mod_econ,econ_0_loc_-1_glob_1.csv,8152.044059338514
glob,0,-1,1,Glob,Econ+Loc,Glob,Econ+Loc,yes,stan_models/master_model.stan,econ_0_loc_-1_glob_1_mod_glob,econ_0_loc_-1_glob_1.csv,7725.13327084831
loc,0,-1,1,Loc,Econ+Glob,Glob,Econ+Loc,no,stan_models/master_model.stan,econ_0_loc_-1_glob_1_mod_loc,econ_0_loc_-1_glob_1.csv,8762.55263871234
none,0,-1,1,,Econ+Glob+Loc,Glob,Econ+Loc,no,stan_models/master_neg.stan,econ_0_loc_-1_glob_1_mod_none,econ_0_loc_-1_glob_1.csv,8179.439225489972
econ_glob_loc,1,-1,1,Econ+Glob+Loc,,Econ+Glob,Loc,no,stan_models/master_pos.stan,econ_1_loc_-1_glob_1_mod_econ_glob_loc,econ_1_loc_-1_glob_1.csv,792.832852728432
econ_glob,1,-1,1,Econ+Glob,Loc,Econ+Glob,Loc,yes,stan_models/master_model.stan,econ_1_loc_-1_glob_1_mod_econ_glob,econ_1_loc_-1_glob_1.csv,7391.037245522253
econ_loc,1,-1,1,Econ+Loc,Glob,Econ+Glob,Loc,no,stan_models/master_model.stan,econ_1_loc_-1_glob_1_mod_econ_loc,econ_1_loc_-1_glob_1.csv,4722.440899597947
glob_loc,1,-1,1,Glob+Loc,Econ,Econ+Glob,Loc,no,stan_models/master_model.stan,econ_1_loc_-1_glob_1_mod_glob_loc,econ_1_loc_-1_glob_1.csv,1152.775784463156
econ,1,-1,1,Econ,Glob+Loc,Econ+Glob,Loc,no,stan_models/master_model.stan,econ_1_loc_-1_glob_1_mod_econ,econ_1_loc_-1_glob_1.csv,3274.4373604767025
glob,1,-1,1,Glob,Econ+Loc,Econ+Glob,Loc,no,stan_models/master_model.stan,econ_1_loc_-1_glob_1_mod_glob,econ_1_loc_-1_glob_1.csv,2316.080350059783
loc,1,-1,1,Loc,Econ+Glob,Econ+Glob,Loc,no,stan_models/master_model.stan,econ_1_loc_-1_glob_1_mod_loc,econ_1_loc_-1_glob_1.csv,4821.4296930122655
none,1,-1,1,,Econ+Glob+Loc,Econ+Glob,Loc,no,stan_models/master_neg.stan,econ_1_loc_-1_glob_1_mod_none,econ_1_loc_-1_glob_1.csv,3524.522849918809
econ_glob_loc,-1,0,1,Econ+Glob+Loc,,Glob,Econ+Loc,no,stan_models/master_pos.stan,econ_-1_loc_0_glob_1_mod_econ_glob_loc,econ_-1_loc_0_glob_1.csv,4173.54051851714
econ_glob,-1,0,1,Econ+Glob,Loc,Glob,Econ+Loc,no,stan_models/master_model.stan,econ_-1_loc_0_glob_1_mod_econ_glob,econ_-1_loc_0_glob_1.csv,6550.788903386099
econ_loc,-1,0,1,Econ+Loc,Glob,Glob,Econ+Loc,no,stan_models/master_model.stan,econ_-1_loc_0_glob_1_mod_econ_loc,econ_-1_loc_0_glob_1.csv,167.20634072017856
glob_loc,-1,0,1,Glob+Loc,Econ,Glob,Econ+Loc,no,stan_models/master_model.stan,econ_-1_loc_0_glob_1_mod_glob_loc,econ_-1_loc_0_glob_1.csv,6426.916402112227
econ,-1,0,1,Econ,Glob+Loc,Glob,Econ+Loc,no,stan_models/master_model.stan,econ_-1_loc_0_glob_1_mod_econ,econ_-1_loc_0_glob_1.csv,1244.694027434336
glob,-1,0,1,Glob,Econ+Loc,Glob,Econ+Loc,yes,stan_models/master_model.stan,econ_-1_loc_0_glob_1_mod_glob,econ_-1_loc_0_glob_1.csv,3246.0642078525852
loc,-1,0,1,Loc,Econ+Glob,Glob,Econ+Loc,no,stan_models/master_model.stan,econ_-1_loc_0_glob_1_mod_loc,econ_-1_loc_0_glob_1.csv,7062.3938316535205
none,-1,0,1,,Econ+Glob+Loc,Glob,Econ+Loc,no,stan_models/master_neg.stan,econ_-1_loc_0_glob_1_mod_none,econ_-1_loc_0_glob_1.csv,1715.290849410696
econ_glob_loc,0,0,1,Econ+Glob+Loc,,Glob,Econ+Loc,no,stan_models/master_pos.stan,econ_0_loc_0_glob_1_mod_econ_glob_loc,econ_0_loc_0_glob_1.csv,4611.077708186582
econ_glob,0,0,1,Econ+Glob,Loc,Glob,Econ+Loc,no,stan_models/master_model.stan,econ_0_loc_0_glob_1_mod_econ_glob,econ_0_loc_0_glob_1.csv,6486.01814514352
econ_loc,0,0,1,Econ+Loc,Glob,Glob,Econ+Loc,no,stan_models/master_model.stan,econ_0_loc_0_glob_1_mod_econ_loc,econ_0_loc_0_glob_1.csv,4926.628988277866
glob_loc,0,0,1,Glob+Loc,Econ,Glob,Econ+Loc,no,stan_models/master_model.stan,econ_0_loc_0_glob_1_mod_glob_loc,econ_0_loc_0_glob_1.csv,8226.94108801987
econ,0,0,1,Econ,Glob+Loc,Glob,Econ+Loc,no,stan_models/master_model.stan,econ_0_loc_0_glob_1_mod_econ,econ_0_loc_0_glob_1.csv,4637.7413726584055
glob,0,0,1,Glob,Econ+Loc,Glob,Econ+Loc,yes,stan_models/master_model.stan,econ_0_loc_0_glob_1_mod_glob,econ_0_loc_0_glob_1.csv,490.0869156832341
loc,0,0,1,Loc,Econ+Glob,Glob,Econ+Loc,no,stan_models/master_model.stan,econ_0_loc_0_glob_1_mod_loc,econ_0_loc_0_glob_1.csv,6717.583869580645
none,0,0,1,,Econ+Glob+Loc,Glob,Econ+Loc,no,stan_models/master_neg.stan,econ_0_loc_0_glob_1_mod_none,econ_0_loc_0_glob_1.csv,6227.588225286454
econ_glob_loc,1,0,1,Econ+Glob+Loc,,Econ+Glob,Loc,no,stan_models/master_pos.stan,econ_1_loc_0_glob_1_mod_econ_glob_loc,econ_1_loc_0_glob_1.csv,6784.090721200686
econ_glob,1,0,1,Econ+Glob,Loc,Econ+Glob,Loc,yes,stan_models/master_model.stan,econ_1_loc_0_glob_1_mod_econ_glob,econ_1_loc_0_glob_1.csv,193.7475508484058
econ_loc,1,0,1,Econ+Loc,Glob,Econ+Glob,Loc,no,stan_models/master_model.stan,econ_1_loc_0_glob_1_mod_econ_loc,econ_1_loc_0_glob_1.csv,1386.9079609469045
glob_loc,1,0,1,Glob+Loc,Econ,Econ+Glob,Loc,no,stan_models/master_model.stan,econ_1_loc_0_glob_1_mod_glob_loc,econ_1_loc_0_glob_1.csv,8681.15110042016
econ,1,0,1,Econ,Glob+Loc,Econ+Glob,Loc,no,stan_models/master_model.stan,econ_1_loc_0_glob_1_mod_econ,econ_1_loc_0_glob_1.csv,5609.049409983447
glob,1,0,1,Glob,Econ+Loc,Econ+Glob,Loc,no,stan_models/master_model.stan,econ_1_loc_0_glob_1_mod_glob,econ_1_loc_0_glob_1.csv,3805.3384453440085
loc,1,0,1,Loc,Econ+Glob,Econ+Glob,Loc,no,stan_models/master_model.stan,econ_1_loc_0_glob_1_mod_loc,econ_1_loc_0_glob_1.csv,689.0763577993494
none,1,0,1,,Econ+Glob+Loc,Econ+Glob,Loc,no,stan_models/master_neg.stan,econ_1_loc_0_glob_1_mod_none,econ_1_loc_0_glob_1.csv,565.5639629508369
econ_glob_loc,-1,1,1,Econ+Glob+Loc,,Glob+Loc,Econ,no,stan_models/master_pos.stan,econ_-1_loc_1_glob_1_mod_econ_glob_loc,econ_-1_loc_1_glob_1.csv,9738.650934257312
econ_glob,-1,1,1,Econ+Glob,Loc,Glob+Loc,Econ,no,stan_models/master_model.stan,econ_-1_loc_1_glob_1_mod_econ_glob,econ_-1_loc_1_glob_1.csv,4891.389692401281
econ_loc,-1,1,1,Econ+Loc,Glob,Glob+Loc,Econ,no,stan_models/master_model.stan,econ_-1_loc_1_glob_1_mod_econ_loc,econ_-1_loc_1_glob_1.csv,4734.0038312431425
glob_loc,-1,1,1,Glob+Loc,Econ,Glob+Loc,Econ,yes,stan_models/master_model.stan,econ_-1_loc_1_glob_1_mod_glob_loc,econ_-1_loc_1_glob_1.csv,9148.64268194721
econ,-1,1,1,Econ,Glob+Loc,Glob+Loc,Econ,no,stan_models/master_model.stan,econ_-1_loc_1_glob_1_mod_econ,econ_-1_loc_1_glob_1.csv,2546.168283214094
glob,-1,1,1,Glob,Econ+Loc,Glob+Loc,Econ,no,stan_models/master_model.stan,econ_-1_loc_1_glob_1_mod_glob,econ_-1_loc_1_glob_1.csv,8613.180144262034
loc,-1,1,1,Loc,Econ+Glob,Glob+Loc,Econ,no,stan_models/master_model.stan,econ_-1_loc_1_glob_1_mod_loc,econ_-1_loc_1_glob_1.csv,9288.893721151631
none,-1,1,1,,Econ+Glob+Loc,Glob+Loc,Econ,no,stan_models/master_neg.stan,econ_-1_loc_1_glob_1_mod_none,econ_-1_loc_1_glob_1.csv,7593.237790250685
econ_glob_loc,0,1,1,Econ+Glob+Loc,,Glob+Loc,Econ,no,stan_models/master_pos.stan,econ_0_loc_1_glob_1_mod_econ_glob_loc,econ_0_loc_1_glob_1.csv,7614.458528051386
econ_glob,0,1,1,Econ+Glob,Loc,Glob+Loc,Econ,no,stan_models/master_model.stan,econ_0_loc_1_glob_1_mod_econ_glob,econ_0_loc_1_glob_1.csv,8609.334050261416
econ_loc,0,1,1,Econ+Loc,Glob,Glob+Loc,Econ,no,stan_models/master_model.stan,econ_0_loc_1_glob_1_mod_econ_loc,econ_0_loc_1_glob_1.csv,8517.392673222814
glob_loc,0,1,1,Glob+Loc,Econ,Glob+Loc,Econ,yes,stan_models/master_model.stan,econ_0_loc_1_glob_1_mod_glob_loc,econ_0_loc_1_glob_1.csv,7104.994130764389
econ,0,1,1,Econ,Glob+Loc,Glob+Loc,Econ,no,stan_models/master_model.stan,econ_0_loc_1_glob_1_mod_econ,econ_0_loc_1_glob_1.csv,3527.7257809927687
glob,0,1,1,Glob,Econ+Loc,Glob+Loc,Econ,no,stan_models/master_model.stan,econ_0_loc_1_glob_1_mod_glob,econ_0_loc_1_glob_1.csv,3942.8157827332616
loc,0,1,1,Loc,Econ+Glob,Glob+Loc,Econ,no,stan_models/master_model.stan,econ_0_loc_1_glob_1_mod_loc,econ_0_loc_1_glob_1.csv,717.3818682448473
none,0,1,1,,Econ+Glob+Loc,Glob+Loc,Econ,no,stan_models/master_neg.stan,econ_0_loc_1_glob_1_mod_none,econ_0_loc_1_glob_1.csv,7813.269676978467
econ_glob_loc,1,1,1,Econ+Glob+Loc,,Econ+Glob+Loc,,yes,stan_models/master_pos.stan,econ_1_loc_1_glob_1_mod_econ_glob_loc,econ_1_loc_1_glob_1.csv,3534.827048039064
econ_glob,1,1,1,Econ+Glob,Loc,Econ+Glob+Loc,,no,stan_models/master_model.stan,econ_1_loc_1_glob_1_mod_econ_glob,econ_1_loc_1_glob_1.csv,5555.081220577937
econ_loc,1,1,1,Econ+Loc,Glob,Econ+Glob+Loc,,no,stan_models/master_model.stan,econ_1_loc_1_glob_1_mod_econ_loc,econ_1_loc_1_glob_1.csv,6913.925689035794
glob_loc,1,1,1,Glob+Loc,Econ,Econ+Glob+Loc,,no,stan_models/master_model.stan,econ_1_loc_1_glob_1_mod_glob_loc,econ_1_loc_1_glob_1.csv,4790.130393985193
econ,1,1,1,Econ,Glob+Loc,Econ+Glob+Loc,,no,stan_models/master_model.stan,econ_1_loc_1_glob_1_mod_econ,econ_1_loc_1_glob_1.csv,3979.5441820023116
glob,1,1,1,Glob,Econ+Loc,Econ+Glob+Loc,,no,stan_models/master_model.stan,econ_1_loc_1_glob_1_mod_glob,econ_1_loc_1_glob_1.csv,2863.835479563568
loc,1,1,1,Loc,Econ+Glob,Econ+Glob+Loc,,no,stan_models/master_model.stan,econ_1_loc_1_glob_1_mod_loc,econ_1_loc_1_glob_1.csv,3700.5454501402564
none,1,1,1,,Econ+Glob+Loc,Econ+Glob+Loc,,no,stan_models/master_neg.stan,econ_1_loc_1_glob_1_mod_none,econ_1_loc_1_glob_1.csv,2381.6134732537903
econ_glob_loc,-1,-1,-1,Econ+Glob+Loc,,,Econ+Glob+Loc,no,stan_models/master_pos.stan,econ_-1_loc_-1_glob_-1_mod_econ_glob_loc,econ_-1_loc_-1_glob_-1.csv,3114.6167510519736
econ_glob,-1,-1,-1,Econ+Glob,Loc,,Econ+Glob+Loc,no,stan_models/master_model.stan,econ_-1_loc_-1_glob_-1_mod_econ_glob,econ_-1_loc_-1_glob_-1.csv,3870.4521381410304
econ_loc,-1,-1,-1,Econ+Loc,Glob,,Econ+Glob+Loc,no,stan_models/master_model.stan,econ_-1_loc_-1_glob_-1_mod_econ_loc,econ_-1_loc_-1_glob_-1.csv,5344.2188521756325
glob_loc,-1,-1,-1,Glob+Loc,Econ,,Econ+Glob+Loc,no,stan_models/master_model.stan,econ_-1_loc_-1_glob_-1_mod_glob_loc,econ_-1_loc_-1_glob_-1.csv,8099.140649317764
econ,-1,-1,-1,Econ,Glob+Loc,,Econ+Glob+Loc,no,stan_models/master_model.stan,econ_-1_loc_-1_glob_-1_mod_econ,econ_-1_loc_-1_glob_-1.csv,7882.546221470926
glob,-1,-1,-1,Glob,Econ+Loc,,Econ+Glob+Loc,no,stan_models/master_model.stan,econ_-1_loc_-1_glob_-1_mod_glob,econ_-1_loc_-1_glob_-1.csv,6643.576414120616
loc,-1,-1,-1,Loc,Econ+Glob,,Econ+Glob+Loc,no,stan_models/master_model.stan,econ_-1_loc_-1_glob_-1_mod_loc,econ_-1_loc_-1_glob_-1.csv,190.5999068664387
none,-1,-1,-1,,Econ+Glob+Loc,,Econ+Glob+Loc,yes,stan_models/master_neg.stan,econ_-1_loc_-1_glob_-1_mod_none,econ_-1_loc_-1_glob_-1.csv,3733.456486165058
econ_glob_loc,0,-1,-1,Econ+Glob+Loc,,,Econ+Glob+Loc,no,stan_models/master_pos.stan,econ_0_loc_-1_glob_-1_mod_econ_glob_loc,econ_0_loc_-1_glob_-1.csv,9511.09285583254
econ_glob,0,-1,-1,Econ+Glob,Loc,,Econ+Glob+Loc,no,stan_models/master_model.stan,econ_0_loc_-1_glob_-1_mod_econ_glob,econ_0_loc_-1_glob_-1.csv,4402.956676720176
econ_loc,0,-1,-1,Econ+Loc,Glob,,Econ+Glob+Loc,no,stan_models/master_model.stan,econ_0_loc_-1_glob_-1_mod_econ_loc,econ_0_loc_-1_glob_-1.csv,8012.441500380868
glob_loc,0,-1,-1,Glob+Loc,Econ,,Econ+Glob+Loc,no,stan_models/master_model.stan,econ_0_loc_-1_glob_-1_mod_glob_loc,econ_0_loc_-1_glob_-1.csv,2750.6892189055216
econ,0,-1,-1,Econ,Glob+Loc,,Econ+Glob+Loc,no,stan_models/master_model.stan,econ_0_loc_-1_glob_-1_mod_econ,econ_0_loc_-1_glob_-1.csv,9201.884018836077
glob,0,-1,-1,Glob,Econ+Loc,,Econ+Glob+Loc,no,stan_models/master_model.stan,econ_0_loc_-1_glob_-1_mod_glob,econ_0_loc_-1_glob_-1.csv,5284.576895960607
loc,0,-1,-1,Loc,Econ+Glob,,Econ+Glob+Loc,no,stan_models/master_model.stan,econ_0_loc_-1_glob_-1_mod_loc,econ_0_loc_-1_glob_-1.csv,5475.68457736983
none,0,-1,-1,,Econ+Glob+Loc,,Econ+Glob+Loc,yes,stan_models/master_neg.stan,econ_0_loc_-1_glob_-1_mod_none,econ_0_loc_-1_glob_-1.csv,1655.6415341550019
econ_glob_loc,1,-1,-1,Econ+Glob+Loc,,Econ,Glob+Loc,no,stan_models/master_pos.stan,econ_1_loc_-1_glob_-1_mod_econ_glob_loc,econ_1_loc_-1_glob_-1.csv,5229.883993538097
econ_glob,1,-1,-1,Econ+Glob,Loc,Econ,Glob+Loc,no,stan_models/master_model.stan,econ_1_loc_-1_glob_-1_mod_econ_glob,econ_1_loc_-1_glob_-1.csv,4059.526431173319
econ_loc,1,-1,-1,Econ+Loc,Glob,Econ,Glob+Loc,no,stan_models/master_model.stan,econ_1_loc_-1_glob_-1_mod_econ_loc,econ_1_loc_-1_glob_-1.csv,6446.916516952915
glob_loc,1,-1,-1,Glob+Loc,Econ,Econ,Glob+Loc,no,stan_models/master_model.stan,econ_1_loc_-1_glob_-1_mod_glob_loc,econ_1_loc_-1_glob_-1.csv,3007.234968263423
econ,1,-1,-1,Econ,Glob+Loc,Econ,Glob+Loc,yes,stan_models/master_model.stan,econ_1_loc_-1_glob_-1_mod_econ,econ_1_loc_-1_glob_-1.csv,7678.933981797425
glob,1,-1,-1,Glob,Econ+Loc,Econ,Glob+Loc,no,stan_models/master_model.stan,econ_1_loc_-1_glob_-1_mod_glob,econ_1_loc_-1_glob_-1.csv,2002.7519053351134
loc,1,-1,-1,Loc,Econ+Glob,Econ,Glob+Loc,no,stan_models/master_model.stan,econ_1_loc_-1_glob_-1_mod_loc,econ_1_loc_-1_glob_-1.csv,2466.541454056278
none,1,-1,-1,,Econ+Glob+Loc,Econ,Glob+Loc,no,stan_models/master_neg.stan,econ_1_loc_-1_glob_-1_mod_none,econ_1_loc_-1_glob_-1.csv,2576.1860941248015
econ_glob_loc,-1,0,-1,Econ+Glob+Loc,,,Econ+Glob+Loc,no,stan_models/master_pos.stan,econ_-1_loc_0_glob_-1_mod_econ_glob_loc,econ_-1_loc_0_glob_-1.csv,8969.574388743145
econ_glob,-1,0,-1,Econ+Glob,Loc,,Econ+Glob+Loc,no,stan_models/master_model.stan,econ_-1_loc_0_glob_-1_mod_econ_glob,econ_-1_loc_0_glob_-1.csv,2701.9555912553333
econ_loc,-1,0,-1,Econ+Loc,Glob,,Econ+Glob+Loc,no,stan_models/master_model.stan,econ_-1_loc_0_glob_-1_mod_econ_loc,econ_-1_loc_0_glob_-1.csv,7912.396860400215
glob_loc,-1,0,-1,Glob+Loc,Econ,,Econ+Glob+Loc,no,stan_models/master_model.stan,econ_-1_loc_0_glob_-1_mod_glob_loc,econ_-1_loc_0_glob_-1.csv,3491.577381685376
econ,-1,0,-1,Econ,Glob+Loc,,Econ+Glob+Loc,no,stan_models/master_model.stan,econ_-1_loc_0_glob_-1_mod_econ,econ_-1_loc_0_glob_-1.csv,5752.7837897434365
glob,-1,0,-1,Glob,Econ+Loc,,Econ+Glob+Loc,no,stan_models/master_model.stan,econ_-1_loc_0_glob_-1_mod_glob,econ_-1_loc_0_glob_-1.csv,4556.528180177091
loc,-1,0,-1,Loc,Econ+Glob,,Econ+Glob+Loc,no,stan_models/master_model.stan,econ_-1_loc_0_glob_-1_mod_loc,econ_-1_loc_0_glob_-1.csv,9772.398901103064
none,-1,0,-1,,Econ+Glob+Loc,,Econ+Glob+Loc,yes,stan_models/master_neg.stan,econ_-1_loc_0_glob_-1_mod_none,econ_-1_loc_0_glob_-1.csv,3658.7635457282886
econ_glob_loc,0,0,-1,Econ+Glob+Loc,,,Econ+Glob+Loc,no,stan_models/master_pos.stan,econ_0_loc_0_glob_-1_mod_econ_glob_loc,econ_0_loc_0_glob_-1.csv,9246.566588885384
econ_glob,0,0,-1,Econ+Glob,Loc,,Econ+Glob+Loc,no,stan_models/master_model.stan,econ_0_loc_0_glob_-1_mod_econ_glob,econ_0_loc_0_glob_-1.csv,7811.523093301337
econ_loc,0,0,-1,Econ+Loc,Glob,,Econ+Glob+Loc,no,stan_models/master_model.stan,econ_0_loc_0_glob_-1_mod_econ_loc,econ_0_loc_0_glob_-1.csv,5217.281134693883
glob_loc,0,0,-1,Glob+Loc,Econ,,Econ+Glob+Loc,no,stan_models/master_model.stan,econ_0_loc_0_glob_-1_mod_glob_loc,econ_0_loc_0_glob_-1.csv,7419.124568909407
econ,0,0,-1,Econ,Glob+Loc,,Econ+Glob+Loc,no,stan_models/master_model.stan,econ_0_loc_0_glob_-1_mod_econ,econ_0_loc_0_glob_-1.csv,7821.424474157859
glob,0,0,-1,Glob,Econ+Loc,,Econ+Glob+Loc,no,stan_models/master_model.stan,econ_0_loc_0_glob_-1_mod_glob,econ_0_loc_0_glob_-1.csv,9676.548942240188
loc,0,0,-1,Loc,Econ+Glob,,Econ+Glob+Loc,no,stan_models/master_model.stan,econ_0_loc_0_glob_-1_mod_loc,econ_0_loc_0_glob_-1.csv,5937.325274575502
none,0,0,-1,,Econ+Glob+Loc,,Econ+Glob+Loc,yes,stan_models/master_neg.stan,econ_0_loc_0_glob_-1_mod_none,econ_0_loc_0_glob_-1.csv,5992.9752108082175
econ_glob_loc,1,0,-1,Econ+Glob+Loc,,Econ,Glob+Loc,no,stan_models/master_pos.stan,econ_1_loc_0_glob_-1_mod_econ_glob_loc,econ_1_loc_0_glob_-1.csv,2118.1713343111333
econ_glob,1,0,-1,Econ+Glob,Loc,Econ,Glob+Loc,no,stan_models/master_model.stan,econ_1_loc_0_glob_-1_mod_econ_glob,econ_1_loc_0_glob_-1.csv,7530.151225640671
econ_loc,1,0,-1,Econ+Loc,Glob,Econ,Glob+Loc,no,stan_models/master_model.stan,econ_1_loc_0_glob_-1_mod_econ_loc,econ_1_loc_0_glob_-1.csv,5759.541072274093
glob_loc,1,0,-1,Glob+Loc,Econ,Econ,Glob+Loc,no,stan_models/master_model.stan,econ_1_loc_0_glob_-1_mod_glob_loc,econ_1_loc_0_glob_-1.csv,8902.879426447675
econ,1,0,-1,Econ,Glob+Loc,Econ,Glob+Loc,yes,stan_models/master_model.stan,econ_1_loc_0_glob_-1_mod_econ,econ_1_loc_0_glob_-1.csv,3280.3915134870913
glob,1,0,-1,Glob,Econ+Loc,Econ,Glob+Loc,no,stan_models/master_model.stan,econ_1_loc_0_glob_-1_mod_glob,econ_1_loc_0_glob_-1.csv,3357.222358837258
loc,1,0,-1,Loc,Econ+Glob,Econ,Glob+Loc,no,stan_models/master_model.stan,econ_1_loc_0_glob_-1_mod_loc,econ_1_loc_0_glob_-1.csv,4062.375460138079
none,1,0,-1,,Econ+Glob+Loc,Econ,Glob+Loc,no,stan_models/master_neg.stan,econ_1_loc_0_glob_-1_mod_none,econ_1_loc_0_glob_-1.csv,7041.3850952195935
econ_glob_loc,-1,1,-1,Econ+Glob+Loc,,Loc,Econ+Glob,no,stan_models/master_pos.stan,econ_-1_loc_1_glob_-1_mod_econ_glob_loc,econ_-1_loc_1_glob_-1.csv,2372.9451658949256
econ_glob,-1,1,-1,Econ+Glob,Loc,Loc,Econ+Glob,no,stan_models/master_model.stan,econ_-1_loc_1_glob_-1_mod_econ_glob,econ_-1_loc_1_glob_-1.csv,3357.915728999302
econ_loc,-1,1,-1,Econ+Loc,Glob,Loc,Econ+Glob,no,stan_models/master_model.stan,econ_-1_loc_1_glob_-1_mod_econ_loc,econ_-1_loc_1_glob_-1.csv,1450.465937181376
glob_loc,-1,1,-1,Glob+Loc,Econ,Loc,Econ+Glob,no,stan_models/master_model.stan,econ_-1_loc_1_glob_-1_mod_glob_loc,econ_-1_loc_1_glob_-1.csv,6043.851490313886
econ,-1,1,-1,Econ,Glob+Loc,Loc,Econ+Glob,no,stan_models/master_model.stan,econ_-1_loc_1_glob_-1_mod_econ,econ_-1_loc_1_glob_-1.csv,9049.568983688485
glob,-1,1,-1,Glob,Econ+Loc,Loc,Econ+Glob,no,stan_models/master_model.stan,econ_-1_loc_1_glob_-1_mod_glob,econ_-1_loc_1_glob_-1.csv,844.5204984787852
loc,-1,1,-1,Loc,Econ+Glob,Loc,Econ+Glob,yes,stan_models/master_model.stan,econ_-1_loc_1_glob_-1_mod_loc,econ_-1_loc_1_glob_-1.csv,9256.716126091778
none,-1,1,-1,,Econ+Glob+Loc,Loc,Econ+Glob,no,stan_models/master_neg.stan,econ_-1_loc_1_glob_-1_mod_none,econ_-1_loc_1_glob_-1.csv,6606.323695426341
econ_glob_loc,0,1,-1,Econ+Glob+Loc,,Loc,Econ+Glob,no,stan_models/master_pos.stan,econ_0_loc_1_glob_-1_mod_econ_glob_loc,econ_0_loc_1_glob_-1.csv,610.7597684669308
econ_glob,0,1,-1,Econ+Glob,Loc,Loc,Econ+Glob,no,stan_models/master_model.stan,econ_0_loc_1_glob_-1_mod_econ_glob,econ_0_loc_1_glob_-1.csv,2544.8364155848976
econ_loc,0,1,-1,Econ+Loc,Glob,Loc,Econ+Glob,no,stan_models/master_model.stan,econ_0_loc_1_glob_-1_mod_econ_loc,econ_0_loc_1_glob_-1.csv,9482.734360759845
glob_loc,0,1,-1,Glob+Loc,Econ,Loc,Econ+Glob,no,stan_models/master_model.stan,econ_0_loc_1_glob_-1_mod_glob_loc,econ_0_loc_1_glob_-1.csv,284.6570860876236
econ,0,1,-1,Econ,Glob+Loc,Loc,Econ+Glob,no,stan_models/master_model.stan,econ_0_loc_1_glob_-1_mod_econ,econ_0_loc_1_glob_-1.csv,8110.390885756584
glob,0,1,-1,Glob,Econ+Loc,Loc,Econ+Glob,no,stan_models/master_model.stan,econ_0_loc_1_glob_-1_mod_glob,econ_0_loc_1_glob_-1.csv,170.78415450267494
loc,0,1,-1,Loc,Econ+Glob,Loc,Econ+Glob,yes,stan_models/master_model.stan,econ_0_loc_1_glob_-1_mod_loc,econ_0_loc_1_glob_-1.csv,2778.0382053889334
none,0,1,-1,,Econ+Glob+Loc,Loc,Econ+Glob,no,stan_models/master_neg.stan,econ_0_loc_1_glob_-1_mod_none,econ_0_loc_1_glob_-1.csv,9408.364454504335
econ_glob_loc,1,1,-1,Econ+Glob+Loc,,Econ+Loc,Glob,no,stan_models/master_pos.stan,econ_1_loc_1_glob_-1_mod_econ_glob_loc,econ_1_loc_1_glob_-1.csv,2999.7008098985534
econ_glob,1,1,-1,Econ+Glob,Loc,Econ+Loc,Glob,no,stan_models/master_model.stan,econ_1_loc_1_glob_-1_mod_econ_glob,econ_1_loc_1_glob_-1.csv,8811.83905579988
econ_loc,1,1,-1,Econ+Loc,Glob,Econ+Loc,Glob,yes,stan_models/master_model.stan,econ_1_loc_1_glob_-1_mod_econ_loc,econ_1_loc_1_glob_-1.csv,751.5669099574443
glob_loc,1,1,-1,Glob+Loc,Econ,Econ+Loc,Glob,no,stan_models/master_model.stan,econ_1_loc_1_glob_-1_mod_glob_loc,econ_1_loc_1_glob_-1.csv,6796.722240959061
econ,1,1,-1,Econ,Glob+Loc,Econ+Loc,Glob,no,stan_models/master_model.stan,econ_1_loc_1_glob_-1_mod_econ,econ_1_loc_1_glob_-1.csv,2620.38364263135
glob,1,1,-1,Glob,Econ+Loc,Econ+Loc,Glob,no,stan_models/master_model.stan,econ_1_loc_1_glob_-1_mod_glob,econ_1_loc_1_glob_-1.csv,7917.29719459638
loc,1,1,-1,Loc,Econ+Glob,Econ+Loc,Glob,no,stan_models/master_model.stan,econ_1_loc_1_glob_-1_mod_loc,econ_1_loc_1_glob_-1.csv,6413.068764216267
none,1,1,-1,,Econ+Glob+Loc,Econ+Loc,Glob,no,stan_models/master_neg.stan,econ_1_loc_1_glob_-1_mod_none,econ_1_loc_1_glob_-1.csv,3129.9018882608507
econ_glob_loc,-1,-1,0,Econ+Glob+Loc,,,Econ+Glob+Loc,no,stan_models/master_pos.stan,econ_-1_loc_-1_glob_0_mod_econ_glob_loc,econ_-1_loc_-1_glob_0.csv,2292.691817208659
econ_glob,-1,-1,0,Econ+Glob,Loc,,Econ+Glob+Loc,no,stan_models/master_model.stan,econ_-1_loc_-1_glob_0_mod_econ_glob,econ_-1_loc_-1_glob_0.csv,1521.7968506501056
econ_loc,-1,-1,0,Econ+Loc,Glob,,Econ+Glob+Loc,no,stan_models/master_model.stan,econ_-1_loc_-1_glob_0_mod_econ_loc,econ_-1_loc_-1_glob_0.csv,5256.071417960804
glob_loc,-1,-1,0,Glob+Loc,Econ,,Econ+Glob+Loc,no,stan_models/master_model.stan,econ_-1_loc_-1_glob_0_mod_glob_loc,econ_-1_loc_-1_glob_0.csv,4231.200571703026
econ,-1,-1,0,Econ,Glob+Loc,,Econ+Glob+Loc,no,stan_models/master_model.stan,econ_-1_loc_-1_glob_0_mod_econ,econ_-1_loc_-1_glob_0.csv,4777.928289731499
glob,-1,-1,0,Glob,Econ+Loc,,Econ+Glob+Loc,no,stan_models/master_model.stan,econ_-1_loc_-1_glob_0_mod_glob,econ_-1_loc_-1_glob_0.csv,2140.2099010888487
loc,-1,-1,0,Loc,Econ+Glob,,Econ+Glob+Loc,no,stan_models/master_model.stan,econ_-1_loc_-1_glob_0_mod_loc,econ_-1_loc_-1_glob_0.csv,8070.372059423244
none,-1,-1,0,,Econ+Glob+Loc,,Econ+Glob+Loc,yes,stan_models/master_neg.stan,econ_-1_loc_-1_glob_0_mod_none,econ_-1_loc_-1_glob_0.csv,3622.495425235713
econ_glob_loc,0,-1,0,Econ+Glob+Loc,,,Econ+Glob+Loc,no,stan_models/master_pos.stan,econ_0_loc_-1_glob_0_mod_econ_glob_loc,econ_0_loc_-1_glob_0.csv,3948.827066669939
econ_glob,0,-1,0,Econ+Glob,Loc,,Econ+Glob+Loc,no,stan_models/master_model.stan,econ_0_loc_-1_glob_0_mod_econ_glob,econ_0_loc_-1_glob_0.csv,2298.713635678403
econ_loc,0,-1,0,Econ+Loc,Glob,,Econ+Glob+Loc,no,stan_models/master_model.stan,econ_0_loc_-1_glob_0_mod_econ_loc,econ_0_loc_-1_glob_0.csv,3731.8205837632995
glob_loc,0,-1,0,Glob+Loc,Econ,,Econ+Glob+Loc,no,stan_models/master_model.stan,econ_0_loc_-1_glob_0_mod_glob_loc,econ_0_loc_-1_glob_0.csv,8122.605398642598
econ,0,-1,0,Econ,Glob+Loc,,Econ+Glob+Loc,no,stan_models/master_model.stan,econ_0_loc_-1_glob_0_mod_econ,econ_0_loc_-1_glob_0.csv,2933.2786326436326
glob,0,-1,0,Glob,Econ+Loc,,Econ+Glob+Loc,no,stan_models/master_model.stan,econ_0_loc_-1_glob_0_mod_glob,econ_0_loc_-1_glob_0.csv,3613.8837249865755
loc,0,-1,0,Loc,Econ+Glob,,Econ+Glob+Loc,no,stan_models/master_model.stan,econ_0_loc_-1_glob_0_mod_loc,econ_0_loc_-1_glob_0.csv,421.607477984624
none,0,-1,0,,Econ+Glob+Loc,,Econ+Glob+Loc,yes,stan_models/master_neg.stan,econ_0_loc_-1_glob_0_mod_none,econ_0_loc_-1_glob_0.csv,235.76738903904334
econ_glob_loc,1,-1,0,Econ+Glob+Loc,,Econ,Glob+Loc,no,stan_models/master_pos.stan,econ_1_loc_-1_glob_0_mod_econ_glob_loc,econ_1_loc_-1_glob_0.csv,9367.255223680055
econ_glob,1,-1,0,Econ+Glob,Loc,Econ,Glob+Loc,no,stan_models/master_model.stan,econ_1_loc_-1_glob_0_mod_econ_glob,econ_1_loc_-1_glob_0.csv,7604.191658263328
econ_loc,1,-1,0,Econ+Loc,Glob,Econ,Glob+Loc,no,stan_models/master_model.stan,econ_1_loc_-1_glob_0_mod_econ_loc,econ_1_loc_-1_glob_0.csv,4697.432157889241
glob_loc,1,-1,0,Glob+Loc,Econ,Econ,Glob+Loc,no,stan_models/master_model.stan,econ_1_loc_-1_glob_0_mod_glob_loc,econ_1_loc_-1_glob_0.csv,1758.1294152147602
econ,1,-1,0,Econ,Glob+Loc,Econ,Glob+Loc,yes,stan_models/master_model.stan,econ_1_loc_-1_glob_0_mod_econ,econ_1_loc_-1_glob_0.csv,8475.576492583146
glob,1,-1,0,Glob,Econ+Loc,Econ,Glob+Loc,no,stan_models/master_model.stan,econ_1_loc_-1_glob_0_mod_glob,econ_1_loc_-1_glob_0.csv,9606.454154373612
loc,1,-1,0,Loc,Econ+Glob,Econ,Glob+Loc,no,stan_models/master_model.stan,econ_1_loc_-1_glob_0_mod_loc,econ_1_loc_-1_glob_0.csv,729.3387192564551
none,1,-1,0,,Econ+Glob+Loc,Econ,Glob+Loc,no,stan_models/master_neg.stan,econ_1_loc_-1_glob_0_mod_none,econ_1_loc_-1_glob_0.csv,4007.894696438685
econ_glob_loc,-1,0,0,Econ+Glob+Loc,,,Econ+Glob+Loc,no,stan_models/master_pos.stan,econ_-1_loc_0_glob_0_mod_econ_glob_loc,econ_-1_loc_0_glob_0.csv,2070.922782486072
econ_glob,-1,0,0,Econ+Glob,Loc,,Econ+Glob+Loc,no,stan_models/master_model.stan,econ_-1_loc_0_glob_0_mod_econ_glob,econ_-1_loc_0_glob_0.csv,2888.119992494583
econ_loc,-1,0,0,Econ+Loc,Glob,,Econ+Glob+Loc,no,stan_models/master_model.stan,econ_-1_loc_0_glob_0_mod_econ_loc,econ_-1_loc_0_glob_0.csv,6424.4732401876245
glob_loc,-1,0,0,Glob+Loc,Econ,,Econ+Glob+Loc,no,stan_models/master_model.stan,econ_-1_loc_0_glob_0_mod_glob_loc,econ_-1_loc_0_glob_0.csv,8577.548249036772
econ,-1,0,0,Econ,Glob+Loc,,Econ+Glob+Loc,no,stan_models/master_model.stan,econ_-1_loc_0_glob_0_mod_econ,econ_-1_loc_0_glob_0.csv,2261.5124884706456
glob,-1,0,0,Glob,Econ+Loc,,Econ+Glob+Loc,no,stan_models/master_model.stan,econ_-1_loc_0_glob_0_mod_glob,econ_-1_loc_0_glob_0.csv,1580.933333195746
loc,-1,0,0,Loc,Econ+Glob,,Econ+Glob+Loc,no,stan_models/master_model.stan,econ_-1_loc_0_glob_0_mod_loc,econ_-1_loc_0_glob_0.csv,8059.6551171333995
none,-1,0,0,,Econ+Glob+Loc,,Econ+Glob+Loc,yes,stan_models/master_neg.stan,econ_-1_loc_0_glob_0_mod_none,econ_-1_loc_0_glob_0.csv,4406.276500369888
econ_glob_loc,0,0,0,Econ+Glob+Loc,,,Econ+Glob+Loc,no,stan_models/master_pos.stan,econ_0_loc_0_glob_0_mod_econ_glob_loc,econ_0_loc_0_glob_0.csv,1802.6778626155574
econ_glob,0,0,0,Econ+Glob,Loc,,Econ+Glob+Loc,no,stan_models/master_model.stan,econ_0_loc_0_glob_0_mod_econ_glob,econ_0_loc_0_glob_0.csv,9681.364946626127
econ_loc,0,0,0,Econ+Loc,Glob,,Econ+Glob+Loc,no,stan_models/master_model.stan,econ_0_loc_0_glob_0_mod_econ_loc,econ_0_loc_0_glob_0.csv,8137.385851399042
glob_loc,0,0,0,Glob+Loc,Econ,,Econ+Glob+Loc,no,stan_models/master_model.stan,econ_0_loc_0_glob_0_mod_glob_loc,econ_0_loc_0_glob_0.csv,8015.450365567114
econ,0,0,0,Econ,Glob+Loc,,Econ+Glob+Loc,no,stan_models/master_model.stan,econ_0_loc_0_glob_0_mod_econ,econ_0_loc_0_glob_0.csv,8089.412840317003
glob,0,0,0,Glob,Econ+Loc,,Econ+Glob+Loc,no,stan_models/master_model.stan,econ_0_loc_0_glob_0_mod_glob,econ_0_loc_0_glob_0.csv,7205.601042426191
loc,0,0,0,Loc,Econ+Glob,,Econ+Glob+Loc,no,stan_models/master_model.stan,econ_0_loc_0_glob_0_mod_loc,econ_0_loc_0_glob_0.csv,9653.26147339237
none,0,0,0,,Econ+Glob+Loc,,Econ+Glob+Loc,yes,stan_models/master_neg.stan,econ_0_loc_0_glob_0_mod_none,econ_0_loc_0_glob_0.csv,1024.197808753932
econ_glob_loc,1,0,0,Econ+Glob+Loc,,Econ,Glob+Loc,no,stan_models/master_pos.stan,econ_1_loc_0_glob_0_mod_econ_glob_loc,econ_1_loc_0_glob_0.csv,3711.2235485219862
econ_glob,1,0,0,Econ+Glob,Loc,Econ,Glob+Loc,no,stan_models/master_model.stan,econ_1_loc_0_glob_0_mod_econ_glob,econ_1_loc_0_glob_0.csv,9935.385639414191
econ_loc,1,0,0,Econ+Loc,Glob,Econ,Glob+Loc,no,stan_models/master_model.stan,econ_1_loc_0_glob_0_mod_econ_loc,econ_1_loc_0_glob_0.csv,1821.7194886000361
glob_loc,1,0,0,Glob+Loc,Econ,Econ,Glob+Loc,no,stan_models/master_model.stan,econ_1_loc_0_glob_0_mod_glob_loc,econ_1_loc_0_glob_0.csv,6577.123077928554
econ,1,0,0,Econ,Glob+Loc,Econ,Glob+Loc,yes,stan_models/master_model.stan,econ_1_loc_0_glob_0_mod_econ,econ_1_loc_0_glob_0.csv,2713.5082374713384
glob,1,0,0,Glob,Econ+Loc,Econ,Glob+Loc,no,stan_models/master_model.stan,econ_1_loc_0_glob_0_mod_glob,econ_1_loc_0_glob_0.csv,4394.287906074664
loc,1,0,0,Loc,Econ+Glob,Econ,Glob+Loc,no,stan_models/master_model.stan,econ_1_loc_0_glob_0_mod_loc,econ_1_loc_0_glob_0.csv,8973.623076365096
none,1,0,0,,Econ+Glob+Loc,Econ,Glob+Loc,no,stan_models/master_neg.stan,econ_1_loc_0_glob_0_mod_none,econ_1_loc_0_glob_0.csv,6188.621176046785
econ_glob_loc,-1,1,0,Econ+Glob+Loc,,Loc,Econ+Glob,no,stan_models/master_pos.stan,econ_-1_loc_1_glob_0_mod_econ_glob_loc,econ_-1_loc_1_glob_0.csv,9027.70187021955
econ_glob,-1,1,0,Econ+Glob,Loc,Loc,Econ+Glob,no,stan_models/master_model.stan,econ_-1_loc_1_glob_0_mod_econ_glob,econ_-1_loc_1_glob_0.csv,7194.6097832233645
econ_loc,-1,1,0,Econ+Loc,Glob,Loc,Econ+Glob,no,stan_models/master_model.stan,econ_-1_loc_1_glob_0_mod_econ_loc,econ_-1_loc_1_glob_0.csv,8616.699423289858
glob_loc,-1,1,0,Glob+Loc,Econ,Loc,Econ+Glob,no,stan_models/master_model.stan,econ_-1_loc_1_glob_0_mod_glob_loc,econ_-1_loc_1_glob_0.csv,6959.153624295723
econ,-1,1,0,Econ,Glob+Loc,Loc,Econ+Glob,no,stan_models/master_model.stan,econ_-1_loc_1_glob_0_mod_econ,econ_-1_loc_1_glob_0.csv,1371.6900701441336
glob,-1,1,0,Glob,Econ+Loc,Loc,Econ+Glob,no,stan_models/master_model.stan,econ_-1_loc_1_glob_0_mod_glob,econ_-1_loc_1_glob_0.csv,5988.2280266061425
loc,-1,1,0,Loc,Econ+Glob,Loc,Econ+Glob,yes,stan_models/master_model.stan,econ_-1_loc_1_glob_0_mod_loc,econ_-1_loc_1_glob_0.csv,5058.985427449457
none,-1,1,0,,Econ+Glob+Loc,Loc,Econ+Glob,no,stan_models/master_neg.stan,econ_-1_loc_1_glob_0_mod_none,econ_-1_loc_1_glob_0.csv,3260.1505943529774
econ_glob_loc,0,1,0,Econ+Glob+Loc,,Loc,Econ+Glob,no,stan_models/master_pos.stan,econ_0_loc_1_glob_0_mod_econ_glob_loc,econ_0_loc_1_glob_0.csv,8882.468222697731
econ_glob,0,1,0,Econ+Glob,Loc,Loc,Econ+Glob,no,stan_models/master_model.stan,econ_0_loc_1_glob_0_mod_econ_glob,econ_0_loc_1_glob_0.csv,8313.055252589518
econ_loc,0,1,0,Econ+Loc,Glob,Loc,Econ+Glob,no,stan_models/master_model.stan,econ_0_loc_1_glob_0_mod_econ_loc,econ_0_loc_1_glob_0.csv,23.85664485860616
glob_loc,0,1,0,Glob+Loc,Econ,Loc,Econ+Glob,no,stan_models/master_model.stan,econ_0_loc_1_glob_0_mod_glob_loc,econ_0_loc_1_glob_0.csv,6167.737927436363
econ,0,1,0,Econ,Glob+Loc,Loc,Econ+Glob,no,stan_models/master_model.stan,econ_0_loc_1_glob_0_mod_econ,econ_0_loc_1_glob_0.csv,1679.566315480508
glob,0,1,0,Glob,Econ+Loc,Loc,Econ+Glob,no,stan_models/master_model.stan,econ_0_loc_1_glob_0_mod_glob,econ_0_loc_1_glob_0.csv,8025.643731087213
loc,0,1,0,Loc,Econ+Glob,Loc,Econ+Glob,yes,stan_models/master_model.stan,econ_0_loc_1_glob_0_mod_loc,econ_0_loc_1_glob_0.csv,6741.067350585712
none,0,1,0,,Econ+Glob+Loc,Loc,Econ+Glob,no,stan_models/master_neg.stan,econ_0_loc_1_glob_0_mod_none,econ_0_loc_1_glob_0.csv,7131.966916849604
econ_glob_loc,1,1,0,Econ+Glob+Loc,,Econ+Loc,Glob,no,stan_models/master_pos.stan,econ_1_loc_1_glob_0_mod_econ_glob_loc,econ_1_loc_1_glob_0.csv,8996.223796092207
econ_glob,1,1,0,Econ+Glob,Loc,Econ+Loc,Glob,no,stan_models/master_model.stan,econ_1_loc_1_glob_0_mod_econ_glob,econ_1_loc_1_glob_0.csv,1345.5076720323414
econ_loc,1,1,0,Econ+Loc,Glob,Econ+Loc,Glob,yes,stan_models/master_model.stan,econ_1_loc_1_glob_0_mod_econ_loc,econ_1_loc_1_glob_0.csv,5693.210167144891
glob_loc,1,1,0,Glob+Loc,Econ,Econ+Loc,Glob,no,stan_models/master_model.stan,econ_1_loc_1_glob_0_mod_glob_loc,econ_1_loc_1_glob_0.csv,1384.9798434022814
econ,1,1,0,Econ,Glob+Loc,Econ+Loc,Glob,no,stan_models/master_model.stan,econ_1_loc_1_glob_0_mod_econ,econ_1_loc_1_glob_0.csv,3404.165029727388
glob,1,1,0,Glob,Econ+Loc,Econ+Loc,Glob,no,stan_models/master_model.stan,econ_1_loc_1_glob_0_mod_glob,econ_1_loc_1_glob_0.csv,5800.919770634035
loc,1,1,0,Loc,Econ+Glob,Econ+Loc,Glob,no,stan_models/master_model.stan,econ_1_loc_1_glob_0_mod_loc,econ_1_loc_1_glob_0.csv,8121.2318538397085
none,1,1,0,,Econ+Glob+Loc,Econ+Loc,Glob,no,stan_models/master_neg.stan,econ_1_loc_1_glob_0_mod_none,econ_1_loc_1_glob_0.csv,8918.80419489555
econ_glob_loc,-1,-1,1,Econ+Glob+Loc,,Glob,Econ+Loc,no,stan_models/master_pos.stan,econ_-1_loc_-1_glob_1_mod_econ_glob_loc,econ_-1_loc_-1_glob_1.csv,842.4874849217013
econ_glob,-1,-1,1,Econ+Glob,Loc,Glob,Econ+Loc,no,stan_models/master_model.stan,econ_-1_loc_-1_glob_1_mod_econ_glob,econ_-1_loc_-1_glob_1.csv,8038.796967484523
econ_loc,-1,-1,1,Econ+Loc,Glob,Glob,Econ+Loc,no,stan_models/master_model.stan,econ_-1_loc_-1_glob_1_mod_econ_loc,econ_-1_loc_-1_glob_1.csv,2495.158067305805
glob_loc,-1,-1,1,Glob+Loc,Econ,Glob,Econ+Loc,no,stan_models/master_model.stan,econ_-1_loc_-1_glob_1_mod_glob_loc,econ_-1_loc_-1_glob_1.csv,8869.519211901352
econ,-1,-1,1,Econ,Glob+Loc,Glob,Econ+Loc,no,stan_models/master_model.stan,econ_-1_loc_-1_glob_1_mod_econ,econ_-1_loc_-1_glob_1.csv,7309.503575084498
glob,-1,-1,1,Glob,Econ+Loc,Glob,Econ+Loc,yes,stan_models/master_model.stan,econ_-1_loc_-1_glob_1_mod_glob,econ_-1_loc_-1_glob_1.csv,6442.7805172584485
loc,-1,-1,1,Loc,Econ+Glob,Glob,Econ+Loc,no,stan_models/master_model.stan,econ_-1_loc_-1_glob_1_mod_loc,econ_-1_loc_-1_glob_1.csv,3647.9975020380225
none,-1,-1,1,,Econ+Glob+Loc,Glob,Econ+Loc,no,stan_models/master_neg.stan,econ_-1_loc_-1_glob_1_mod_none,econ_-1_loc_-1_glob_1.csv,7349.3489995114505
econ_glob_loc,0,-1,1,Econ+Glob+Loc,,Glob,Econ+Loc,no,stan_models/master_pos.stan,econ_0_loc_-1_glob_1_mod_econ_glob_loc,econ_0_loc_-1_glob_1.csv,734.6476443388965
econ_glob,0,-1,1,Econ+Glob,Loc,Glob,Econ+Loc,no,stan_models/master_model.stan,econ_0_loc_-1_glob_1_mod_econ_glob,econ_0_loc_-1_glob_1.csv,3061.1901437374763
econ_loc,0,-1,1,Econ+Loc,Glob,Glob,Econ+Loc,no,stan_models/master_model.stan,econ_0_loc_-1_glob_1_mod_econ_loc,econ_0_loc_-1_glob_1.csv,4229.906702891225
glob_loc,0,-1,1,Glob+Loc,Econ,Glob,Econ+Loc,no,stan_models/master_model.stan,econ_0_loc_-1_glob_1_mod_glob_loc,econ_0_loc_-1_glob_1.csv,391.83543482027017
econ,0,-1,1,Econ,Glob+Loc,Glob,Econ+Loc,no,stan_models/master_model.stan,econ_0_loc_-1_glob_1_mod_econ,econ_0_loc_-1_glob_1.csv,3326.6207555329893
glob,0,-1,1,Glob,Econ+Loc,Glob,Econ+Loc,yes,stan_models/master_model.stan,econ_0_loc_-1_glob_1_mod_glob,econ_0_loc_-1_glob_1.csv,7254.543610026361
loc,0,-1,1,Loc,Econ+Glob,Glob,Econ+Loc,no,stan_models/master_model.stan,econ_0_loc_-1_glob_1_mod_loc,econ_0_loc_-1_glob_1.csv,7299.399256051751
none,0,-1,1,,Econ+Glob+Loc,Glob,Econ+Loc,no,stan_models/master_neg.stan,econ_0_loc_-1_glob_1_mod_none,econ_0_loc_-1_glob_1.csv,6912.704891470261
econ_glob_loc,1,-1,1,Econ+Glob+Loc,,Econ+Glob,Loc,no,stan_models/master_pos.stan,econ_1_loc_-1_glob_1_mod_econ_glob_loc,econ_1_loc_-1_glob_1.csv,9307.142212035833
econ_glob,1,-1,1,Econ+Glob,Loc,Econ+Glob,Loc,yes,stan_models/master_model.stan,econ_1_loc_-1_glob_1_mod_econ_glob,econ_1_loc_-1_glob_1.csv,6052.8508450833615
econ_loc,1,-1,1,Econ+Loc,Glob,Econ+Glob,Loc,no,stan_models/master_model.stan,econ_1_loc_-1_glob_1_mod_econ_loc,econ_1_loc_-1_glob_1.csv,2999.62965931301
glob_loc,1,-1,1,Glob+Loc,Econ,Econ+Glob,Loc,no,stan_models/master_model.stan,econ_1_loc_-1_glob_1_mod_glob_loc,econ_1_loc_-1_glob_1.csv,6466.476346513256
econ,1,-1,1,Econ,Glob+Loc,Econ+Glob,Loc,no,stan_models/master_model.stan,econ_1_loc_-1_glob_1_mod_econ,econ_1_loc_-1_glob_1.csv,3089.4734653134365
glob,1,-1,1,Glob,Econ+Loc,Econ+Glob,Loc,no,stan_models/master_model.stan,econ_1_loc_-1_glob_1_mod_glob,econ_1_loc_-1_glob_1.csv,1679.2740444638766
loc,1,-1,1,Loc,Econ+Glob,Econ+Glob,Loc,no,stan_models/master_model.stan,econ_1_loc_-1_glob_1_mod_loc,econ_1_loc_-1_glob_1.csv,9948.886978689348
none,1,-1,1,,Econ+Glob+Loc,Econ+Glob,Loc,no,stan_models/master_neg.stan,econ_1_loc_-1_glob_1_mod_none,econ_1_loc_-1_glob_1.csv,4698.763902130537
econ_glob_loc,-1,0,1,Econ+Glob+Loc,,Glob,Econ+Loc,no,stan_models/master_pos.stan,econ_-1_loc_0_glob_1_mod_econ_glob_loc,econ_-1_loc_0_glob_1.csv,6229.915775075788
econ_glob,-1,0,1,Econ+Glob,Loc,Glob,Econ+Loc,no,stan_models/master_model.stan,econ_-1_loc_0_glob_1_mod_econ_glob,econ_-1_loc_0_glob_1.csv,6087.092347237049
econ_loc,-1,0,1,Econ+Loc,Glob,Glob,Econ+Loc,no,stan_models/master_model.stan,econ_-1_loc_0_glob_1_mod_econ_loc,econ_-1_loc_0_glob_1.csv,504.8721083975397
glob_loc,-1,0,1,Glob+Loc,Econ,Glob,Econ+Loc,no,stan_models/master_model.stan,econ_-1_loc_0_glob_1_mod_glob_loc,econ_-1_loc_0_glob_1.csv,7109.88571373187
econ,-1,0,1,Econ,Glob+Loc,Glob,Econ+Loc,no,stan_models/master_model.stan,econ_-1_loc_0_glob_1_mod_econ,econ_-1_loc_0_glob_1.csv,3906.7981955537107
glob,-1,0,1,Glob,Econ+Loc,Glob,Econ+Loc,yes,stan_models/master_model.stan,econ_-1_loc_0_glob_1_mod_glob,econ_-1_loc_0_glob_1.csv,7922.826031839708
loc,-1,0,1,Loc,Econ+Glob,Glob,Econ+Loc,no,stan_models/master_model.stan,econ_-1_loc_0_glob_1_mod_loc,econ_-1_loc_0_glob_1.csv,496.36237544426695
none,-1,0,1,,Econ+Glob+Loc,Glob,Econ+Loc,no,stan_models/master_neg.stan,econ_-1_loc_0_glob_1_mod_none,econ_-1_loc_0_glob_1.csv,4456.743218182586
econ_glob_loc,0,0,1,Econ+Glob+Loc,,Glob,Econ+Loc,no,stan_models/master_pos.stan,econ_0_loc_0_glob_1_mod_econ_glob_loc,econ_0_loc_0_glob_1.csv,2.125556074315682
econ_glob,0,0,1,Econ+Glob,Loc,Glob,Econ+Loc,no,stan_models/master_model.stan,econ_0_loc_0_glob_1_mod_econ_glob,econ_0_loc_0_glob_1.csv,5073.416175613413
econ_loc,0,0,1,Econ+Loc,Glob,Glob,Econ+Loc,no,stan_models/master_model.stan,econ_0_loc_0_glob_1_mod_econ_loc,econ_0_loc_0_glob_1.csv,9841.42461661715
glob_loc,0,0,1,Glob+Loc,Econ,Glob,Econ+Loc,no,stan_models/master_model.stan,econ_0_loc_0_glob_1_mod_glob_loc,econ_0_loc_0_glob_1.csv,1223.0943444366567
econ,0,0,1,Econ,Glob+Loc,Glob,Econ+Loc,no,stan_models/master_model.stan,econ_0_loc_0_glob_1_mod_econ,econ_0_loc_0_glob_1.csv,6671.241085056914
glob,0,0,1,Glob,Econ+Loc,Glob,Econ+Loc,yes,stan_models/master_model.stan,econ_0_loc_0_glob_1_mod_glob,econ_0_loc_0_glob_1.csv,2916.0517027857713
loc,0,0,1,Loc,Econ+Glob,Glob,Econ+Loc,no,stan_models/master_model.stan,econ_0_loc_0_glob_1_mod_loc,econ_0_loc_0_glob_1.csv,233.95730249816552
none,0,0,1,,Econ+Glob+Loc,Glob,Econ+Loc,no,stan_models/master_neg.stan,econ_0_loc_0_glob_1_mod_none,econ_0_loc_0_glob_1.csv,5283.566083650105
econ_glob_loc,1,0,1,Econ+Glob+Loc,,Econ+Glob,Loc,no,stan_models/master_pos.stan,econ_1_loc_0_glob_1_mod_econ_glob_loc,econ_1_loc_0_glob_1.csv,9919.539094239473
econ_glob,1,0,1,Econ+Glob,Loc,Econ+Glob,Loc,yes,stan_models/master_model.stan,econ_1_loc_0_glob_1_mod_econ_glob,econ_1_loc_0_glob_1.csv,1084.886520407861
econ_loc,1,0,1,Econ+Loc,Glob,Econ+Glob,Loc,no,stan_models/master_model.stan,econ_1_loc_0_glob_1_mod_econ_loc,econ_1_loc_0_glob_1.csv,7589.424666428473
glob_loc,1,0,1,Glob+Loc,Econ,Econ+Glob,Loc,no,stan_models/master_model.stan,econ_1_loc_0_glob_1_mod_glob_loc,econ_1_loc_0_glob_1.csv,8786.733175219968
econ,1,0,1,Econ,Glob+Loc,Econ+Glob,Loc,no,stan_models/master_model.stan,econ_1_loc_0_glob_1_mod_econ,econ_1_loc_0_glob_1.csv,2246.7047925968654
glob,1,0,1,Glob,Econ+Loc,Econ+Glob,Loc,no,stan_models/master_model.stan,econ_1_loc_0_glob_1_mod_glob,econ_1_loc_0_glob_1.csv,9319.410822368227
loc,1,0,1,Loc,Econ+Glob,Econ+Glob,Loc,no,stan_models/master_model.stan,econ_1_loc_0_glob_1_mod_loc,econ_1_loc_0_glob_1.csv,102.11977929295972
none,1,0,1,,Econ+Glob+Loc,Econ+Glob,Loc,no,stan_models/master_neg.stan,econ_1_loc_0_glob_1_mod_none,econ_1_loc_0_glob_1.csv,7715.636418389622
econ_glob_loc,-1,1,1,Econ+Glob+Loc,,Glob+Loc,Econ,no,stan_models/master_pos.stan,econ_-1_loc_1_glob_1_mod_econ_glob_loc,econ_-1_loc_1_glob_1.csv,468.0142007218674
econ_glob,-1,1,1,Econ+Glob,Loc,Glob+Loc,Econ,no,stan_models/master_model.stan,econ_-1_loc_1_glob_1_mod_econ_glob,econ_-1_loc_1_glob_1.csv,4275.268483758904
econ_loc,-1,1,1,Econ+Loc,Glob,Glob+Loc,Econ,no,stan_models/master_model.stan,econ_-1_loc_1_glob_1_mod_econ_loc,econ_-1_loc_1_glob_1.csv,586.351064449409
glob_loc,-1,1,1,Glob+Loc,Econ,Glob+Loc,Econ,yes,stan_models/master_model.stan,econ_-1_loc_1_glob_1_mod_glob_loc,econ_-1_loc_1_glob_1.csv,8684.974356018705
econ,-1,1,1,Econ,Glob+Loc,Glob+Loc,Econ,no,stan_models/master_model.stan,econ_-1_loc_1_glob_1_mod_econ,econ_-1_loc_1_glob_1.csv,8184.834412683733
glob,-1,1,1,Glob,Econ+Loc,Glob+Loc,Econ,no,stan_models/master_model.stan,econ_-1_loc_1_glob_1_mod_glob,econ_-1_loc_1_glob_1.csv,2916.065380218206
loc,-1,1,1,Loc,Econ+Glob,Glob+Loc,Econ,no,stan_models/master_model.stan,econ_-1_loc_1_glob_1_mod_loc,econ_-1_loc_1_glob_1.csv,9065.850722646574
none,-1,1,1,,Econ+Glob+Loc,Glob+Loc,Econ,no,stan_models/master_neg.stan,econ_-1_loc_1_glob_1_mod_none,econ_-1_loc_1_glob_1.csv,8838.624944136012
econ_glob_loc,0,1,1,Econ+Glob+Loc,,Glob+Loc,Econ,no,stan_models/master_pos.stan,econ_0_loc_1_glob_1_mod_econ_glob_loc,econ_0_loc_1_glob_1.csv,2812.1306200369727
econ_glob,0,1,1,Econ+Glob,Loc,Glob+Loc,Econ,no,stan_models/master_model.stan,econ_0_loc_1_glob_1_mod_econ_glob,econ_0_loc_1_glob_1.csv,4327.071445979178
econ_loc,0,1,1,Econ+Loc,Glob,Glob+Loc,Econ,no,stan_models/master_model.stan,econ_0_loc_1_glob_1_mod_econ_loc,econ_0_loc_1_glob_1.csv,1830.162268484477
glob_loc,0,1,1,Glob+Loc,Econ,Glob+Loc,Econ,yes,stan_models/master_model.stan,econ_0_loc_1_glob_1_mod_glob_loc,econ_0_loc_1_glob_1.csv,4923.3026972396765
econ,0,1,1,Econ,Glob+Loc,Glob+Loc,Econ,no,stan_models/master_model.stan,econ_0_loc_1_glob_1_mod_econ,econ_0_loc_1_glob_1.csv,3143.2162715850864
glob,0,1,1,Glob,Econ+Loc,Glob+Loc,Econ,no,stan_models/master_model.stan,econ_0_loc_1_glob_1_mod_glob,econ_0_loc_1_glob_1.csv,795.5725018109661
loc,0,1,1,Loc,Econ+Glob,Glob+Loc,Econ,no,stan_models/master_model.stan,econ_0_loc_1_glob_1_mod_loc,econ_0_loc_1_glob_1.csv,7417.722942882683
none,0,1,1,,Econ+Glob+Loc,Glob+Loc,Econ,no,stan_models/master_neg.stan,econ_0_loc_1_glob_1_mod_none,econ_0_loc_1_glob_1.csv,1876.6114343316294
econ_glob_loc,1,1,1,Econ+Glob+Loc,,Econ+Glob+Loc,,yes,stan_models/master_pos.stan,econ_1_loc_1_glob_1_mod_econ_glob_loc,econ_1_loc_1_glob_1.csv,7373.859531140421
econ_glob,1,1,1,Econ+Glob,Loc,Econ+Glob+Loc,,no,stan_models/master_model.stan,econ_1_loc_1_glob_1_mod_econ_glob,econ_1_loc_1_glob_1.csv,6856.221123082563
econ_loc,1,1,1,Econ+Loc,Glob,Econ+Glob+Loc,,no,stan_models/master_model.stan,econ_1_loc_1_glob_1_mod_econ_loc,econ_1_loc_1_glob_1.csv,6722.336142951623
glob_loc,1,1,1,Glob+Loc,Econ,Econ+Glob+Loc,,no,stan_models/master_model.stan,econ_1_loc_1_glob_1_mod_glob_loc,econ_1_loc_1_glob_1.csv,3436.5065770428628
econ,1,1,1,Econ,Glob+Loc,Econ+Glob+Loc,,no,stan_models/master_model.stan,econ_1_loc_1_glob_1_mod_econ,econ_1_loc_1_glob_1.csv,9530.17125839577
glob,1,1,1,Glob,Econ+Loc,Econ+Glob+Loc,,no,stan_models/master_model.stan,econ_1_loc_1_glob_1_mod_glob,econ_1_loc_1_glob_1.csv,2690.2565627552103
loc,1,1,1,Loc,Econ+Glob,Econ+Glob+Loc,,no,stan_models/master_model.stan,econ_1_loc_1_glob_1_mod_loc,econ_1_loc_1_glob_1.csv,8252.10034201527
none,1,1,1,,Econ+Glob+Loc,Econ+Glob+Loc,,no,stan_models/master_neg.stan,econ_1_loc_1_glob_1_mod_none,econ_1_loc_1_glob_1.csv,3228.5626724006142
