m_pos_vars,d_coef_econ,d_coef_loc,d_coef_glob,d_id,d_experiment,m_neg_vars,is_correct_model,m_stanfile,csv_filename,seed
Econ+Glob+Loc,10,10,10,reps,hindi,,TRUE,stan_models/master_pos.stan,hindi/reps/econ_10_loc_10_glob_10_rep1.csv,0.5587679555
Econ+Glob,10,10,10,reps,hindi,Loc,FALSE,stan_models/master_model.stan,hindi/reps/econ_10_loc_10_glob_10_rep2.csv,0.1755798566
Econ+Loc,10,10,10,reps,hindi,Glob,FALSE,stan_models/master_model.stan,hindi/reps/econ_10_loc_10_glob_10_rep3.csv,0.8791068791
Glob+Loc,10,10,10,reps,hindi,Econ,FALSE,stan_models/master_model.stan,hindi/reps/econ_10_loc_10_glob_10_rep4.csv,0.06549947309
Econ,10,10,10,reps,hindi,Glob+Loc,FALSE,stan_models/master_model.stan,hindi/reps/econ_10_loc_10_glob_10_rep5.csv,0.1657010787
Glob,10,10,10,reps,hindi,Econ+Loc,FALSE,stan_models/master_model.stan,hindi/reps/econ_10_loc_10_glob_10_rep6.csv,0.8595237824
Loc,10,10,10,reps,hindi,Econ+Glob,FALSE,stan_models/master_model.stan,hindi/reps/econ_10_loc_10_glob_10_rep7.csv,0.4652769025
,10,10,10,reps,hindi,Econ+Glob+Loc,FALSE,stan_models/master_neg.stan,hindi/reps/econ_10_loc_10_glob_10_rep8.csv,0.1690706226
Econ+Glob+Loc,10,10,10,reps,hindi,,TRUE,stan_models/master_pos.stan,hindi/reps/econ_10_loc_10_glob_10_rep9.csv,0.6091965821
Econ+Glob,10,10,10,reps,hindi,Loc,FALSE,stan_models/master_model.stan,hindi/reps/econ_10_loc_10_glob_10_rep10.csv,0.7121370365
Econ+Loc,10,10,10,reps,hindi,Glob,FALSE,stan_models/master_model.stan,hindi/reps/econ_10_loc_10_glob_10_rep11.csv,0.9213825566
Glob+Loc,10,10,10,reps,hindi,Econ,FALSE,stan_models/master_model.stan,hindi/reps/econ_10_loc_10_glob_10_rep12.csv,0.5922948853
Econ,10,10,10,reps,hindi,Glob+Loc,FALSE,stan_models/master_model.stan,hindi/reps/econ_10_loc_10_glob_10_rep13.csv,0.694557869
Glob,10,10,10,reps,hindi,Econ+Loc,FALSE,stan_models/master_model.stan,hindi/reps/econ_10_loc_10_glob_10_rep14.csv,0.3569590974
Loc,10,10,10,reps,hindi,Econ+Glob,FALSE,stan_models/master_model.stan,hindi/reps/econ_10_loc_10_glob_10_rep15.csv,0.09308900326
,10,10,10,reps,hindi,Econ+Glob+Loc,FALSE,stan_models/master_neg.stan,hindi/reps/econ_10_loc_10_glob_10_rep16.csv,0.6713868005
Econ+Glob+Loc,10,10,10,reps,hindi,,TRUE,stan_models/master_pos.stan,hindi/reps/econ_10_loc_10_glob_10_rep17.csv,0.3878194924
Econ+Glob,10,10,10,reps,hindi,Loc,FALSE,stan_models/master_model.stan,hindi/reps/econ_10_loc_10_glob_10_rep18.csv,0.7448601964
Econ+Loc,10,10,10,reps,hindi,Glob,FALSE,stan_models/master_model.stan,hindi/reps/econ_10_loc_10_glob_10_rep19.csv,0.7786255107
Glob+Loc,10,10,10,reps,hindi,Econ,FALSE,stan_models/master_model.stan,hindi/reps/econ_10_loc_10_glob_10_rep20.csv,0.1032965632
Econ,10,10,10,reps,hindi,Glob+Loc,FALSE,stan_models/master_model.stan,hindi/reps/econ_10_loc_10_glob_10_rep21.csv,0.162978323
Glob,10,10,10,reps,hindi,Econ+Loc,FALSE,stan_models/master_model.stan,hindi/reps/econ_10_loc_10_glob_10_rep22.csv,0.7415065485
Loc,10,10,10,reps,hindi,Econ+Glob,FALSE,stan_models/master_model.stan,hindi/reps/econ_10_loc_10_glob_10_rep23.csv,0.7216724941
,10,10,10,reps,hindi,Econ+Glob+Loc,FALSE,stan_models/master_neg.stan,hindi/reps/econ_10_loc_10_glob_10_rep24.csv,0.6736649267
Econ+Glob+Loc,10,10,10,reps,hindi,,TRUE,stan_models/master_pos.stan,hindi/reps/econ_10_loc_10_glob_10_rep25.csv,0.1987607931
Econ+Glob,10,10,10,reps,hindi,Loc,FALSE,stan_models/master_model.stan,hindi/reps/econ_10_loc_10_glob_10_rep26.csv,0.2200650618
Econ+Loc,10,10,10,reps,hindi,Glob,FALSE,stan_models/master_model.stan,hindi/reps/econ_10_loc_10_glob_10_rep27.csv,0.8656898931
Glob+Loc,10,10,10,reps,hindi,Econ,FALSE,stan_models/master_model.stan,hindi/reps/econ_10_loc_10_glob_10_rep28.csv,0.8375312162
Econ,10,10,10,reps,hindi,Glob+Loc,FALSE,stan_models/master_model.stan,hindi/reps/econ_10_loc_10_glob_10_rep29.csv,0.7374154792
Glob,10,10,10,reps,hindi,Econ+Loc,FALSE,stan_models/master_model.stan,hindi/reps/econ_10_loc_10_glob_10_rep30.csv,0.3279996328
Loc,10,10,10,reps,hindi,Econ+Glob,FALSE,stan_models/master_model.stan,hindi/reps/econ_10_loc_10_glob_10_rep31.csv,0.8927446886
,10,10,10,reps,hindi,Econ+Glob+Loc,FALSE,stan_models/master_neg.stan,hindi/reps/econ_10_loc_10_glob_10_rep32.csv,0.501812503
Econ+Glob+Loc,10,10,10,reps,hindi,,TRUE,stan_models/master_pos.stan,hindi/reps/econ_10_loc_10_glob_10_rep33.csv,0.3627802936
Econ+Glob,10,10,10,reps,hindi,Loc,FALSE,stan_models/master_model.stan,hindi/reps/econ_10_loc_10_glob_10_rep34.csv,0.4592275816
Econ+Loc,10,10,10,reps,hindi,Glob,FALSE,stan_models/master_model.stan,hindi/reps/econ_10_loc_10_glob_10_rep35.csv,0.3854945694
Glob+Loc,10,10,10,reps,hindi,Econ,FALSE,stan_models/master_model.stan,hindi/reps/econ_10_loc_10_glob_10_rep36.csv,0.9447863623
Econ,10,10,10,reps,hindi,Glob+Loc,FALSE,stan_models/master_model.stan,hindi/reps/econ_10_loc_10_glob_10_rep37.csv,0.839751236
Glob,10,10,10,reps,hindi,Econ+Loc,FALSE,stan_models/master_model.stan,hindi/reps/econ_10_loc_10_glob_10_rep38.csv,0.588339238
Loc,10,10,10,reps,hindi,Econ+Glob,FALSE,stan_models/master_model.stan,hindi/reps/econ_10_loc_10_glob_10_rep39.csv,0.639709822
,10,10,10,reps,hindi,Econ+Glob+Loc,FALSE,stan_models/master_neg.stan,hindi/reps/econ_10_loc_10_glob_10_rep40.csv,0.9465871909
Econ+Glob+Loc,10,10,10,reps,hindi,,TRUE,stan_models/master_pos.stan,hindi/reps/econ_10_loc_10_glob_10_rep41.csv,0.7869722514
Econ+Glob,10,10,10,reps,hindi,Loc,FALSE,stan_models/master_model.stan,hindi/reps/econ_10_loc_10_glob_10_rep42.csv,0.3080597393
Econ+Loc,10,10,10,reps,hindi,Glob,FALSE,stan_models/master_model.stan,hindi/reps/econ_10_loc_10_glob_10_rep43.csv,0.7780468487
Glob+Loc,10,10,10,reps,hindi,Econ,FALSE,stan_models/master_model.stan,hindi/reps/econ_10_loc_10_glob_10_rep44.csv,0.09708252774
Econ,10,10,10,reps,hindi,Glob+Loc,FALSE,stan_models/master_model.stan,hindi/reps/econ_10_loc_10_glob_10_rep45.csv,0.5652543552
Glob,10,10,10,reps,hindi,Econ+Loc,FALSE,stan_models/master_model.stan,hindi/reps/econ_10_loc_10_glob_10_rep46.csv,0.3449885481
Loc,10,10,10,reps,hindi,Econ+Glob,FALSE,stan_models/master_model.stan,hindi/reps/econ_10_loc_10_glob_10_rep47.csv,0.1808011342
,10,10,10,reps,hindi,Econ+Glob+Loc,FALSE,stan_models/master_neg.stan,hindi/reps/econ_10_loc_10_glob_10_rep48.csv,0.06135760139
Econ+Glob+Loc,10,10,10,reps,hindi,,TRUE,stan_models/master_pos.stan,hindi/reps/econ_10_loc_10_glob_10_rep49.csv,0.2977575117
Econ+Glob,10,10,10,reps,hindi,Loc,FALSE,stan_models/master_model.stan,hindi/reps/econ_10_loc_10_glob_10_rep50.csv,0.2573790247
Econ+Loc,10,10,10,reps,hindi,Glob,FALSE,stan_models/master_model.stan,hindi/reps/econ_10_loc_10_glob_10_rep51.csv,0.5441666416
Glob+Loc,10,10,10,reps,hindi,Econ,FALSE,stan_models/master_model.stan,hindi/reps/econ_10_loc_10_glob_10_rep52.csv,0.1616048437
Econ,10,10,10,reps,hindi,Glob+Loc,FALSE,stan_models/master_model.stan,hindi/reps/econ_10_loc_10_glob_10_rep53.csv,0.8818617521
Glob,10,10,10,reps,hindi,Econ+Loc,FALSE,stan_models/master_model.stan,hindi/reps/econ_10_loc_10_glob_10_rep54.csv,0.1195864197
Loc,10,10,10,reps,hindi,Econ+Glob,FALSE,stan_models/master_model.stan,hindi/reps/econ_10_loc_10_glob_10_rep55.csv,0.9298047179
,10,10,10,reps,hindi,Econ+Glob+Loc,FALSE,stan_models/master_neg.stan,hindi/reps/econ_10_loc_10_glob_10_rep56.csv,0.02816123811
Econ+Glob+Loc,10,10,10,reps,hindi,,TRUE,stan_models/master_pos.stan,hindi/reps/econ_10_loc_10_glob_10_rep57.csv,0.05552245739
Econ+Glob,10,10,10,reps,hindi,Loc,FALSE,stan_models/master_model.stan,hindi/reps/econ_10_loc_10_glob_10_rep58.csv,0.0610336382
Econ+Loc,10,10,10,reps,hindi,Glob,FALSE,stan_models/master_model.stan,hindi/reps/econ_10_loc_10_glob_10_rep59.csv,0.773336346
Glob+Loc,10,10,10,reps,hindi,Econ,FALSE,stan_models/master_model.stan,hindi/reps/econ_10_loc_10_glob_10_rep60.csv,0.6928230252
Econ,10,10,10,reps,hindi,Glob+Loc,FALSE,stan_models/master_model.stan,hindi/reps/econ_10_loc_10_glob_10_rep61.csv,0.2807184738
Glob,10,10,10,reps,hindi,Econ+Loc,FALSE,stan_models/master_model.stan,hindi/reps/econ_10_loc_10_glob_10_rep62.csv,0.4061119311
Loc,10,10,10,reps,hindi,Econ+Glob,FALSE,stan_models/master_model.stan,hindi/reps/econ_10_loc_10_glob_10_rep63.csv,0.4122496005
,10,10,10,reps,hindi,Econ+Glob+Loc,FALSE,stan_models/master_neg.stan,hindi/reps/econ_10_loc_10_glob_10_rep64.csv,0.8885045624
Econ+Glob+Loc,10,10,10,reps,hindi,,TRUE,stan_models/master_pos.stan,hindi/reps/econ_10_loc_10_glob_10_rep65.csv,0.8606066961
Econ+Glob,10,10,10,reps,hindi,Loc,FALSE,stan_models/master_model.stan,hindi/reps/econ_10_loc_10_glob_10_rep66.csv,0.2132920272
Econ+Loc,10,10,10,reps,hindi,Glob,FALSE,stan_models/master_model.stan,hindi/reps/econ_10_loc_10_glob_10_rep67.csv,0.9352051009
Glob+Loc,10,10,10,reps,hindi,Econ,FALSE,stan_models/master_model.stan,hindi/reps/econ_10_loc_10_glob_10_rep68.csv,0.900351899
Econ,10,10,10,reps,hindi,Glob+Loc,FALSE,stan_models/master_model.stan,hindi/reps/econ_10_loc_10_glob_10_rep69.csv,0.7372146145
Glob,10,10,10,reps,hindi,Econ+Loc,FALSE,stan_models/master_model.stan,hindi/reps/econ_10_loc_10_glob_10_rep70.csv,0.8910310326
Loc,10,10,10,reps,hindi,Econ+Glob,FALSE,stan_models/master_model.stan,hindi/reps/econ_10_loc_10_glob_10_rep71.csv,0.2006662954
,10,10,10,reps,hindi,Econ+Glob+Loc,FALSE,stan_models/master_neg.stan,hindi/reps/econ_10_loc_10_glob_10_rep72.csv,0.7317988063
Econ+Glob+Loc,10,10,10,reps,hindi,,TRUE,stan_models/master_pos.stan,hindi/reps/econ_10_loc_10_glob_10_rep73.csv,0.4700039482
Econ+Glob,10,10,10,reps,hindi,Loc,FALSE,stan_models/master_model.stan,hindi/reps/econ_10_loc_10_glob_10_rep74.csv,0.5946096579
Econ+Loc,10,10,10,reps,hindi,Glob,FALSE,stan_models/master_model.stan,hindi/reps/econ_10_loc_10_glob_10_rep75.csv,0.3442306904
Glob+Loc,10,10,10,reps,hindi,Econ,FALSE,stan_models/master_model.stan,hindi/reps/econ_10_loc_10_glob_10_rep76.csv,0.3552679738
Econ,10,10,10,reps,hindi,Glob+Loc,FALSE,stan_models/master_model.stan,hindi/reps/econ_10_loc_10_glob_10_rep77.csv,0.8224783992
Glob,10,10,10,reps,hindi,Econ+Loc,FALSE,stan_models/master_model.stan,hindi/reps/econ_10_loc_10_glob_10_rep78.csv,0.3685387706
Loc,10,10,10,reps,hindi,Econ+Glob,FALSE,stan_models/master_model.stan,hindi/reps/econ_10_loc_10_glob_10_rep79.csv,0.6994626407
,10,10,10,reps,hindi,Econ+Glob+Loc,FALSE,stan_models/master_neg.stan,hindi/reps/econ_10_loc_10_glob_10_rep80.csv,0.1168315325
Econ+Glob+Loc,10,10,10,reps,hindi,,TRUE,stan_models/master_pos.stan,hindi/reps/econ_10_loc_10_glob_10_rep81.csv,0.2061816134
Econ+Glob,10,10,10,reps,hindi,Loc,FALSE,stan_models/master_model.stan,hindi/reps/econ_10_loc_10_glob_10_rep82.csv,0.2177305096
Econ+Loc,10,10,10,reps,hindi,Glob,FALSE,stan_models/master_model.stan,hindi/reps/econ_10_loc_10_glob_10_rep83.csv,0.4131026961
Glob+Loc,10,10,10,reps,hindi,Econ,FALSE,stan_models/master_model.stan,hindi/reps/econ_10_loc_10_glob_10_rep84.csv,0.2541302177
Econ,10,10,10,reps,hindi,Glob+Loc,FALSE,stan_models/master_model.stan,hindi/reps/econ_10_loc_10_glob_10_rep85.csv,0.8231928494
Glob,10,10,10,reps,hindi,Econ+Loc,FALSE,stan_models/master_model.stan,hindi/reps/econ_10_loc_10_glob_10_rep86.csv,0.2807952199
Loc,10,10,10,reps,hindi,Econ+Glob,FALSE,stan_models/master_model.stan,hindi/reps/econ_10_loc_10_glob_10_rep87.csv,0.9541225474
,10,10,10,reps,hindi,Econ+Glob+Loc,FALSE,stan_models/master_neg.stan,hindi/reps/econ_10_loc_10_glob_10_rep88.csv,0.7162866369
Econ+Glob+Loc,10,10,10,reps,hindi,,TRUE,stan_models/master_pos.stan,hindi/reps/econ_10_loc_10_glob_10_rep89.csv,0.4356468498
Econ+Glob,10,10,10,reps,hindi,Loc,FALSE,stan_models/master_model.stan,hindi/reps/econ_10_loc_10_glob_10_rep90.csv,0.6464526052
Econ+Loc,10,10,10,reps,hindi,Glob,FALSE,stan_models/master_model.stan,hindi/reps/econ_10_loc_10_glob_10_rep91.csv,0.3425670132
Glob+Loc,10,10,10,reps,hindi,Econ,FALSE,stan_models/master_model.stan,hindi/reps/econ_10_loc_10_glob_10_rep92.csv,0.936066521
Econ,10,10,10,reps,hindi,Glob+Loc,FALSE,stan_models/master_model.stan,hindi/reps/econ_10_loc_10_glob_10_rep93.csv,0.1825746281
Glob,10,10,10,reps,hindi,Econ+Loc,FALSE,stan_models/master_model.stan,hindi/reps/econ_10_loc_10_glob_10_rep94.csv,0.6483968071
Loc,10,10,10,reps,hindi,Econ+Glob,FALSE,stan_models/master_model.stan,hindi/reps/econ_10_loc_10_glob_10_rep95.csv,0.3358498475
,10,10,10,reps,hindi,Econ+Glob+Loc,FALSE,stan_models/master_neg.stan,hindi/reps/econ_10_loc_10_glob_10_rep96.csv,0.7031739075
Econ+Glob+Loc,10,10,10,reps,hindi,,TRUE,stan_models/master_pos.stan,hindi/reps/econ_10_loc_10_glob_10_rep97.csv,0.4020949568
Econ+Glob,10,10,10,reps,hindi,Loc,FALSE,stan_models/master_model.stan,hindi/reps/econ_10_loc_10_glob_10_rep98.csv,0.6383615053
Econ+Loc,10,10,10,reps,hindi,Glob,FALSE,stan_models/master_model.stan,hindi/reps/econ_10_loc_10_glob_10_rep99.csv,0.06309778003
Econ+Glob+Loc,10,10,10,reps,hindi,,FALSE,stan_models/master_pos.stan,hindi/reps/econ_1_loc_0_glob_-1_rep1.csv,0.4121427082
Econ+Glob,10,10,10,reps,hindi,Loc,FALSE,stan_models/master_model.stan,hindi/reps/econ_1_loc_0_glob_-1_rep2.csv,0.7863626993
Econ+Loc,10,10,10,reps,hindi,Glob,FALSE,stan_models/master_model.stan,hindi/reps/econ_1_loc_0_glob_-1_rep3.csv,0.9072765279
Glob+Loc,10,10,10,reps,hindi,Econ,FALSE,stan_models/master_model.stan,hindi/reps/econ_1_loc_0_glob_-1_rep4.csv,0.9984822225
Econ,10,10,10,reps,hindi,Glob+Loc,TRUE,stan_models/master_model.stan,hindi/reps/econ_1_loc_0_glob_-1_rep5.csv,0.4259295605
Glob,10,10,10,reps,hindi,Econ+Loc,FALSE,stan_models/master_model.stan,hindi/reps/econ_1_loc_0_glob_-1_rep6.csv,0.8774316459
Loc,10,10,10,reps,hindi,Econ+Glob,FALSE,stan_models/master_model.stan,hindi/reps/econ_1_loc_0_glob_-1_rep7.csv,0.9377332029
,10,10,10,reps,hindi,Econ+Glob+Loc,FALSE,stan_models/master_neg.stan,hindi/reps/econ_1_loc_0_glob_-1_rep8.csv,0.1150229001
Econ+Glob+Loc,10,10,10,reps,hindi,,FALSE,stan_models/master_pos.stan,hindi/reps/econ_1_loc_0_glob_-1_rep9.csv,0.2036187859
Econ+Glob,10,10,10,reps,hindi,Loc,FALSE,stan_models/master_model.stan,hindi/reps/econ_1_loc_0_glob_-1_rep10.csv,0.2193090102
Econ+Loc,10,10,10,reps,hindi,Glob,FALSE,stan_models/master_model.stan,hindi/reps/econ_1_loc_0_glob_-1_rep11.csv,0.4532559655
Glob+Loc,10,10,10,reps,hindi,Econ,FALSE,stan_models/master_model.stan,hindi/reps/econ_1_loc_0_glob_-1_rep12.csv,0.6880876668
Econ,10,10,10,reps,hindi,Glob+Loc,TRUE,stan_models/master_model.stan,hindi/reps/econ_1_loc_0_glob_-1_rep13.csv,0.532133083
Glob,10,10,10,reps,hindi,Econ+Loc,FALSE,stan_models/master_model.stan,hindi/reps/econ_1_loc_0_glob_-1_rep14.csv,0.7014861526
Loc,10,10,10,reps,hindi,Econ+Glob,FALSE,stan_models/master_model.stan,hindi/reps/econ_1_loc_0_glob_-1_rep15.csv,0.3718017595
,10,10,10,reps,hindi,Econ+Glob+Loc,FALSE,stan_models/master_neg.stan,hindi/reps/econ_1_loc_0_glob_-1_rep16.csv,0.7633895039
Econ+Glob+Loc,10,10,10,reps,hindi,,FALSE,stan_models/master_pos.stan,hindi/reps/econ_1_loc_0_glob_-1_rep17.csv,0.2744774104
Econ+Glob,10,10,10,reps,hindi,Loc,FALSE,stan_models/master_model.stan,hindi/reps/econ_1_loc_0_glob_-1_rep18.csv,0.5819515269
Econ+Loc,10,10,10,reps,hindi,Glob,FALSE,stan_models/master_model.stan,hindi/reps/econ_1_loc_0_glob_-1_rep19.csv,0.9680470275
Glob+Loc,10,10,10,reps,hindi,Econ,FALSE,stan_models/master_model.stan,hindi/reps/econ_1_loc_0_glob_-1_rep20.csv,0.8457885639
Econ,10,10,10,reps,hindi,Glob+Loc,TRUE,stan_models/master_model.stan,hindi/reps/econ_1_loc_0_glob_-1_rep21.csv,0.9013298689
Glob,10,10,10,reps,hindi,Econ+Loc,FALSE,stan_models/master_model.stan,hindi/reps/econ_1_loc_0_glob_-1_rep22.csv,0.9328511698
Loc,10,10,10,reps,hindi,Econ+Glob,FALSE,stan_models/master_model.stan,hindi/reps/econ_1_loc_0_glob_-1_rep23.csv,0.5920186681
,10,10,10,reps,hindi,Econ+Glob+Loc,FALSE,stan_models/master_neg.stan,hindi/reps/econ_1_loc_0_glob_-1_rep24.csv,0.3813163729
Econ+Glob+Loc,10,10,10,reps,hindi,,FALSE,stan_models/master_pos.stan,hindi/reps/econ_1_loc_0_glob_-1_rep25.csv,0.7025275965
Econ+Glob,10,10,10,reps,hindi,Loc,FALSE,stan_models/master_model.stan,hindi/reps/econ_1_loc_0_glob_-1_rep26.csv,0.1227817837
Econ+Loc,10,10,10,reps,hindi,Glob,FALSE,stan_models/master_model.stan,hindi/reps/econ_1_loc_0_glob_-1_rep27.csv,0.7398653706
Glob+Loc,10,10,10,reps,hindi,Econ,FALSE,stan_models/master_model.stan,hindi/reps/econ_1_loc_0_glob_-1_rep28.csv,0.2114667599
Econ,10,10,10,reps,hindi,Glob+Loc,TRUE,stan_models/master_model.stan,hindi/reps/econ_1_loc_0_glob_-1_rep29.csv,0.3262504601
Glob,10,10,10,reps,hindi,Econ+Loc,FALSE,stan_models/master_model.stan,hindi/reps/econ_1_loc_0_glob_-1_rep30.csv,0.9909489035
Loc,10,10,10,reps,hindi,Econ+Glob,FALSE,stan_models/master_model.stan,hindi/reps/econ_1_loc_0_glob_-1_rep31.csv,0.1903596445
,10,10,10,reps,hindi,Econ+Glob+Loc,FALSE,stan_models/master_neg.stan,hindi/reps/econ_1_loc_0_glob_-1_rep32.csv,0.8704049476
Econ+Glob+Loc,10,10,10,reps,hindi,,FALSE,stan_models/master_pos.stan,hindi/reps/econ_1_loc_0_glob_-1_rep33.csv,0.8453708448
Econ+Glob,10,10,10,reps,hindi,Loc,FALSE,stan_models/master_model.stan,hindi/reps/econ_1_loc_0_glob_-1_rep34.csv,0.7713720296
Econ+Loc,10,10,10,reps,hindi,Glob,FALSE,stan_models/master_model.stan,hindi/reps/econ_1_loc_0_glob_-1_rep35.csv,0.04230734842
Glob+Loc,10,10,10,reps,hindi,Econ,FALSE,stan_models/master_model.stan,hindi/reps/econ_1_loc_0_glob_-1_rep36.csv,0.1473420101
Econ,10,10,10,reps,hindi,Glob+Loc,TRUE,stan_models/master_model.stan,hindi/reps/econ_1_loc_0_glob_-1_rep37.csv,0.8908738472
Glob,10,10,10,reps,hindi,Econ+Loc,FALSE,stan_models/master_model.stan,hindi/reps/econ_1_loc_0_glob_-1_rep38.csv,0.02791705124
Loc,10,10,10,reps,hindi,Econ+Glob,FALSE,stan_models/master_model.stan,hindi/reps/econ_1_loc_0_glob_-1_rep39.csv,0.8346608794
,10,10,10,reps,hindi,Econ+Glob+Loc,FALSE,stan_models/master_neg.stan,hindi/reps/econ_1_loc_0_glob_-1_rep40.csv,0.5391385307
Econ+Glob+Loc,10,10,10,reps,hindi,,FALSE,stan_models/master_pos.stan,hindi/reps/econ_1_loc_0_glob_-1_rep41.csv,0.6943562858
Econ+Glob,10,10,10,reps,hindi,Loc,FALSE,stan_models/master_model.stan,hindi/reps/econ_1_loc_0_glob_-1_rep42.csv,0.7987757691
Econ+Loc,10,10,10,reps,hindi,Glob,FALSE,stan_models/master_model.stan,hindi/reps/econ_1_loc_0_glob_-1_rep43.csv,0.7858255137
Glob+Loc,10,10,10,reps,hindi,Econ,FALSE,stan_models/master_model.stan,hindi/reps/econ_1_loc_0_glob_-1_rep44.csv,0.7859969524
Econ,10,10,10,reps,hindi,Glob+Loc,TRUE,stan_models/master_model.stan,hindi/reps/econ_1_loc_0_glob_-1_rep45.csv,0.4349337195
Glob,10,10,10,reps,hindi,Econ+Loc,FALSE,stan_models/master_model.stan,hindi/reps/econ_1_loc_0_glob_-1_rep46.csv,0.6009354118
Loc,10,10,10,reps,hindi,Econ+Glob,FALSE,stan_models/master_model.stan,hindi/reps/econ_1_loc_0_glob_-1_rep47.csv,0.1819658045
,10,10,10,reps,hindi,Econ+Glob+Loc,FALSE,stan_models/master_neg.stan,hindi/reps/econ_1_loc_0_glob_-1_rep48.csv,0.3536141714
Econ+Glob+Loc,10,10,10,reps,hindi,,FALSE,stan_models/master_pos.stan,hindi/reps/econ_1_loc_0_glob_-1_rep49.csv,0.7496471555
Econ+Glob,10,10,10,reps,hindi,Loc,FALSE,stan_models/master_model.stan,hindi/reps/econ_1_loc_0_glob_-1_rep50.csv,0.9893597352
Econ+Loc,10,10,10,reps,hindi,Glob,FALSE,stan_models/master_model.stan,hindi/reps/econ_1_loc_0_glob_-1_rep51.csv,0.3691141519
Glob+Loc,10,10,10,reps,hindi,Econ,FALSE,stan_models/master_model.stan,hindi/reps/econ_1_loc_0_glob_-1_rep52.csv,0.2209764898
Econ,10,10,10,reps,hindi,Glob+Loc,TRUE,stan_models/master_model.stan,hindi/reps/econ_1_loc_0_glob_-1_rep53.csv,0.4718389405
Glob,10,10,10,reps,hindi,Econ+Loc,FALSE,stan_models/master_model.stan,hindi/reps/econ_1_loc_0_glob_-1_rep54.csv,0.5476362892
Loc,10,10,10,reps,hindi,Econ+Glob,FALSE,stan_models/master_model.stan,hindi/reps/econ_1_loc_0_glob_-1_rep55.csv,0.3810778364
,10,10,10,reps,hindi,Econ+Glob+Loc,FALSE,stan_models/master_neg.stan,hindi/reps/econ_1_loc_0_glob_-1_rep56.csv,0.8983031675
Econ+Glob+Loc,10,10,10,reps,hindi,,FALSE,stan_models/master_pos.stan,hindi/reps/econ_1_loc_0_glob_-1_rep57.csv,0.07529683095
Econ+Glob,10,10,10,reps,hindi,Loc,FALSE,stan_models/master_model.stan,hindi/reps/econ_1_loc_0_glob_-1_rep58.csv,0.9380644744
Econ+Loc,10,10,10,reps,hindi,Glob,FALSE,stan_models/master_model.stan,hindi/reps/econ_1_loc_0_glob_-1_rep59.csv,0.6006368525
Glob+Loc,10,10,10,reps,hindi,Econ,FALSE,stan_models/master_model.stan,hindi/reps/econ_1_loc_0_glob_-1_rep60.csv,0.9411773812
Econ,10,10,10,reps,hindi,Glob+Loc,TRUE,stan_models/master_model.stan,hindi/reps/econ_1_loc_0_glob_-1_rep61.csv,0.569146627
Glob,10,10,10,reps,hindi,Econ+Loc,FALSE,stan_models/master_model.stan,hindi/reps/econ_1_loc_0_glob_-1_rep62.csv,0.2865129557
Loc,10,10,10,reps,hindi,Econ+Glob,FALSE,stan_models/master_model.stan,hindi/reps/econ_1_loc_0_glob_-1_rep63.csv,0.3294707795
,10,10,10,reps,hindi,Econ+Glob+Loc,FALSE,stan_models/master_neg.stan,hindi/reps/econ_1_loc_0_glob_-1_rep64.csv,0.1592305393
Econ+Glob+Loc,10,10,10,reps,hindi,,FALSE,stan_models/master_pos.stan,hindi/reps/econ_1_loc_0_glob_-1_rep65.csv,0.1363397525
Econ+Glob,10,10,10,reps,hindi,Loc,FALSE,stan_models/master_model.stan,hindi/reps/econ_1_loc_0_glob_-1_rep66.csv,0.5235747523
Econ+Loc,10,10,10,reps,hindi,Glob,FALSE,stan_models/master_model.stan,hindi/reps/econ_1_loc_0_glob_-1_rep67.csv,0.1834275608
Glob+Loc,10,10,10,reps,hindi,Econ,FALSE,stan_models/master_model.stan,hindi/reps/econ_1_loc_0_glob_-1_rep68.csv,0.7983570845
Econ,10,10,10,reps,hindi,Glob+Loc,TRUE,stan_models/master_model.stan,hindi/reps/econ_1_loc_0_glob_-1_rep69.csv,0.7864488137
Glob,10,10,10,reps,hindi,Econ+Loc,FALSE,stan_models/master_model.stan,hindi/reps/econ_1_loc_0_glob_-1_rep70.csv,0.08534950103
Loc,10,10,10,reps,hindi,Econ+Glob,FALSE,stan_models/master_model.stan,hindi/reps/econ_1_loc_0_glob_-1_rep71.csv,0.3039854876
,10,10,10,reps,hindi,Econ+Glob+Loc,FALSE,stan_models/master_neg.stan,hindi/reps/econ_1_loc_0_glob_-1_rep72.csv,0.2288819711
Econ+Glob+Loc,10,10,10,reps,hindi,,FALSE,stan_models/master_pos.stan,hindi/reps/econ_1_loc_0_glob_-1_rep73.csv,0.1853123225
Econ+Glob,10,10,10,reps,hindi,Loc,FALSE,stan_models/master_model.stan,hindi/reps/econ_1_loc_0_glob_-1_rep74.csv,0.9343794507
Econ+Loc,10,10,10,reps,hindi,Glob,FALSE,stan_models/master_model.stan,hindi/reps/econ_1_loc_0_glob_-1_rep75.csv,0.7470162036
Glob+Loc,10,10,10,reps,hindi,Econ,FALSE,stan_models/master_model.stan,hindi/reps/econ_1_loc_0_glob_-1_rep76.csv,0.671492121
Econ,10,10,10,reps,hindi,Glob+Loc,TRUE,stan_models/master_model.stan,hindi/reps/econ_1_loc_0_glob_-1_rep77.csv,0.308319028
Glob,10,10,10,reps,hindi,Econ+Loc,FALSE,stan_models/master_model.stan,hindi/reps/econ_1_loc_0_glob_-1_rep78.csv,0.995223565
Loc,10,10,10,reps,hindi,Econ+Glob,FALSE,stan_models/master_model.stan,hindi/reps/econ_1_loc_0_glob_-1_rep79.csv,0.0112389643
,10,10,10,reps,hindi,Econ+Glob+Loc,FALSE,stan_models/master_neg.stan,hindi/reps/econ_1_loc_0_glob_-1_rep80.csv,0.6662648753
Econ+Glob+Loc,10,10,10,reps,hindi,,FALSE,stan_models/master_pos.stan,hindi/reps/econ_1_loc_0_glob_-1_rep81.csv,0.2316274178
Econ+Glob,10,10,10,reps,hindi,Loc,FALSE,stan_models/master_model.stan,hindi/reps/econ_1_loc_0_glob_-1_rep82.csv,0.4118463964
Econ+Loc,10,10,10,reps,hindi,Glob,FALSE,stan_models/master_model.stan,hindi/reps/econ_1_loc_0_glob_-1_rep83.csv,0.327869888
Glob+Loc,10,10,10,reps,hindi,Econ,FALSE,stan_models/master_model.stan,hindi/reps/econ_1_loc_0_glob_-1_rep84.csv,0.4330201533
Econ,10,10,10,reps,hindi,Glob+Loc,TRUE,stan_models/master_model.stan,hindi/reps/econ_1_loc_0_glob_-1_rep85.csv,0.8913249517
Glob,10,10,10,reps,hindi,Econ+Loc,FALSE,stan_models/master_model.stan,hindi/reps/econ_1_loc_0_glob_-1_rep86.csv,0.3935490047
Loc,10,10,10,reps,hindi,Econ+Glob,FALSE,stan_models/master_model.stan,hindi/reps/econ_1_loc_0_glob_-1_rep87.csv,0.4847267355
,10,10,10,reps,hindi,Econ+Glob+Loc,FALSE,stan_models/master_neg.stan,hindi/reps/econ_1_loc_0_glob_-1_rep88.csv,0.3397813971
Econ+Glob+Loc,10,10,10,reps,hindi,,FALSE,stan_models/master_pos.stan,hindi/reps/econ_1_loc_0_glob_-1_rep89.csv,0.408814956
Econ+Glob,10,10,10,reps,hindi,Loc,FALSE,stan_models/master_model.stan,hindi/reps/econ_1_loc_0_glob_-1_rep90.csv,0.008140789258
Econ+Loc,10,10,10,reps,hindi,Glob,FALSE,stan_models/master_model.stan,hindi/reps/econ_1_loc_0_glob_-1_rep91.csv,0.4711400866
Glob+Loc,10,10,10,reps,hindi,Econ,FALSE,stan_models/master_model.stan,hindi/reps/econ_1_loc_0_glob_-1_rep92.csv,0.1042639798
Econ,10,10,10,reps,hindi,Glob+Loc,TRUE,stan_models/master_model.stan,hindi/reps/econ_1_loc_0_glob_-1_rep93.csv,0.7489091159
Glob,10,10,10,reps,hindi,Econ+Loc,FALSE,stan_models/master_model.stan,hindi/reps/econ_1_loc_0_glob_-1_rep94.csv,0.8080200932
Loc,10,10,10,reps,hindi,Econ+Glob,FALSE,stan_models/master_model.stan,hindi/reps/econ_1_loc_0_glob_-1_rep95.csv,0.7971547974
,10,10,10,reps,hindi,Econ+Glob+Loc,FALSE,stan_models/master_neg.stan,hindi/reps/econ_1_loc_0_glob_-1_rep96.csv,0.2460795557
Econ+Glob+Loc,10,10,10,reps,hindi,,FALSE,stan_models/master_pos.stan,hindi/reps/econ_1_loc_0_glob_-1_rep97.csv,0.5877599385
Econ+Glob,10,10,10,reps,hindi,Loc,FALSE,stan_models/master_model.stan,hindi/reps/econ_1_loc_0_glob_-1_rep98.csv,0.6525332393
Econ+Loc,10,10,10,reps,hindi,Glob,FALSE,stan_models/master_model.stan,hindi/reps/econ_1_loc_0_glob_-1_rep99.csv,0.7540798957
Glob+Loc,10,10,10,reps,hindi,Econ,FALSE,stan_models/master_model.stan,hindi/reps/econ_1_loc_0_glob_-1_rep100.csv,0.1602572974